Date,Time,Pressure Main,Pressure Autocalve 1,Pressure Autocalve 2,Pressure Autocalve 3,Pressure Autocalve 4,Pressure Autocalve 5,Pressure Autocalve 6,Pressure Autocalve 7,Pressure Autocalve 8,Temperature Autocalve 1,Temperature Autocalve 2,Temperature Autocalve 3,Temperature Autocalve 4,Temperature Autocalve 5,Temperature Autocalve 6,Temperature Autocalve 7,Temperature Autocalve 8,Vacuum pump,% Valve Live,% Valve Overflow,% Valve Waste,Main Meter steam flow,Main Meter steam ton
1/8/2026,00:00:14,12.81829,5.02257,12.03704,12.2066,12.32176,12.19155,3.364005,-0.4386574,0.2164352,153.5373,186.4149,188.9648,185.9592,185.6011,139.7461,75.69444,161.2847,1,21.44191,-1.182726,99.74682,5.020522,8670.692
1/8/2026,00:01:14,13.05158,5.024305,12.03125,12.20428,12.31597,12.18981,3.530093,-0.4965278,0.2002314,153.3746,186.4692,188.9757,185.9809,185.536,140.7769,75.97656,160.9375,1,21.44564,-1.182726,99.74682,5.085349,8670.777
1/8/2026,00:02:14,12.94849,5.024305,12.02894,12.21644,12.32639,12.19271,3.694445,-0.5289352,0.1863426,153.418,186.5126,188.9974,186.0134,185.6337,142.4371,75.59679,160.6011,1,21.04615,-1.182726,99.74682,4.8729,8670.859
1/8/2026,00:03:14,12.98286,5.025463,12.02257,12.20949,12.32292,12.19097,3.858796,-0.5746528,0.1747686,153.2986,186.3064,189.1167,186.0243,185.612,143.7825,75.19531,160.2973,1,21.04615,-1.186343,99.74682,4.898569,8670.941
1/8/2026,00:04:14,12.83637,5.024884,12.02026,12.20081,12.31308,12.18634,4.043982,-0.5943287,0.1608796,153.3746,186.2847,188.9757,186.046,185.5903,145.1063,74.70703,159.9609,1,22.23716,-1.182726,99.74682,5.2016,8671.024
1/8/2026,00:05:14,12.9078,5.023727,12.01447,12.19849,12.30613,12.18345,4.233796,-0.6145834,0.1510416,153.2661,186.48,189.0517,185.9592,185.5903,146.7882,74.71788,159.6354,1,22.23716,-1.186343,99.74682,5.250731,8671.111
1/8/2026,00:06:14,12.35171,5.021412,12.00868,12.1956,12.30382,12.17882,4.457176,-0.6267361,0.1394676,153.2335,186.3607,189.0408,186.0243,185.5794,148.3615,74.04514,159.2882,1,26.5905,-1.182726,99.74682,6.544416,8671.202
1/8/2026,00:07:14,12.50904,5.020255,12.00579,12.19097,12.29803,12.17651,4.730903,-0.6440972,0.1296296,153.3637,186.3281,188.9323,186.0134,185.4709,150.0434,74.31641,158.9627,1,26.5905,-1.186343,99.74682,6.739228,8671.313
1/8/2026,00:08:14,12.21698,5.017361,11.99711,12.17245,12.28414,12.1684,5.034143,-0.6556713,0.1221064,153.2878,186.2305,188.9974,185.9049,185.3516,151.6602,74.06684,158.6372,1,31.2052,-1.186343,99.74682,7.592175,8671.428
1/8/2026,00:09:14,12.06416,5.01331,11.99132,12.16782,12.27894,12.16435,5.394676,-0.662037,0.1145834,153.1793,186.3281,188.8997,185.8941,185.3407,153.5807,73.99088,158.3333,1,31.2052,-1.186343,99.74682,8.053868,8671.561
1/8/2026,00:10:14,12.24953,5.013889,11.98785,12.16493,12.27546,12.15972,5.775463,-0.677662,0.1087962,153.1901,186.2413,189.0408,185.9158,185.319,155.74,74.00173,158.0404,1,31.2052,-1.186343,99.7432,8.145005,8671.695
1/8/2026,00:11:14,11.6654,5.011574,11.98785,12.18576,12.29745,12.16667,6.232639,-0.6892361,0.1024306,153.2661,186.2413,189.1385,185.9809,185.536,158.2357,74.03429,157.7257,1,36.21939,-1.186343,99.7432,9.223247,8671.847
1/8/2026,00:12:14,11.87699,5.007523,11.98032,12.18113,12.29051,12.16377,6.70081,-0.6869213,0.1001158,153.4614,186.2522,189.0408,186.0134,185.536,160.4384,73.49175,157.4653,1,36.21939,-1.18996,99.74682,9.248493,8672
1/8/2026,00:13:14,11.41945,5.000579,11.96933,12.1522,12.26215,12.14873,7.226274,-0.6869213,0.1001158,153.1467,186.1762,189.0191,185.9809,185.2648,162.3372,73.81728,157.1615,1,41.76001,-1.18996,99.75043,9.950173,8672.163
1/8/2026,00:14:14,11.62833,4.998843,11.96412,12.14352,12.25984,12.14526,7.760417,-0.6857639,9.780097E-02,153.0382,186.1654,189.0517,185.9049,185.2431,164.7027,73.55686,156.9336,1,41.75627,-1.18996,99.74682,9.820576,8672.327
1/8/2026,00:15:14,12.50543,4.993055,11.9566,12.1412,12.25463,12.14063,8.23206,-0.6857639,0.0949074,153.125,186.0894,188.9323,185.9267,185.2214,167.1007,72.89497,156.6623,1,32.91891,-1.186343,99.75043,8.072129,8672.478
1/8/2026,00:16:14,12.36979,4.987847,11.95255,12.14178,12.24884,12.13715,8.662616,-0.6909722,9.201384E-02,153.0708,186.1979,189.0082,185.8941,185.2105,169.4227,72.22222,156.3694,1,32.91517,-1.186343,99.74682,7.632679,8672.608
1/8/2026,00:17:14,11.67716,4.985532,11.94618,12.13021,12.2419,12.13021,9.135417,-0.697338,8.912039E-02,153.0599,186.1762,189.1059,185.8615,185.1671,171.2891,71.66884,156.0981,1,43.2049,-1.18996,99.75043,8.798485,8672.74
1/8/2026,00:18:14,12.00087,4.980324,11.9375,12.12789,12.23727,12.12789,9.658565,-0.6950232,8.738422E-02,152.908,186.1111,189.0517,185.8833,185.1671,173.4375,71.69054,155.8268,1,43.20863,-1.186343,99.75043,8.783768,8672.887
1/8/2026,00:19:14,12.10938,4.974537,11.93287,12.12384,12.23322,12.12326,10.17188,-0.6927084,8.449078E-02,152.9188,186.0786,188.9866,185.8507,185.1454,175.5425,71.35416,155.5664,1,43.20863,-1.18996,99.75043,8.236616,8673.029
1/8/2026,00:20:14,12.21426,4.971643,11.92708,12.11806,12.22974,12.12211,10.65567,-0.6984954,8.275461E-02,152.8103,186.1003,188.9866,185.8615,185.102,177.5282,71.15885,155.2626,1,43.20863,-1.18996,99.75043,7.643006,8673.162
1/8/2026,00:21:14,12.26942,4.965857,11.92014,12.11632,12.22627,12.11921,11.09606,-0.697338,0.078125,152.8429,186.1111,189.0082,185.8615,185.0803,179.5898,71.148,155.013,1,43.20863,-1.18996,99.75043,6.973532,8673.284
1/8/2026,00:22:14,12.3707,4.961805,11.91435,12.11343,12.22164,12.11458,11.49769,-0.7019676,7.638884E-02,152.8646,185.9918,188.9974,185.8833,185.0586,181.25,71.31077,154.72,1,43.2049,-1.18996,99.75043,6.382502,8673.396
1/8/2026,00:23:14,12.45841,4.957176,11.90914,12.11053,12.21875,12.11227,11.85359,-0.7037037,7.465279E-02,152.7235,186.0134,188.9866,185.8833,185.0152,182.7583,71.58203,154.4813,1,43.2049,-1.18996,99.75043,5.75714,8673.496
1/8/2026,00:24:14,12.78935,4.95081,11.90394,12.12905,12.2338,12.11921,12.12095,-0.7065972,7.233799E-02,152.9948,186.1328,189.1276,186.0677,185.3516,184.5052,71.78819,154.2209,1,33.57228,-1.186343,99.75043,4.556695,8673.577
1/8/2026,00:25:14,12.75228,4.94618,11.89815,12.12616,12.23148,12.11574,12.34838,-0.7065972,7.060182E-02,152.7995,186.0243,189.1167,185.9809,185.3299,185.4492,72.43924,153.9388,1,33.57228,-1.18996,99.75405,3.974513,8673.649
1/8/2026,00:26:14,13.25051,4.942708,11.89063,12.11748,12.22338,12.11227,12.45428,-0.7025463,6.886578E-02,152.7344,186.0026,188.9866,185.9918,185.2105,186.2847,73.31815,153.6892,0,20.2509,-1.18996,99.75405,2.459944,8673.699
1/8/2026,00:27:14,12.99461,4.936921,11.8831,12.11516,12.22685,12.11458,12.52951,-0.6712963,6.828701E-02,152.8429,185.9809,188.9431,185.9918,185.1888,186.8381,72.49349,153.4288,0,20.2509,-1.18996,99.76128,2.124228,8673.737
1/8/2026,00:28:14,13.39247,4.875579,11.81424,12.14236,12.23206,12.07986,12.46933,-0.6498842,6.712961E-02,153.3203,186.8707,189.7027,186.6102,186.1871,188.151,76.97483,153.2009,0,6.806302,8.141638,99.76128,0,8673.756
1/8/2026,00:29:14,13.15285,4.75,11.80845,12.15567,12.24537,12.08333,12.42824,-0.582176,6.712961E-02,153.0708,186.8273,189.7786,186.6862,186.2956,188.3898,83.71311,152.9514,0,6.802568,13.46933,99.76128,0,8673.756
1/8/2026,00:30:14,13.12753,4.586805,11.79919,12.13889,12.22743,12.07465,12.39063,-0.5248842,6.192124E-02,152.3546,186.8381,189.7895,186.7079,186.2847,188.3029,88.61762,152.7778,0,6.802568,15.88542,99.76128,0,8673.756
1/8/2026,00:31:14,13.2053,4.40162,11.80208,12.21296,12.29977,12.10359,12.37789,-0.4913194,6.307876E-02,151.7578,186.8923,189.9197,186.8056,186.4909,188.3681,91.99219,153.1033,0,6.802568,21.56033,99.7649,0,8673.756
1/8/2026,00:32:14,13.14381,4.19618,11.77951,12.12731,12.21528,12.05671,12.3287,-0.4519676,0.0625,150.8029,186.8815,189.9414,186.8598,186.4149,188.1402,93.64149,150.2604,0,6.802568,21.27821,0.1265914,0,8673.756
1/8/2026,00:33:14,13.1845,3.99537,11.77836,12.14931,12.23495,12.06019,12.31424,-0.4224537,6.076384E-02,149.6636,186.9683,189.9523,186.8273,186.3498,188.1185,94.4987,149.6202,0,6.802568,26.78313,0.1338252,0,8673.756
1/8/2026,00:34:14,13.17455,3.793403,11.7662,12.12558,12.21296,12.05324,12.29514,-0.3894676,0.0625,148.3832,187.0226,189.9631,186.8381,186.4041,187.9557,95.76823,149.8047,0,6.802568,32.7691,0.1265914,0,8673.756
1/8/2026,00:35:14,13.2487,3.603009,11.75405,12.04572,12.13368,12.02546,12.26794,-0.3292824,0.0613426,146.7665,186.6211,189.7027,186.5777,185.9592,187.2504,97.02691,149.9566,0,-3.22954,37.91233,0.141059,0,8673.756
1/8/2026,00:36:14,13.25593,3.423032,11.74595,12.0897,12.17188,12.04745,12.15856,-0.2789352,6.192124E-02,145.4644,186.5994,189.6484,186.5777,185.9592,187.0877,97.97092,149.5551,0,-3.233274,45.61632,0.141059,0,8673.756
1/8/2026,00:37:14,13.19897,3.25463,11.73553,12.06713,12.1522,12.04282,12.06134,-0.2309028,0.0613426,144.0972,186.6536,189.7135,186.5885,185.9918,186.8056,99.73959,149.4032,0,-3.233274,50.52445,0.1338252,0,8673.756
1/8/2026,00:38:14,13.23604,3.096065,11.73669,12.16667,12.24595,12.08391,12.00174,-0.2094907,6.307876E-02,142.6866,186.5234,189.8329,186.5885,186.0352,186.6536,100.5751,149.1971,0,-3.237007,56.84679,0.1446759,0,8673.756
1/8/2026,00:39:14,13.22067,2.945023,11.72049,12.07234,12.15394,12.04919,11.92998,-0.1516204,6.192124E-02,141.5039,186.6319,189.974,186.7622,186.0569,186.263,102.0942,148.8173,0,-3.237007,61.53067,0.141059,0,8673.756
1/8/2026,00:40:14,13.19625,2.805556,11.71528,12.09896,12.18287,12.0625,11.90046,-0.1059028,6.076384E-02,140.115,186.6102,189.898,186.7079,186.1762,186.0026,103.1033,148.3615,0,-3.237007,65.62138,0.1374421,0,8673.756
1/8/2026,00:41:14,13.19716,2.672454,11.70833,12.08681,12.17651,12.05903,11.88426,-6.828701E-02,6.018519E-02,138.8455,186.4909,189.7895,186.6428,186.1654,186.0134,104.2969,147.819,0,-3.240741,65.61415,0.1338252,0,8673.756
1/8/2026,00:42:14,13.19987,2.548611,11.69907,12.0787,12.17361,12.04977,11.87269,-3.703701E-02,6.192124E-02,137.5,186.4909,189.7027,186.6319,186.0786,185.8941,105.2517,147.1897,0,-3.240741,65.61053,0.1302083,0,8673.756
1/8/2026,00:43:14,13.24056,2.428819,11.69444,12.0706,12.16377,12.04456,11.86516,1.388884E-02,6.192124E-02,136.4366,186.5017,189.6701,186.6319,186.0243,185.7205,106.2174,146.8858,0,-3.244474,65.61053,0.1302083,0,8673.756
1/8/2026,00:44:14,13.21162,2.320602,11.68461,12.04745,12.14063,12.02778,11.85243,4.456019E-02,0.0625,135.2431,186.5017,189.5942,186.6645,186.0134,185.612,107.1506,147.0378,0,-3.240741,65.61053,0.1229745,0,8673.756
1/8/2026,00:45:14,13.22067,2.212963,11.67651,12.02373,12.11979,12.01505,11.84491,8.506942E-02,0.0613426,134.0495,186.5343,189.6376,186.6645,185.97,185.5794,108.3876,147.0269,0,-3.244474,65.60692,0.1374421,0,8673.756
1/8/2026,00:46:14,13.23966,2.115162,11.67072,12.01505,12.11227,12.00694,11.8397,0.1255788,0.0625,133.0078,186.5668,189.5725,186.6428,185.9375,185.5794,109.2448,146.8208,0,-3.240741,65.60329,0.1338252,0,8673.756
1/8/2026,00:47:14,13.21434,2.021412,11.66435,12.00926,12.10359,12.00116,11.83507,0.1637732,6.192124E-02,131.76,186.556,189.6159,186.6102,185.8941,185.4926,110.536,146.5061,0,-3.240741,65.60329,0.1338252,0,8673.756
1/8/2026,00:48:14,13.21162,1.934028,11.65625,12.00347,12.09549,11.99595,11.8316,0.2019676,6.192124E-02,130.7075,186.4366,189.5182,186.6211,185.9483,185.5035,110.7639,145.8659,0,-3.244474,65.60329,0.1374421,0,8673.756
1/8/2026,00:49:14,13.20801,1.850694,11.64757,12,12.09375,11.98901,11.8287,0.2366898,0.0636574,129.5573,186.5451,189.6159,186.5885,185.8724,185.3841,112.0877,145.5512,0,-3.244474,65.60329,0.1338252,0,8673.756
1/8/2026,00:50:14,13.23513,1.771991,11.6412,11.99306,12.08912,11.9838,11.82465,0.2650462,0.0613426,128.6024,186.4366,189.5182,186.5777,185.8398,185.3733,112.5,145.0412,0,-3.244474,65.60329,0.1338252,0,8673.756
1/8/2026,00:51:14,13.21705,1.697338,11.63484,11.9919,12.08449,11.97917,11.82234,0.2945602,6.192124E-02,127.6693,186.3173,189.5074,186.5668,185.7964,185.4709,113.2595,144.8785,0,-3.244474,65.59968,0.1338252,0,8673.756
1/8/2026,00:52:14,13.21795,1.629051,11.62789,11.98438,12.07639,11.97743,11.8206,0.3425926,0.0625,126.8446,186.4149,189.6159,186.5885,185.7639,185.3841,114.1059,144.5421,0,-3.244474,65.59968,0.1302083,0,8673.756
1/8/2026,00:53:14,13.23423,1.566551,11.62211,11.9838,12.0706,11.97164,11.81829,0.3668982,6.307876E-02,125.9115,186.4149,189.5074,186.5126,185.7422,185.2648,114.5399,143.8042,0,-3.248208,65.59606,0.141059,0,8673.756
1/8/2026,00:54:14,13.23333,1.506944,11.61516,11.98206,12.06829,11.96875,11.81481,0.3998842,0.0625,125.1736,186.556,189.4857,186.5017,185.7313,185.395,115.2778,143.0773,0,-3.244474,65.59606,0.141059,0,8673.756
1/8/2026,00:55:14,13.20801,1.457176,11.60995,11.97974,12.06539,11.96701,11.8125,0.4230324,6.307876E-02,124.2839,186.4041,189.4965,186.4909,185.6879,185.3082,115.6358,142.4696,0,-3.244474,65.59968,0.1374421,0,8673.756
1/8/2026,00:56:14,13.227,1.400463,11.60243,11.97743,12.0625,11.96412,11.80845,0.449074,6.307876E-02,123.6003,186.3281,189.4097,186.4583,185.7096,185.3841,116.2652,141.0699,0,-3.248208,65.59606,0.1338252,0,8673.756
1/8/2026,00:57:14,13.21253,1.349537,11.59433,11.9728,12.05903,11.96123,11.80729,0.480324,6.307876E-02,122.7322,186.4366,189.4097,186.4475,185.6771,185.2756,116.8294,139.8221,0,-3.251941,65.59606,0.1302083,0,8673.756
1/8/2026,00:58:14,13.25051,1.317708,11.6412,11.97454,12.0706,11.98438,11.8559,0.5260416,6.192124E-02,121.6146,185.6554,188.8563,185.8941,184.7222,183.9952,115.4948,138.9323,0,-3.248208,45.97439,0.1374421,0,8673.756
1/8/2026,00:59:14,13.22338,1.263889,11.59664,11.95486,12.05093,11.9728,11.8478,0.5295138,0.0625,121.1372,185.8724,189.0951,186.1003,184.9284,184.1146,116.1133,137.6845,0,-3.248208,-1.106771,0.1374421,0,8673.756
1/8/2026,01:00:14,13.24779,1.146991,11.3669,11.85474,11.94097,11.90683,11.77778,0.5694444,0.0636574,120.6163,186.0786,189.388,186.5234,185.4926,184.8307,117.2852,129.5573,0,-3.248208,8.951822,18.63788,0,8673.756
1/8/2026,01:01:14,13.25231,1.041088,10.9809,11.86169,11.94329,11.89699,11.76505,0.6626158,6.307876E-02,119.7049,185.6988,189.7461,186.773,185.8181,185.2756,119.401,125.3038,0,-3.248208,13.95399,52.72714,0,8673.756
1/8/2026,01:02:14,13.22519,0.9398148,10.62731,11.98438,12.06366,11.95197,11.79572,0.730324,0.0625,118.2834,184.2014,189.5725,186.5994,185.8398,185.5469,120.638,128.7652,0,3.405018,12.22873,52.91884,0,8673.756
1/8/2026,01:03:14,12.61031,0.8524306,10.33738,11.89178,11.99884,11.93345,12.00289,0.8125,6.307876E-02,116.7969,183.138,189.5399,186.6753,185.7856,185.4275,121.8641,130.2843,0,31.7279,11.5162,70.0557,3.504834,8673.803
1/8/2026,01:04:14,12.94126,0.7673612,10.01157,11.90741,12.03935,11.96759,12.21065,0.8871528,6.307876E-02,115.2995,181.6949,189.5833,186.7188,185.8615,185.9918,123.1662,131.4345,0,31.72416,11.81641,87.23958,3.632111,8673.861
1/8/2026,01:05:14,12.93584,0.6903936,9.815972,11.97685,12.14873,12.04109,12.4213,0.9346064,6.307876E-02,113.52,180.3928,189.1819,186.4475,185.6879,186.4258,122.9709,132.5955,0,31.72416,9.436487,99.73597,3.340991,8673.921
1/8/2026,01:06:14,12.98286,0.6238426,9.546875,11.88021,12.09606,12.03819,12.55613,1.01331,6.192124E-02,111.7296,179.0256,188.8346,186.2305,185.2539,186.339,123.0469,133.214,0,31.7279,11.02069,99.73958,3.132119,8673.975
1/8/2026,01:07:14,13.02355,0.5590278,9.339699,11.98322,12.23438,12.12269,12.7228,1.05787,6.307876E-02,110.8398,178.4722,189.1493,186.5343,186.1437,187.576,124.7287,133.4418,0,31.7279,10.85431,99.7432,2.960315,8674.025
1/8/2026,01:08:14,13.06333,0.5017362,9.047454,12.03241,12.31829,12.17535,12.85532,1.136574,6.192124E-02,109.6029,177.6042,189.247,186.7622,186.5017,188.4115,125.9549,132.8559,0,31.7279,13.5923,99.74682,2.797076,8674.072
1/8/2026,01:09:14,13.08955,0.4537038,8.784722,11.97974,12.30324,12.19387,12.94792,1.225694,0.0625,108.355,176.3238,189.0082,186.8381,186.5343,188.4874,127.1376,132.6497,0,31.7279,12.88701,99.74682,2.640514,8674.117
1/8/2026,01:10:14,13.68182,0.4050926,8.464699,12.00058,12.36516,12.23958,12.92824,1.324653,6.076384E-02,107.3785,175.0868,189.171,187.1636,186.8056,189.1385,128.4614,132.6063,0,-3.222073,16.25434,99.75043,0,8674.142
1/8/2026,01:11:14,13.5281,0.3680556,8.144097,11.93345,12.33044,12.23611,12.81366,1.435764,6.192124E-02,106.0547,173.7088,189.0625,187.1311,186.6536,188.5851,129.7635,132.3785,0,-3.22954,13.98655,99.75043,0,8674.142
1/8/2026,01:12:14,13.29662,0.3287038,7.880208,11.9647,12.39583,12.27662,12.73901,1.531829,0.0613426,105.1107,172.5043,189.0408,187.2938,186.9358,188.4874,130.8268,131.9879,0,-3.237007,15.9035,99.75043,0,8674.142
1/8/2026,01:13:14,13.40151,0.296875,7.592592,11.96123,12.42245,12.29051,12.66493,1.630787,6.192124E-02,104.1667,171.2131,189.1276,187.3481,186.9792,188.3789,132.2591,131.5755,0,-3.240741,15.89265,99.75043,0,8674.142
1/8/2026,01:14:14,13.36353,0.2662038,7.34375,11.92188,12.41146,12.28762,12.59375,1.730324,6.076384E-02,103.2444,170.0846,189.03,187.3806,186.8707,187.6628,133.7999,131.2283,0,-3.244474,16.1386,99.75405,0,8674.142
1/8/2026,01:15:14,13.42593,0.2366898,7.064815,11.96875,12.4838,12.31713,12.55093,1.833912,6.307876E-02,102.4306,168.9887,189.03,187.6085,187.0226,187.9015,134.5161,130.7834,0,-3.244474,16.61241,99.75405,0,8674.142
1/8/2026,01:16:14,13.34907,0.2123842,6.82581,11.98206,12.52026,12.33218,12.50694,1.923611,0.0613426,101.6927,168.0556,189.0517,187.6411,187.0877,187.6736,135.6228,130.2951,0,-3.248208,16.95602,99.75405,0,8674.142
1/8/2026,01:17:14,13.36625,0.1903936,6.532986,11.96181,12.51968,12.33276,12.45891,2.050926,6.076384E-02,100.9223,167.0247,188.9648,187.7387,187.0226,187.5325,136.7079,129.8286,0,-3.244474,19.39742,99.75405,0,8674.142
1/8/2026,01:18:14,13.37529,0.1689814,6.269097,11.9919,12.56539,12.35127,12.42882,2.150463,0.0625,100.3364,166.1024,189.0191,187.7387,187.1202,187.4349,138.0534,129.2209,0,-3.244474,19.12616,99.75043,0,8674.142
1/8/2026,01:19:14,13.3771,0.1550926,5.957176,11.9728,12.56134,12.35417,12.39178,2.30787,9.722221E-02,99.60938,165.5599,188.9974,187.7604,187.0443,187.2613,139.4965,127.691,0,-3.248208,24.11024,99.75043,0,8674.142
1/8/2026,01:20:14,13.35901,0.1377314,5.667245,11.99363,12.60012,12.36401,12.36516,2.440972,0.1041666,99.1862,164.898,189.0517,187.9015,187.1962,187.1528,140.7335,124.6202,1,-3.248208,23.71239,99.75043,0,8674.142
1/8/2026,01:21:14,13.4205,0.1423612,5.461227,11.8588,12.46759,12.36111,12.36111,2.587963,3.182876E-02,98.37239,164.0191,188.8672,187.5217,186.339,185.5577,140.8203,122.2331,1,-3.248208,11.22685,99.74682,0,8674.142
1/8/2026,01:22:14,12.20703,0.129051,5.479167,11.93634,12.55787,12.40394,12.36921,2.616898,-4.398149E-02,97.7322,163.2596,188.3681,187.2396,186.2088,185.6771,141.0482,119.5638,1,20.51225,-0.6691262,99.74682,4.349177,8674.159
1/8/2026,01:23:14,12.87164,0.120949,5.482639,11.92824,12.55787,12.41146,12.35185,2.748842,-0.1059028,97.40668,163.8129,188.2487,187.283,186.2847,185.536,142.2309,116.7535,1,20.51598,-0.6655093,99.7432,4.847488,8674.237
1/8/2026,01:24:14,12.96115,0.1122686,5.485532,11.92245,12.55787,12.41724,12.3397,2.881944,-0.166088,96.875,164.605,188.3572,187.3047,186.3064,185.4818,143.0881,114.5182,1,20.51598,-0.6691262,99.7432,4.79744,8674.317
1/8/2026,01:25:14,12.83728,0.1059028,5.482639,11.92014,12.55208,12.41956,12.32928,3.018518,-0.2164352,96.69054,165.1367,188.3898,187.2179,186.263,185.3841,144.3902,112.7062,1,20.51971,-0.6618924,99.73958,4.789772,8674.397
1/8/2026,01:26:14,12.88791,0.1024306,5.482639,11.91204,12.54514,12.42188,12.31944,3.163773,-0.2604167,96.35416,165.4405,188.3464,187.207,186.3173,185.2539,145.7682,111.4909,1,20.51598,-0.6618924,99.73958,4.809224,8674.478
1/8/2026,01:27:14,12.43128,0.1030092,5.480903,11.90336,12.53588,12.41956,12.31134,3.361111,-0.3003472,96.21311,165.5925,188.3355,187.1745,186.2413,185.2105,146.7882,110.6554,1,25,-0.6655093,99.73958,6.241739,8674.576
1/8/2026,01:28:14,12.59313,9.953701E-02,5.478009,11.88252,12.51794,12.41377,12.30035,3.561921,-0.3362269,95.96354,165.7986,188.1727,187.0443,186.0677,184.8633,147.9926,110.0152,1,25.00373,-0.6655093,99.73958,6.305251,8674.682
1/8/2026,01:29:14,11.97917,9.664357E-02,5.473958,11.90278,12.53819,12.42188,12.30093,3.813657,-0.3668981,96.05035,165.8963,188.3138,187.2396,186.4149,185.3733,150.6619,109.6137,1,29.48402,-0.6655093,99.73958,7.700478,8674.802
1/8/2026,01:30:14,12.18714,0.09375,5.470486,11.89757,12.53356,12.41898,12.29398,4.079282,-0.3940972,95.80078,165.8854,188.3355,187.207,186.4149,185.3841,152.9405,109.1363,1,29.48775,-0.6618924,99.73958,7.832806,8674.931
1/8/2026,01:31:14,11.46647,9.027779E-02,5.46875,11.89583,12.53472,12.4213,12.29167,4.412037,-0.4189815,95.81164,165.7878,188.3355,187.2179,186.4366,185.4167,154.7417,108.7348,1,34.50194,-0.6618924,99.73958,9.062491,8675.072
1/8/2026,01:32:14,11.48636,8.854163E-02,5.465857,11.89352,12.53183,12.42014,12.28704,4.76331,-0.4409722,95.71397,165.7986,188.3247,187.2287,186.4475,185.3516,157.0855,108.3442,1,34.50194,-0.6582755,99.73958,9.024941,8675.223
1/8/2026,01:33:14,10.93931,8.506942E-02,5.459491,11.85474,12.49769,12.39988,12.27315,5.158565,-0.4612269,95.49696,165.5056,188.151,187.0117,186.0894,184.7439,158.5829,108.0404,1,39.25105,-0.6618924,99.73958,9.925396,8675.378
1/8/2026,01:34:14,10.93298,8.391201E-02,5.454282,11.84954,12.4919,12.39815,12.2691,5.579861,-0.474537,95.39931,165.3971,188.2378,187.0009,186.0677,184.7873,161.6102,107.8234,1,39.25105,-0.6655093,99.73958,9.754591,8675.541
1/8/2026,01:35:14,10.28555,8.101857E-02,5.451389,11.85764,12.50116,12.40104,12.2662,6.02662,-0.490162,95.3559,165.3537,188.2921,187.0768,186.2739,184.9501,163.4983,107.6063,1,48.62231,-0.6618924,99.73958,10.7799,8675.706
1/8/2026,01:36:14,10.26024,0.0769676,5.445023,11.85301,12.49306,12.39468,12.26099,6.52662,-0.5017361,95.20399,165.2452,188.1619,187.0551,186.1545,184.885,166.7752,107.3025,1,48.61858,-0.6655093,99.73958,10.40722,8675.883
1/8/2026,01:37:14,10.32896,7.523143E-02,5.434028,11.82639,12.46759,12.37789,12.24595,7.019676,-0.5109954,93.30512,165.115,188.2704,187.1202,186.3064,185.0586,171.224,107.0964,1,52.31481,-0.6618924,99.73958,10.39952,8676.056
1/8/2026,01:38:14,10.46459,0.0769676,5.428241,11.82407,12.46528,12.36921,12.23727,7.538774,-0.5202546,91.03733,164.898,188.2487,187.1528,186.2739,185.0694,171.224,106.8902,1,52.31108,-0.6582755,99.73958,10.24239,8676.228
1/8/2026,01:39:14,10.75304,7.581019E-02,5.422454,11.82002,12.46181,12.36921,12.23553,8.058449,-0.527199,89.24696,164.6918,188.2378,187.1094,186.2088,185.102,172.4935,106.7166,1,52.31481,-0.6582755,99.73958,10.02487,8676.396
1/8/2026,01:40:14,11.04782,7.523143E-02,5.418403,11.81134,12.45197,12.36169,12.2309,8.57581,-0.5341435,87.19618,164.6376,188.2487,187.1311,186.2413,185.0152,177.5933,106.4345,1,52.31108,-0.6618924,99.73958,9.799804,8676.562
1/8/2026,01:41:14,11.36339,7.407403E-02,5.414352,11.80787,12.44907,12.3559,12.22627,9.094908,-0.5358796,84.55946,164.3772,188.1185,187.0443,186.2305,184.9718,179.9262,106.2825,1,52.31481,-0.6618924,99.73958,9.642527,8676.724
1/8/2026,01:42:14,12.15549,7.407403E-02,5.408565,11.80613,12.45023,12.35417,12.22222,9.594908,-0.5393518,82.59549,164.3772,188.3247,187.1636,186.3498,185.1996,183.0187,106.0981,1,41.36051,-0.6582755,99.73958,8.547443,8676.878
1/8/2026,01:43:14,12.26671,7.349539E-02,5.40162,11.80266,12.44444,12.34954,12.21991,10.04861,-0.5457176,81.04384,164.2361,188.3247,187.1745,186.3173,185.1454,184.9935,105.6424,1,41.36425,-0.6618924,99.73958,8.054061,8677.019
1/8/2026,01:44:14,12.36979,7.523143E-02,5.39757,11.7963,12.43981,12.34375,12.2147,10.47512,-0.5486111,79.7092,163.9865,188.3572,187.0877,186.2956,185.1996,186.6536,105.0456,1,41.36051,-0.6582755,99.73958,7.568277,8677.147
1/8/2026,01:45:14,12.50633,7.638884E-02,5.390625,11.79282,12.4375,12.34028,12.21123,10.875,-0.5491898,78.54818,163.9106,188.227,187.1419,186.3173,185.1237,187.3047,104.4488,1,41.36051,-0.6582755,99.73958,7.113407,8677.271
1/8/2026,01:46:14,12.6284,7.465279E-02,5.385995,11.78588,12.43171,12.33623,12.20718,11.25637,-0.5520834,77.60416,163.6936,188.2378,187.0877,186.3064,185.178,189.3989,103.8737,1,41.36051,-0.6582755,99.73958,6.616315,8677.385
1/8/2026,01:47:14,12.77669,7.465279E-02,5.379051,11.7772,12.42766,12.3316,12.20197,11.60764,-0.5543982,76.77951,163.5308,188.2487,187.0985,186.263,185.0911,190.7769,103.1359,1,41.36051,-0.6582755,99.73958,6.141938,8677.49
1/8/2026,01:48:14,13.25141,7.523143E-02,5.373843,11.77951,12.42882,12.32813,12.19849,11.89815,-0.5555556,76.07422,163.3898,188.1402,187.1202,186.2739,185.2539,191.6124,102.4957,1,27.90472,-0.6618924,99.7432,4.335838,8677.586
1/8/2026,01:49:14,13.19987,7.523143E-02,5.368634,11.77431,12.42593,12.32465,12.19444,12.08276,-0.5590278,75.11936,163.3029,188.2596,187.0551,186.2413,185.1345,192.9145,101.8229,1,27.90472,-0.6582755,99.7432,3.818039,8677.655
1/8/2026,01:50:14,12.85174,7.407403E-02,5.36169,11.75926,12.4103,12.32002,12.18808,12.14815,-0.5439815,74.2947,162.9774,188.1836,186.9683,186.0352,184.885,192.5456,101.4323,0,27.50523,-0.6582755,99.74682,2.921107,8677.693
1/8/2026,01:51:14,13.25955,7.407403E-02,5.355324,11.75231,12.40683,12.31481,12.18519,12.30729,-0.5069444,73.55686,162.9666,188.0751,186.9466,186.0243,184.7982,192.806,102.615,0,27.50896,-0.6582755,99.75043,3.45929,8677.747
1/8/2026,01:52:14,13.22338,7.638884E-02,5.297454,11.68229,12.32234,12.25694,12.14873,12.47974,-0.4375,73.25304,163.3463,188.7478,187.4566,186.3824,184.8307,194.184,103.6458,0,27.50896,9.530526,4.079861,3.120701,8677.803
1/8/2026,01:53:14,13.8482,6.307876E-02,5.123264,11.66435,12.3044,12.22512,12.0978,12.50984,-0.3292824,72.77561,163.4766,189.0951,187.8364,187.2179,186.1003,196.0069,103.9605,0,-3.225806,13.90697,0.141059,0,8677.84
1/8/2026,01:54:14,13.28668,0.0613426,4.939236,11.75116,12.40046,12.2772,12.14178,12.3912,-0.2164352,72.04861,162.8255,188.8563,187.7387,187.283,186.3064,195.9093,104.6767,0,-3.233274,18.56915,0.1302083,0,8677.84
1/8/2026,01:55:14,13.37619,5.902779E-02,4.770255,11.75984,12.43113,12.29167,12.15914,12.29224,-0.1238426,71.21311,162.3047,188.9431,187.7387,187.2938,186.5017,195.3884,105.6749,0,-3.240741,18.38469,0.1302083,0,8677.84
1/8/2026,01:56:14,13.45486,6.307876E-02,4.578125,11.67824,12.35822,12.26794,12.15914,12.22338,-3.703701E-02,70.59462,161.6536,188.8563,187.8689,187.3589,186.3498,195.4102,106.3585,0,-3.244474,23.64005,0.1338252,0,8677.84
1/8/2026,01:57:14,13.39247,6.423616E-02,4.38368,11.64815,12.33796,12.25984,12.15914,12.15799,3.819442E-02,69.81337,160.9267,188.8889,187.9015,187.3481,186.2305,195.0955,106.7383,0,-3.248208,28.67477,0.1338252,0,8677.84
1/8/2026,01:58:14,13.40603,6.307876E-02,4.197338,11.67361,12.37731,12.27778,12.17245,12.09549,0.1006944,69.33594,160.2322,188.8672,187.934,187.4132,186.4258,195.0629,104.5247,0,-3.251941,34.64627,0.1302083,0,8677.84
1/8/2026,01:59:14,13.40784,0.0613426,4.028357,11.55382,12.26563,12.2147,12.18634,12.05324,0.1539352,68.25087,158.9301,187.9774,187.2938,187.4132,183.7999,189.1927,104.503,0,-3.251941,40.87457,0.1374421,0,8677.84
1/8/2026,02:00:14,13.42502,0.0636574,3.856482,11.63426,12.35764,12.27431,12.17014,12.00116,0.2037038,68.21832,159.0495,188.878,187.9449,187.3806,186.1762,194.26,105.089,0,-3.251941,47.01606,0.1302083,0,8677.84
1/8/2026,02:01:14,13.39156,5.960643E-02,3.698495,11.70949,12.44618,12.31019,12.18287,11.9537,0.2488426,67.74089,158.355,188.6719,187.9449,187.4783,186.5126,194.6072,105.816,0,-3.251941,52.35099,0.1265914,0,8677.84
1/8/2026,02:02:14,13.40151,0.0625,3.550926,11.68692,12.43866,12.30613,12.1794,11.92419,0.2916666,67.2309,157.8342,188.7153,188.01,187.5,186.3932,194.0755,106.5104,0,-3.251941,58.67332,0.1265914,0,8677.84
1/8/2026,02:03:14,13.43859,0.0613426,3.407407,11.68229,12.43924,12.30556,12.17535,11.89468,0.3344908,66.90538,157.3242,188.5959,187.9666,187.4783,186.4041,194.3359,107.3134,0,-3.251941,62.82191,0.1229745,0,8677.84
1/8/2026,02:04:14,13.43497,5.902779E-02,3.270255,11.73495,12.50405,12.33218,12.18171,11.86401,0.3738426,66.3303,156.6949,188.6393,187.9232,187.4566,186.3824,194.5746,108.1814,0,-3.251941,65.89989,0.1265914,0,8677.84
1/8/2026,02:05:14,13.38252,5.729163E-02,3.142361,11.73032,12.50174,12.32928,12.1794,11.84606,0.4137732,66.03733,156.0547,188.5417,187.9123,187.5,186.5234,194.0864,109.0712,0,-3.255675,65.89265,0.1302083,0,8677.84
1/8/2026,02:06:14,13.38072,5.902779E-02,3.021412,11.72396,12.49884,12.32813,12.17535,11.82986,0.453125,65.51649,155.5013,188.5308,187.8798,187.4892,186.4909,193.6523,109.9935,0,-3.251941,65.88903,0.1265914,0,8677.84
1/8/2026,02:07:14,13.41055,5.787039E-02,2.903935,11.71933,12.49537,12.32349,12.17419,11.81597,0.494213,65.20182,155.0998,188.5091,187.8798,187.4675,186.5126,193.7175,110.6988,0,-3.251941,65.88903,0.1265914,0,8677.84
1/8/2026,02:08:14,13.41779,5.902779E-02,2.79456,11.71238,12.48843,12.32002,12.17188,11.80729,0.5318288,64.73524,154.4596,188.4657,187.8472,187.4458,186.5126,193.6198,111.4149,0,-3.255675,65.88542,0.1338252,0,8677.84
1/8/2026,02:09:14,13.39428,5.844903E-02,2.688658,11.7066,12.48495,12.31713,12.16782,11.80093,0.5694444,64.34462,154.0365,188.4006,187.8798,187.424,186.3498,193.6957,112.1202,0,-3.255675,65.88542,0.1229745,0,8677.84
1/8/2026,02:10:14,13.41417,5.787039E-02,2.591435,11.70313,12.48148,12.31655,12.16493,11.79572,0.605324,64.00825,153.4939,188.4006,187.8472,187.3915,186.3824,193.457,112.8364,0,-3.251941,65.8818,0.1229745,0,8677.84
1/8/2026,02:11:14,13.42412,6.018519E-02,2.499421,11.63715,12.41204,12.28762,12.1522,11.79919,0.6412038,63.78038,152.9948,188.6393,187.9015,187.4458,186.2956,193.5764,113.5308,0,-3.255675,65.87818,0.1302083,0,8677.84
1/8/2026,02:12:14,13.3988,6.076384E-02,2.408565,11.63021,12.40914,12.28472,12.14931,11.79688,0.6747686,63.47656,152.5608,188.5091,187.8689,187.4458,186.1762,194.3468,114.2361,0,-3.255675,65.87818,0.1302083,0,8677.84
1/8/2026,02:13:14,13.37348,7.465279E-02,2.344908,11.60012,12.38021,12.29514,12.18866,11.81366,0.708912,62.83637,151.3997,187.9774,187.3372,186.4583,184.809,192.4479,114.8763,0,-3.255675,57.72208,0.1338252,0,8677.84
1/8/2026,02:14:14,13.47837,0.0769676,2.310764,11.41262,12.33391,12.2581,12.17766,11.82581,0.740162,63.19445,151.8338,188.444,187.9774,187.0334,184.9935,192.7517,115.4405,0,-3.255675,0.213397,0.1121238,0,8677.84
1/8/2026,02:15:14,13.39247,6.539357E-02,2.127893,11.17014,12.29051,12.22569,12.11574,11.80903,0.78125,62.61936,151.3889,187.717,187.9123,187.3047,185.8398,193.5113,115.918,0,-3.255675,9.42202,45.26186,0,8677.84
1/8/2026,02:16:14,13.4196,0.0636574,1.907408,11.01273,12.34722,12.25174,12.12789,11.7963,0.828125,62.18533,150.2821,186.5994,187.8798,187.3155,186.0786,193.6957,116.6775,0,-3.255675,7.96441,45.24378,0,8677.84
1/8/2026,02:17:14,13.463,0.0636574,1.700232,10.82928,12.32986,12.23958,12.12269,11.79745,0.863426,61.89236,148.9041,186.1111,187.8364,187.3372,185.9483,193.9887,117.3286,0,-3.255675,7.714844,79.47048,0,8677.84
1/8/2026,02:18:14,13.3997,6.192124E-02,1.505208,10.66146,12.34375,12.24306,12.12326,11.7963,0.9033564,61.55599,147.7214,185.2105,187.8472,187.3047,186.0569,193.7717,117.9796,0,-3.259408,7.523149,79.47048,0,8677.84
1/8/2026,02:19:14,13.41598,6.539357E-02,1.333912,10.45255,12.26794,12.20602,12.10417,11.80556,0.9375,61.34983,146.7014,185.0477,187.9883,187.3372,185.9483,193.5764,118.5438,0,-3.255675,7.071036,96.8316,0,8677.84
1/8/2026,02:20:14,13.43678,0.0625,1.183449,10.30208,12.35706,12.25058,12.12616,11.79456,0.9918982,60.56858,145.3017,183.4527,187.3806,186.8381,185.5035,192.73,119.3034,0,-3.255675,8.007813,99.73958,0,8677.84
1/8/2026,02:21:14,13.43045,6.192124E-02,1.049768,10.15046,12.35243,12.24711,12.12384,11.79745,1.025463,60.35156,144.5529,182.6931,187.4023,186.849,185.4709,192.9037,119.9761,0,-3.259408,6.893807,99.7432,0,8677.84
1/8/2026,02:22:14,13.37438,0.0613426,0.9305556,9.974537,12.38657,12.25926,12.12789,11.78993,1.08044,60.1237,143.8802,182.1398,187.4892,187.0226,185.6988,193.099,120.7031,0,-3.255675,7.902923,99.74682,0,8677.84
1/8/2026,02:23:14,13.41508,6.192124E-02,0.8269676,9.802083,12.38715,12.26157,12.12731,11.79109,1.123264,59.80903,143.3268,181.4019,187.4675,186.9683,185.5903,193.4679,121.4084,0,-3.259408,7.902923,99.75043,0,8677.84
1/8/2026,02:24:14,13.41236,0.0613426,0.7349538,9.574074,12.38484,12.25868,12.12674,11.78762,1.190393,59.61371,142.8277,180.5556,187.4023,186.9466,185.6988,192.806,122.2873,0,-3.259408,9.335214,99.75043,0,8677.84
1/8/2026,02:25:14,13.41146,6.076384E-02,0.6533564,9.374421,12.3669,12.2419,12.12095,11.79167,1.243634,59.13628,142.0464,179.6441,187.4566,186.849,185.612,193.0447,123.1445,0,-3.259408,9.053096,99.75043,0,8677.84
1/8/2026,02:26:14,13.38072,6.192124E-02,0.582176,9.127893,12.34838,12.23901,12.11574,11.79109,1.315393,58.77821,141.1892,178.6784,187.3264,186.7622,185.4058,192.6215,124.0126,0,-3.255675,11.31366,99.75405,0,8677.84
1/8/2026,02:27:14,13.39066,5.960643E-02,0.5167824,8.898726,12.3669,12.23901,12.11863,11.79167,1.384259,58.5612,140.7227,177.5716,187.4023,186.8164,185.4058,192.9688,125.0434,0,-3.259408,10.88686,99.75405,0,8677.84
1/8/2026,02:28:14,13.41146,5.902779E-02,0.457176,8.715857,12.43808,12.26678,12.13021,11.78183,1.454283,58.47439,140.332,176.9097,187.5542,187.0985,186.0243,193.4136,125.9657,0,-3.259408,12.23597,99.75405,0,8677.84
1/8/2026,02:29:14,13.4196,5.902779E-02,0.40625,8.480903,12.44907,12.27604,12.13484,11.78241,1.532986,57.95356,139.6918,175.51,187.2721,186.8598,185.7096,192.6324,127.0291,0,-3.259408,12.22873,99.75405,0,8677.84
1/8/2026,02:30:14,13.43406,2.314806E-03,0.3524306,8.224537,12.42014,12.22222,12.10822,11.73032,1.605903,58.07292,139.7244,174.9241,187.7387,187.4023,186.2196,192.3828,127.9731,1,-3.259408,13.17274,99.75043,0,8677.84
1/8/2026,02:31:14,13.36806,-0.1082176,0.3096064,7.97338,12.41724,12.22049,12.10417,11.72512,1.690393,57.8342,139.4748,173.8715,187.7713,187.3806,186.339,192.6107,128.9822,1,-3.259408,13.17274,99.75043,0,8677.84
1/8/2026,02:32:14,13.39337,-0.2002315,0.2777778,7.728588,12.35995,12.19849,12.09722,11.73901,1.769097,57.41103,139.0299,172.6671,187.6519,187.1311,186.0026,192.5456,130.0022,1,-3.259408,14.21079,99.74682,0,8677.84
1/8/2026,02:33:14,13.39337,-0.2789352,0.240162,7.496528,12.41551,12.21644,12.10648,11.72106,1.86169,57.17231,138.8238,171.6254,187.7713,187.3372,186.3607,192.3286,131.0764,1,-3.259408,14.32653,99.7432,0,8677.84
1/8/2026,02:34:14,13.43497,-0.3402778,0.2152778,7.239583,12.28819,12.17303,12.07813,11.75174,1.940393,56.55382,138.1727,170.3342,187.3698,186.7404,185.5794,191.6341,132.0638,1,-3.259408,13.7406,99.7432,0,8677.84
1/8/2026,02:35:14,13.38162,-0.3981481,0.1822916,7.017361,12.41319,12.21817,12.10474,11.72164,2.040509,56.58637,138.1076,169.5096,187.717,187.3806,186.3281,192.6324,133.138,1,-3.259408,17.36473,99.74682,0,8677.84
1/8/2026,02:36:14,13.38343,-0.4398148,0.1608796,6.778357,12.36921,12.20602,12.10012,11.72685,2.135417,56.23915,137.6302,168.3702,187.6628,187.3047,186.2305,192.5673,134.2339,1,-3.259408,18.31236,99.7432,0,8677.84
1/8/2026,02:37:14,13.36806,-0.4797454,0.1539352,6.510995,12.37095,12.14583,12.09606,11.72917,2.242477,55.90278,136.4475,166.5039,187.6302,185.7856,186.0243,187.4458,135.395,1,-3.259408,23.50984,99.7432,0,8677.84
1/8/2026,02:38:14,13.36715,-0.5075232,0.1221064,6.26331,12.43576,12.21759,12.10474,11.70891,2.354167,55.69662,136.7188,166.135,187.7387,187.4023,186.5017,192.6649,136.5668,1,-3.263142,25.2134,99.7432,0,8677.84
1/8/2026,02:39:14,13.29753,-0.5248842,0.1116898,6.016204,12.37963,12.20255,12.09664,11.7228,2.459491,55.46875,136.3064,165.1584,187.6302,187.2504,186.2522,192.6649,137.6953,1,-3.259408,29.20645,99.7432,0,8677.84
1/8/2026,02:40:14,13.21162,-0.5462963,9.780097E-02,5.787616,12.38194,12.19792,12.09375,11.71933,2.559607,55.21918,135.8507,164.3229,187.5977,187.2504,186.1111,192.5456,138.8129,1,-3.263142,37.05512,99.7432,0,8677.84
1/8/2026,02:41:14,13.17094,-0.5648148,8.449078E-02,5.577546,12.42998,12.21181,12.09838,11.70544,2.657408,55.00217,135.7096,163.737,187.6736,187.3915,186.4583,192.7083,139.8329,1,-3.263142,42.02112,99.7432,0,8677.84
1/8/2026,02:42:14,13.10493,-0.5653935,0.09375,5.389468,12.16088,12.12269,12.07465,11.77836,2.748264,54.41623,134.9175,162.5,187.0009,185.8073,183.4961,187.0551,140.7661,1,-3.259408,48.00709,99.7432,0,8677.84
1/8/2026,02:43:14,13.23604,-0.5850694,6.828701E-02,5.189815,12.4456,12.21123,12.09896,11.69792,2.837384,54.52474,135.0911,162.3698,187.6953,187.424,186.556,193.4787,141.6558,1,-3.263142,54.09433,99.7432,0,8677.84
1/8/2026,02:44:14,13.21705,-0.5711806,9.027779E-02,5.087384,12.28356,12.2037,12.13079,11.76042,2.914352,53.78689,133.724,161.3715,186.7838,185.8615,184.158,190.7009,142.4696,1,-3.263142,32.2555,99.7432,0,8677.84
1/8/2026,02:45:14,12.30378,-0.5792824,9.201384E-02,5.09838,12.2934,12.21759,12.13599,11.75347,2.94213,53.54818,133.1923,161.1762,186.6211,185.6771,184.1146,189.8112,142.7951,1,16.30078,-0.7342303,99.7432,3.312702,8677.854
1/8/2026,02:46:14,12.74685,-0.578125,8.912039E-02,5.099537,12.29051,12.21296,12.13252,11.75,3.028935,53.45052,132.8017,161.3173,186.6428,185.7205,184.1797,190.8637,143.5113,1,16.30078,-0.7342303,99.7432,3.386514,8677.909
1/8/2026,02:47:14,12.93855,-0.582176,8.622682E-02,5.099537,12.29977,12.21412,12.13426,11.74769,3.115162,53.48307,132.3893,161.1979,186.6319,185.7747,184.3642,191.1784,144.2817,1,15.90502,-0.7306134,99.7432,3.235932,8677.966
1/8/2026,02:48:14,12.81286,-0.5868056,8.622682E-02,5.098958,12.2963,12.21238,12.13079,11.74016,3.197338,53.29861,131.9879,161.6319,186.6536,185.7856,184.451,190.4405,145.0304,1,15.90875,-0.7269965,99.7432,3.220693,8678.019
1/8/2026,02:49:14,12.76132,-0.5891204,8.101857E-02,5.095486,12.28877,12.2066,12.12731,11.73901,3.284722,53.0816,131.6623,162.3806,186.6211,185.7856,184.2122,190.6575,145.8225,1,16.96162,-0.7306134,99.7432,3.514406,8678.073
1/8/2026,02:50:14,12.77941,-0.5943287,7.986116E-02,5.094329,12.28472,12.20486,12.12326,11.7338,3.376736,52.87543,131.3151,162.8364,186.6319,185.7639,184.3858,190.5382,146.6146,1,16.96535,-0.7269965,99.7432,3.545024,8678.133
1/8/2026,02:51:14,12.42857,-0.5925926,7.754624E-02,5.09375,12.27662,12.20023,12.11979,11.72454,3.484375,52.65842,131.0438,162.8038,186.5885,185.6988,184.2448,190.4948,147.4175,1,21.44937,-0.7269965,99.7432,4.744258,8678.194
1/8/2026,02:52:14,12.28118,-0.5954861,0.078125,5.08912,12.27373,12.19792,12.1169,11.72685,3.617477,52.57161,130.6098,162.8255,186.5777,185.7205,184.2882,190.4622,148.5026,1,21.44937,-0.7269965,99.7432,4.827822,8678.274
1/8/2026,02:53:14,11.99725,-0.5972222,7.175922E-02,5.083912,12.27026,12.19213,12.11111,11.7228,3.757523,52.58246,129.3186,162.8364,186.5668,185.6771,184.3207,190.7878,149.5551,1,26.0678,-0.7269965,99.7432,5.498944,8678.355
1/8/2026,02:54:14,11.36249,-0.5983796,7.060182E-02,5.08044,12.26215,12.18576,12.10706,11.71817,3.934028,52.45226,116.5256,162.9232,186.556,185.6554,184.2773,190.6575,150.9006,1,26.0678,-0.7269965,99.7432,5.975666,8678.456
1/8/2026,02:55:14,11.18345,-0.6006944,7.175922E-02,5.074653,12.25521,12.18287,12.10243,11.71991,4.105324,52.34375,107.2808,163.4548,186.5994,185.6988,184.2014,190.7986,152.2135,1,26.07154,-0.7233796,99.74682,5.892254,8678.556
1/8/2026,02:56:14,9.932906,-0.6012732,7.407403E-02,5.074074,12.23727,12.15799,12.09954,11.72512,4.30787,52.95139,100.3581,164.0733,187.0117,186.0677,184.5812,190.7986,153.6675,1,30.82064,-0.7233796,63.2704,6.584927,8678.665
1/8/2026,02:57:14,9.752966,-0.6024306,7.291663E-02,5.056713,12.21528,12.15278,12.08102,11.71701,4.504051,52.57161,95.87673,163.954,186.7296,185.8073,184.2882,191.1241,155.1107,1,30.82064,-0.7233796,0.1374421,6.451188,8678.773
1/8/2026,02:58:14,8.862305,-0.6030092,6.944442E-02,5.056134,12.21701,12.14236,12.08102,11.69849,4.722222,52.68012,90.57075,164.0733,186.8273,185.9049,184.3099,191.2543,156.543,1,36.09991,-0.7233796,0.1338252,6.901466,8678.887
1/8/2026,02:59:14,8.821615,-0.603588,7.002318E-02,5.052662,12.21354,12.13715,12.07639,11.70544,4.939236,52.70182,88.99739,164.0625,186.8273,185.8941,184.2773,191.0699,158.0404,1,36.09991,-0.7197627,0.1302083,6.788005,8679.001
1/8/2026,03:00:14,7.844148,-0.5972222,7.002318E-02,5.048611,12.19039,12.12789,12.07002,11.70602,5.182292,52.81033,86.36067,164.2904,186.8923,185.9375,184.1797,190.3646,159.5703,0,50.09334,-0.7233796,0.1302083,7.455451,8679.121
1/8/2026,03:01:14,7.85319,-0.572338,5.150461E-02,4.932292,12.11979,12.06424,11.99132,11.69965,5.425926,52.76693,84.80903,164.4314,187.2287,186.6862,185.3733,191.6667,161.1328,0,50.09707,8.293548,0.1302083,7.196009,8679.242
1/8/2026,03:02:14,7.622613,-0.5208334,4.456019E-02,4.81713,12.24711,12.09896,12.00463,11.64931,5.678241,54.24262,82.7691,164.6376,187.5217,187.1962,186.2088,193.3485,162.6845,0,64.62067,12.65914,0.1338252,7.394976,8679.363
1/8/2026,03:03:14,7.722077,-0.4699074,4.398143E-02,4.656829,12.2419,12.09433,11.99884,11.64294,5.934607,58.48524,81.43446,164.171,187.5325,187.1745,186.3173,193.2292,164.2036,0,64.62067,19.15871,0.1374421,7.186519,8679.484
1/8/2026,03:04:14,7.790799,-0.4363426,4.166663E-02,4.494213,12.32349,12.11516,12.00694,11.62731,6.194445,64.38802,81.67317,163.8129,187.6194,187.3372,186.5885,192.9579,165.7335,0,79.14426,18.74638,0.1229745,7.253738,8679.604
1/8/2026,03:05:14,7.932762,-0.400463,4.224539E-02,4.31713,12.27083,12.09491,11.99884,11.62037,6.459491,69.15147,79.19922,163.5308,187.5542,187.3372,186.5234,193.1858,167.1983,0,79.14053,26.89525,0.1302083,7.09137,8679.724
1/8/2026,03:06:14,8.118128,-0.369213,4.918981E-02,4.131945,12.15683,12.05151,11.9647,11.64988,6.729745,72.47179,76.50825,162.6953,187.0117,186.3824,185.9483,191.9488,168.674,0,93.40278,31.39468,0.1338252,7.072721,8679.841
1/8/2026,03:07:14,8.258283,-0.3333333,4.976857E-02,3.978588,12.14526,12.05151,11.97164,11.63715,7.000579,75.66189,74.38151,161.9032,187.1745,186.7404,185.5577,192.2635,170.128,0,93.39904,36.5162,0.1229745,6.952845,8679.957
1/8/2026,03:08:14,8.466254,-0.3113426,0.046875,3.824653,12.1956,12.06771,11.97569,11.62847,7.275463,78.14671,73.49175,161.3498,187.283,186.8815,185.9267,192.6432,171.5386,0,93.39904,44.30338,0.1302083,6.865124,8680.071
1/8/2026,03:09:14,8.629919,-0.287037,4.513884E-02,3.667824,12.21875,12.06366,11.96759,11.625,7.552083,80.11068,75.87891,160.6445,187.3698,187.0334,186.1328,193.24,172.9709,0,99.59677,49.24407,0.1229745,6.795393,8680.187
1/8/2026,03:10:14,8.825232,-0.2604167,4.166663E-02,3.533565,12.2691,12.07639,11.97512,11.60359,7.824653,81.85764,76.63845,160.0912,187.5868,187.3698,186.5994,193.316,174.3381,0,99.59304,55.43981,0.1302083,6.665771,8680.299
1/8/2026,03:11:14,9.016928,-0.2361111,3.877318E-02,3.398148,12.32755,12.09201,11.98032,11.57986,8.09838,83.39844,77.4197,159.2882,187.6085,187.4458,186.7622,193.6523,175.651,0,99.59304,60.52879,0.1302083,6.513217,8680.408
1/8/2026,03:12:14,9.238462,-0.2060185,4.398143E-02,3.26794,12.23958,12.05961,11.96123,11.5897,8.368634,84.68967,78.56988,158.5721,187.4783,187.2504,186.3932,193.0773,176.9531,0,99.58931,64.63036,0.1265914,6.384953,8680.516
1/8/2026,03:13:14,9.437391,-0.1741898,4.108799E-02,3.149884,12.25058,12.05961,11.96123,11.58623,8.639467,85.91579,76.55165,158.0729,187.4892,187.3155,186.48,193.2943,178.1792,0,99.58931,65.94691,0.1338252,6.308674,8680.621
1/8/2026,03:14:14,9.664351,-0.1469907,3.877318E-02,3.031829,12.3316,12.08044,11.97106,11.56192,8.909143,87.38064,75.42318,157.6497,187.6411,187.424,186.7296,192.9904,179.4054,0,99.58931,65.94329,0.1338252,6.173001,8680.726
1/8/2026,03:15:14,9.876844,-0.1273148,3.761578E-02,2.923611,12.32581,12.07349,11.96528,11.55845,9.176505,88.47656,73.94749,157.0855,187.576,187.3915,186.6971,192.3611,180.6098,0,99.58931,65.94329,0.1229745,6.103541,8680.828
1/8/2026,03:16:14,10.11014,-9.664351E-02,3.935182E-02,2.81713,12.31366,12.07002,11.95776,11.55324,9.446759,89.50738,74.3381,156.5538,187.5977,187.4023,186.7296,194.1949,181.76,0,99.58557,65.93967,0.1265914,5.991333,8680.929
1/8/2026,03:17:14,10.33438,-6.655091E-02,3.993058E-02,2.715278,12.31076,12.06192,11.95255,11.5463,9.717592,90.36459,73.32899,155.9245,187.5217,187.3155,186.5885,194.7049,182.8885,0,99.58557,65.93967,0.1265914,5.894839,8681.028
1/8/2026,03:18:14,10.60746,-3.414351E-02,4.166663E-02,2.618056,12.19849,12.03414,11.92824,11.55903,9.984954,90.73351,72.15712,154.362,186.8164,186.4475,185.4709,192.0139,184.0061,0,73.49537,65.93605,0.1374421,5.791029,8681.125
1/8/2026,03:19:14,11.2151,-4.629612E-03,4.108799E-02,2.523727,12.23148,12.03646,11.92998,11.55093,10.22222,91.93793,72.48264,154.2101,187.0768,186.7188,185.8073,192.1658,185.026,0,41.24477,65.93243,0.1338252,5.306631,8681.215
1/8/2026,03:20:14,11.49269,0.015625,4.108799E-02,2.434028,12.22743,12.03356,11.92593,11.55035,10.47396,92.79514,72.10287,153.5156,187.1311,186.7622,185.97,192.8928,186.0243,0,41.24477,65.93243,0.1265914,5.411524,8681.305
1/8/2026,03:21:14,11.68529,5.150461E-02,4.108799E-02,2.350116,12.22049,12.02951,11.92245,11.53472,10.7309,93.60894,72.05946,152.8212,187.0768,186.6862,185.9158,192.8602,187.0226,0,41.24477,65.93243,0.1374421,5.366084,8681.395
1/8/2026,03:22:14,11.89055,0.0792824,3.993058E-02,2.269097,12.21759,12.01968,11.91551,11.5272,10.98901,94.33594,71.61459,152.322,187.0334,186.6319,185.8507,193.4028,187.9991,0,41.24477,65.93243,0.1338252,5.259624,8681.482
1/8/2026,03:23:14,12.06688,9.432876E-02,4.340279E-02,2.1875,12.21123,12.01505,11.90683,11.53125,11.2419,95.16059,72.33073,151.7036,187.0551,186.5668,185.829,192.5564,188.9648,0,41.24477,65.92882,0.1302083,5.154912,8681.569
1/8/2026,03:24:14,12.22421,0.130787,4.224539E-02,2.114583,12.20833,12.0081,11.90162,11.51968,11.4919,95.84418,71.36501,150.9332,187.0551,186.6211,185.7096,192.5998,189.9089,0,41.2485,65.93243,0.1265914,4.917727,8681.654
1/8/2026,03:25:14,12.33272,0.1481482,4.166663E-02,2.042245,12.20023,12.00231,11.8941,11.51563,11.72569,96.64713,71.8316,150.5208,186.99,186.5777,185.7422,192.1441,190.8095,0,41.24477,65.92882,0.1338252,4.680387,8681.734
1/8/2026,03:26:14,12.50995,0.183449,4.108799E-02,1.974537,12.20023,11.99537,11.89005,11.50579,11.95255,97.25477,71.50608,150.0217,186.9683,186.5668,185.5794,192.0356,191.645,0,41.2485,65.9252,0.1338252,4.566745,8681.812
1/8/2026,03:27:14,12.65824,0.2106482,4.224539E-02,1.909143,12.19618,11.99074,11.88426,11.49769,12.17651,97.75391,70.81163,149.5117,187.0226,186.5451,185.7747,191.8837,192.4696,0,41.2485,65.92882,0.1302083,4.343362,8681.887
1/8/2026,03:28:14,13.78129,0.2291666,4.282403E-02,1.844908,12.18576,11.97859,11.87789,11.4919,12.21759,98.40495,70.68143,149.0017,186.9466,186.5126,185.6988,192.0139,193.0122,0,-3.233274,65.92882,0.1338252,0,8681.924
1/8/2026,03:29:14,12.98738,0.2482638,4.108799E-02,1.78125,12.18171,11.97454,11.87674,11.48785,12.16377,98.90408,69.08637,148.3724,186.9466,186.4258,185.4384,191.862,192.9471,0,-3.244474,65.9252,0.1265914,0,8681.924
1/8/2026,03:30:14,13.21524,0.2829862,4.340279E-02,1.724537,12.17766,11.95544,11.91146,11.49306,12.09491,99.44662,66.98134,147.8516,186.9249,186.48,185.5903,191.6558,192.73,0,-3.251941,65.9252,0.1265914,0,8681.924
1/8/2026,03:31:14,13.20168,0.3211806,6.770837E-02,1.71875,12.06713,11.93981,11.9809,11.57928,12.04051,99.54427,65.10417,146.8099,186.263,185.1345,183.8108,189.5291,192.5022,0,-3.255675,41.44604,0.1229745,0,8681.924
1/8/2026,03:32:14,13.17455,0.3310186,7.002318E-02,1.699653,12.09375,11.93345,12.01042,11.58044,11.99769,99.37066,64.05165,145.8876,185.8615,184.7331,183.5721,189.9848,192.3286,0,-3.259408,-1.226128,0.1338252,0,8681.924
1/8/2026,03:33:14,13.18178,0.3315972,6.944442E-02,1.693866,12.07407,11.91146,12.02199,11.59664,11.96238,98.15539,63.67188,145.3125,185.9267,184.7005,183.724,189.5725,192.1658,0,-3.259408,-1.233362,0.1302083,0,8681.924
1/8/2026,03:34:14,13.19987,0.355324,4.861116E-02,1.579283,11.82407,11.82928,11.96181,11.58681,11.93171,98.99088,63.88889,145.9093,186.7079,186.2413,185.7747,192.6649,192.003,0,-3.263142,10.66262,18.66319,0,8681.924
1/8/2026,03:35:14,13.17998,0.4519676,4.513884E-02,1.483796,11.48148,11.82755,11.97917,11.57697,11.90914,100.2496,63.40061,145.3017,185.4384,186.0134,185.8073,192.22,191.9488,0,-3.263142,13.34997,36.00622,0,8681.924
1/8/2026,03:36:14,13.19173,0.5659722,4.861116E-02,1.358796,11.00868,11.77546,11.96933,11.60301,11.88947,101.8555,63.21614,145.0412,183.9301,186.0352,185.7856,192.5239,191.862,0,-3.263142,13.48018,52.95501,0,8681.924
1/8/2026,03:37:14,13.18902,0.6545138,4.340279E-02,1.239583,10.73264,11.78183,11.98553,11.58912,11.87269,102.4957,62.46745,144.184,182.3025,185.9267,185.9483,192.1115,191.8077,0,-3.263142,12.98466,70.17867,0,8681.924
1/8/2026,03:38:14,13.19625,0.7609954,4.745376E-02,1.133102,10.29977,11.72685,11.97049,11.61343,11.86285,103.7435,62.07682,143.4787,180.957,185.9158,185.9592,191.645,191.7209,0,-3.266876,13.4621,87.23235,0,8681.924
1/8/2026,03:39:14,13.18359,0.839699,4.108799E-02,1.034143,10.10764,11.76852,12.00637,11.56944,11.85764,104.7418,61.87066,142.2201,179.5464,185.7639,186.0243,192.3069,191.6992,0,-3.266876,12.99913,99.7215,0,8681.924
1/8/2026,03:40:14,13.22248,0.9398148,4.629624E-02,0.9438658,9.672454,11.70313,11.97974,11.59722,11.85474,105.74,61.15451,140.625,177.9622,185.1345,185.2539,191.3086,191.6775,0,-3.266876,14.11314,99.73597,0,8681.924
1/8/2026,03:41:14,13.18992,1.019097,4.745376E-02,0.8622686,9.364583,11.67303,11.97569,11.60127,11.84896,106.6515,60.59028,139.6159,176.6493,184.9284,185.102,191.2218,191.645,0,-3.266876,13.70805,99.73958,0,8681.924
1/8/2026,03:42:14,13.20168,1.100116,0.0480324,0.7858796,9.060764,11.65683,11.97685,11.59549,11.85069,107.7691,60.43837,138.6285,175.8464,185.026,185.2865,191.5365,191.645,0,-3.270609,14.13484,99.74682,0,8681.924
1/8/2026,03:43:14,13.21072,1.180556,3.819442E-02,0.7152778,8.83507,11.68229,12.00579,11.55903,11.84954,109.3858,60.66623,137.934,175.076,185.5686,186.2305,191.9379,191.6775,0,-3.266876,13.51273,99.74682,0,8681.924
1/8/2026,03:44:14,13.22157,1.261574,3.877318E-02,0.6516204,8.512153,11.62037,11.98438,11.59375,11.85417,110.026,60.9158,136.6102,173.6545,185.026,185.6228,191.7969,191.6775,1,-3.266876,15.51649,99.74682,0,8681.924
1/8/2026,03:45:14,13.22157,1.355324,-5.671299E-02,0.5931712,8.229745,11.60532,11.99016,11.58854,11.85417,111.4366,64.88715,135.6879,172.4501,185.0152,185.7856,192.0464,191.6667,1,-3.266876,15.3248,99.7432,0,8681.924
1/8/2026,03:46:14,13.20439,1.439236,-0.1458333,0.5393518,7.978009,11.59317,11.99421,11.57002,11.85359,112.5868,68.09896,134.8307,171.4518,185.1345,186.0569,192.1007,191.6667,1,-3.266876,16.36285,99.7432,0,8681.924
1/8/2026,03:47:14,13.21705,1.534722,-0.2210648,0.4890046,7.693287,11.56771,11.99479,11.57465,11.8559,114.0842,70.11719,134.1037,170.1172,185.026,186.0352,191.9922,191.6667,1,-3.266876,16.352,99.73958,0,8681.924
1/8/2026,03:48:14,13.19897,1.619213,-0.2887731,0.4421296,7.438658,11.55093,12,11.57407,11.85417,115.4839,71.32162,133.2682,168.9887,185.0152,186.0134,192.3503,191.6775,1,-3.266876,17.4443,99.73958,0,8681.924
1/8/2026,03:49:14,13.21434,1.717592,-0.3449074,0.4016204,7.157986,11.53646,12.00405,11.56481,11.85474,117.1007,72.25478,132.8125,167.8819,184.9935,186.2739,192.2635,191.6775,1,-3.266876,18.40639,99.73958,0,8681.924
1/8/2026,03:50:14,13.24056,1.819444,-0.3865741,0.3645834,6.872685,11.48901,11.98958,11.58623,11.85764,118.2834,72.59114,131.6732,166.6124,184.6246,185.7639,191.9705,191.6775,1,-3.266876,18.10258,99.7432,0,8681.924
1/8/2026,03:51:14,13.22971,1.936921,-0.421875,0.328125,6.583333,11.45776,11.98727,11.59028,11.85764,119.8568,72.96007,130.7617,165.5816,184.451,185.6011,191.6124,191.6992,1,-3.266876,20.6127,99.7432,0,8681.924
1/8/2026,03:52:14,13.23423,2.034722,-0.4571759,0.2945602,6.325232,11.44387,11.99132,11.58796,11.85938,121.4084,73.53516,130.1975,164.8654,184.4835,185.8073,191.8403,191.7101,1,-3.266876,20.85504,99.7432,0,8681.924
1/8/2026,03:53:14,13.26226,2.141783,-0.4878472,0.2650462,6.07118,11.43287,12.00231,11.58276,11.86401,123.2096,74.06684,129.8069,164.4857,184.4618,186.0677,192.4262,191.6884,1,-3.266876,22.84795,99.73958,0,8681.924
1/8/2026,03:54:14,13.22881,2.239583,-0.5081018,0.238426,5.829861,11.40741,12.00521,11.58333,11.8669,124.5443,74.71788,129.3077,164.5725,184.5161,186.1111,192.1224,191.7101,1,-3.266876,22.21137,99.73958,0,8681.924
1/8/2026,03:55:14,13.25955,2.348958,-0.5219908,0.2152778,5.573495,11.36516,11.99421,11.59491,11.86401,125.6836,75.10851,128.6675,164.5833,184.0929,185.4926,191.5473,191.7318,1,-3.270609,27.6331,99.73958,0,8681.924
1/8/2026,03:56:14,13.25684,2.45544,-0.542824,0.1903936,5.354167,11.36806,12.01273,11.5706,11.86632,127.1593,75.8355,128.5156,164.8654,184.375,186.1003,191.7209,191.7535,1,-3.266876,35.93027,99.73958,0,8681.924
1/8/2026,03:57:14,13.27402,2.563658,-0.5497685,0.1736112,5.130208,11.3287,12.00058,11.58854,11.86806,128.2335,76.24783,128.0816,164.5399,184.0061,185.8181,191.9162,191.7318,1,-3.266876,41.02648,99.7432,0,8681.924
1/8/2026,03:58:14,13.27582,2.677662,-0.5503472,0.1626158,4.96007,11.27373,11.99884,11.63831,11.87095,128.1793,75.54253,126.5625,162.6085,181.4562,182.1398,185.612,191.7426,1,-3.266876,46.93649,99.7432,0,8681.924
1/8/2026,03:59:14,13.30657,2.751158,-0.568287,0.1377314,4.749421,11.28646,12.00926,11.60185,11.87789,130.7943,77.62586,127.7669,163.737,183.9952,186.0894,192.0247,191.7426,1,-3.266876,53.42882,99.7432,0,8681.924
1/8/2026,04:00:14,13.3138,2.838542,-0.5787037,0.1226852,4.586805,11.28704,12.02488,11.5706,11.87905,132.1181,78.45052,127.7018,163.2921,184.2014,186.2956,192.4154,191.7426,1,-3.270609,57.66421,99.7432,0,8681.924
1/8/2026,04:01:14,13.30747,2.926505,-0.5787037,0.1105324,4.429398,11.24421,12.01563,11.59375,11.88137,132.8776,78.88454,127.3546,162.4458,183.8433,186.0569,192.0139,191.7643,1,-3.266876,63.38614,99.7432,0,8681.924
1/8/2026,04:02:14,13.33641,3.002315,-0.5856482,9.837961E-02,4.288195,11.21817,12.0191,11.59664,11.88426,133.7565,79.26432,127.0291,161.8273,183.7565,186.0786,192.2635,191.7969,1,-3.266876,65.63947,99.7432,0,8681.924
1/8/2026,04:03:14,13.4196,3.105324,-0.5636574,0.130787,4.23669,11.21875,12.07581,11.64236,11.88773,133.5503,78.90625,125.9766,160.4058,182.2808,184.0169,189.9523,191.7969,1,-3.270609,56.47786,99.7432,0,8681.924
1/8/2026,04:04:14,12.58048,3.149305,-0.5677084,0.1197916,4.229745,11.22222,12.09317,11.63889,11.89005,133.3333,78.61328,125.3364,159.2773,181.8251,183.7023,189.681,191.7969,1,16.30451,-0.6221065,99.7432,3.259968,8681.938
1/8/2026,04:05:14,12.68808,3.22743,-0.5601852,7.581019E-02,4.146991,11.15104,12.02604,11.59896,11.89352,135.5686,80.15408,126.3346,159.9392,183.4961,186.1762,192.8168,191.8186,0,20.53091,6.41276,99.75043,4.647969,8682
1/8/2026,04:06:14,12.93945,3.36632,-0.4988426,7.118058E-02,4.0625,11.11111,12.01794,11.6059,11.89641,136.8381,79.55729,125.803,159.5595,183.0946,185.6988,192.2417,191.8294,0,20.53091,12.78573,99.75405,4.755368,8682.078
1/8/2026,04:07:14,12.90509,3.507523,-0.4502315,6.655097E-02,3.967593,11.0897,12.02026,11.61632,11.89931,138.6176,79.62239,125.5751,159.5052,183.1489,185.8398,192.4371,191.8186,0,20.13515,12.78212,99.75405,4.562151,8682.155
1/8/2026,04:08:14,12.90509,3.645255,-0.4056713,6.712961E-02,3.860532,11.09086,12.04167,11.59954,11.90278,140.3754,82.17231,125.4449,159.375,183.4527,186.5017,193.099,191.8511,0,20.13515,16.53284,99.75405,4.555451,8682.231
1/8/2026,04:09:14,12.84451,3.788773,-0.3570602,6.307876E-02,3.730903,11.05498,12.03183,11.60359,11.90856,141.1784,84.50521,124.707,158.1706,182.6714,185.753,191.9054,191.8403,0,21.32243,18.75723,99.75405,4.718177,8682.31
1/8/2026,04:10:14,12.81286,3.949074,-0.3142361,0.0613426,3.596065,11.02488,12.03183,11.61863,11.90856,142.5998,87.76041,124.4575,157.4002,182.5304,185.5143,191.5039,191.8728,0,21.32616,21.93287,99.75767,4.919363,8682.391
1/8/2026,04:11:14,12.85445,4.109954,-0.2789352,5.555558E-02,3.451968,10.99653,12.03356,11.61285,11.91551,143.8585,90.45139,124.3598,156.4779,182.4219,185.4492,191.5798,191.8837,0,21.32243,23.36516,99.75767,4.916941,8682.474
1/8/2026,04:12:14,12.55606,4.328125,-0.2523148,0.0480324,3.316551,10.99826,12.05556,11.59433,11.9184,146.1372,93.63064,124.9674,156.6623,183.2682,186.5994,193.5872,191.8837,0,25.67951,26.95313,99.75767,6.480162,8682.574
1/8/2026,04:13:14,12.62478,4.565972,-0.2256944,4.513884E-02,3.188657,10.98669,12.06829,11.58912,11.9213,148.2856,95.93099,125.1519,156.1741,183.3876,186.9575,194.6289,191.862,0,25.67951,32.51953,99.75767,6.477071,8682.683
1/8/2026,04:14:14,12.00629,4.858796,-0.1950231,4.224539E-02,3.061343,10.95313,12.0625,11.5897,11.92477,149.7396,97.50434,124.6745,155.3385,182.9644,186.5343,193.1098,191.8728,0,30.43608,40.45862,99.75767,7.803578,8682.805
1/8/2026,04:15:14,12.23506,5.176505,-0.1626157,4.050922E-02,2.938658,10.92072,12.05556,11.60822,11.92477,151.7036,98.90408,124.4575,154.6333,182.8667,186.4149,193.1858,191.9054,0,30.43235,45.43909,99.75767,7.996056,8682.937
1/8/2026,04:16:14,11.61115,5.540509,-0.1290509,4.340279E-02,2.826389,10.87789,12.04456,11.61285,11.92245,153.1358,99.51172,123.7305,153.4939,182.0747,185.6337,191.9271,191.8945,0,35.31586,52.85012,99.75767,9.049479,8683.078
1/8/2026,04:17:14,11.82907,5.950232,-0.1018519,4.108799E-02,2.719329,10.86516,12.05324,11.6088,11.92361,155.7183,100.727,123.2964,152.908,182.0204,185.7639,191.8728,191.9054,0,35.31586,57.30613,99.75405,9.189208,8683.23
1/8/2026,04:18:14,10.88686,6.407407,-6.944442E-02,3.645837E-02,2.60706,10.81944,12.03588,11.63426,11.92593,158.0187,101.6819,121.1806,152.3546,181.9444,185.7205,192.079,191.8837,0,46.53898,61.43663,99.75767,10.56798,8683.391
1/8/2026,04:19:14,10.79011,6.902199,-3.761572E-02,3.703701E-02,2.509838,10.79977,12.04109,11.62963,11.92188,161.1762,102.9405,116.3737,151.9423,182.1181,185.9592,192.3937,191.8837,0,46.53898,65.53096,99.75767,10.11771,8683.563
1/8/2026,04:20:14,10.5306,7.412037,-8.680582E-03,3.761578E-02,2.412616,10.77373,12.04051,11.63426,11.92361,163.7044,103.1141,111.9032,151.4323,181.9444,186.0352,192.155,191.862,0,56.17907,65.52734,99.76128,10.59183,8683.729
1/8/2026,04:21:14,10.65538,7.948495,2.199078E-02,3.761578E-02,2.324074,10.75174,12.04224,11.62153,11.91667,166.4496,103.928,109.3316,150.7487,181.9553,186.0786,192.4805,191.862,0,56.17533,65.52373,99.75767,10.21909,8683.903
1/8/2026,04:22:14,10.7657,8.479745,5.034721E-02,3.703701E-02,2.236111,10.7338,12.04977,11.61806,11.91551,169.4336,104.6767,107.9861,150.1845,182.1289,186.3715,192.9471,191.8945,0,62.25358,65.52011,99.76128,9.961632,8684.071
1/8/2026,04:23:14,10.97548,9.019676,0.0792824,3.587961E-02,2.15162,10.70891,12.04745,11.625,11.9184,171.875,105.2951,105.6641,149.1211,182.0529,186.3281,193.0664,191.862,0,62.25358,65.52011,99.75767,9.779983,8684.237
1/8/2026,04:24:14,11.31004,9.537037,0.1070602,3.530097E-02,2.072338,10.69618,12.05208,11.61111,11.91377,174.7287,103.2661,104.3403,148.4375,182.3351,186.773,193.3702,191.862,0,56.97058,65.51649,99.75767,9.216684,8684.396
1/8/2026,04:25:14,12.40958,9.945024,0.1400462,3.587961E-02,1.992477,10.63599,12.03067,11.65856,11.91667,176.671,101.1285,102.8537,147.5911,182.1181,186.3064,193.0013,191.8728,0,36.90263,65.51649,0.1374421,7.617051,8684.533
1/8/2026,04:26:14,12.25315,10.32234,0.1684028,3.587961E-02,1.91956,10.61748,12.03472,11.65104,11.92014,178.7001,102.6693,102.257,147.0269,181.8359,186.5126,192.8494,191.8728,0,36.8989,65.51649,0.1446759,6.889201,8684.654
1/8/2026,04:27:14,12.3074,10.66609,0.1967592,3.935182E-02,1.848958,10.59259,12.03819,11.65278,11.92361,180.1324,105.0781,101.1285,146.582,181.9227,186.3064,192.6324,191.8728,0,36.90263,65.51649,0.1338252,6.456179,8684.766
1/8/2026,04:28:14,12.36165,10.99769,0.2262732,3.587961E-02,1.786458,10.56597,12.03819,11.64352,11.92651,181.8034,106.4453,99.64193,146.3216,181.684,186.6211,192.9688,191.9271,0,36.8989,65.51288,0.1374421,6.040806,8684.87
1/8/2026,04:29:14,12.46293,11.30613,0.2546296,3.761578E-02,1.719329,10.53762,12.03877,11.6441,11.92708,183.1814,107.4002,98.17709,146.1154,181.4779,186.5451,192.6758,191.9271,0,36.90263,65.51288,0.1229745,5.719655,8684.969
1/8/2026,04:30:14,12.50362,11.59144,0.2795138,3.935182E-02,1.660301,10.51678,12.04977,11.63079,11.92766,184.668,108.3225,98.11198,145.9201,181.76,186.2413,192.806,191.9488,0,36.90263,65.51288,0.1265914,5.281069,8685.06
1/8/2026,04:31:14,12.56782,11.84722,0.3038194,3.935182E-02,1.60706,10.49306,12.03935,11.64873,11.93056,185.8724,108.6263,97.90582,145.4644,181.7057,186.4041,192.7517,191.9488,0,36.90263,65.50926,0.1338252,4.849418,8685.145
1/8/2026,04:32:14,12.6293,12.08276,0.3298612,3.645837E-02,1.552083,10.47106,12.0353,11.62847,11.93056,186.9141,108.9627,97.41753,145.2474,181.4562,186.6971,192.8602,191.9488,0,36.90263,65.51288,0.1374421,4.387962,8685.221
1/8/2026,04:33:14,12.70345,12.29456,0.3524306,3.819442E-02,1.498264,10.45486,12.03356,11.63715,11.93345,188.0425,109.5378,97.56945,144.4444,181.5864,186.5994,193.0339,191.9488,0,36.90263,65.50926,0.1338252,4.07618,8685.291
1/8/2026,04:34:14,13.22881,12.37616,0.3825232,3.935182E-02,1.449074,10.41319,12.03704,11.64815,11.9375,188.4332,109.809,97.14626,144.0321,181.3802,185.97,192.4262,191.9596,0,31.74657,65.50926,0.1302083,0,8685.334
1/8/2026,04:35:14,12.76765,12.59549,0.4270834,7.002318E-02,1.442708,10.42303,12.09201,11.69676,11.93519,188.4657,109.1037,96.29991,142.9362,179.5898,183.9844,190.7552,191.9488,0,31.7503,58.23929,0.1302083,2.896978,8685.387
1/8/2026,04:36:14,12.96115,12.74016,0.443287,7.233799E-02,1.42419,10.42766,12.12442,11.68056,11.94271,188.878,108.8216,95.71397,142.2526,179.2426,184.1146,189.9414,191.9813,0,31.7503,-1.273148,0.1265914,2.773775,8685.435
1/8/2026,04:37:14,12.91413,12.67245,0.4207176,3.877318E-02,1.441551,10.10127,12.09491,11.6956,11.98322,190.3754,109.3316,96.27821,142.8819,180.5121,185.9592,192.6758,192.0898,0,31.7503,6.014902,18.71021,2.659134,8685.48
1/8/2026,04:38:14,12.95754,12.71296,0.4548612,4.050922E-02,1.564236,9.579283,12.15799,11.73438,12.0162,190.8637,108.7565,95.76823,142.1875,179.0473,186.3607,192.7409,192.155,0,31.75403,8.405671,30.41088,2.618468,8685.524
1/8/2026,04:39:14,12.96296,12.75752,0.4809028,3.877318E-02,1.592014,9.088542,12.21065,11.74884,12.04803,191.135,107.8342,95.16059,141.7209,176.8012,186.4583,192.7409,192.3069,0,31.7503,7.968026,49.81554,2.562474,8685.567
1/8/2026,04:40:14,12.972,12.77373,0.5005788,4.166663E-02,1.58912,8.564236,12.21065,11.81481,12.07986,191.6016,107.8885,94.83507,141.8403,174.8481,186.3932,192.1224,192.4045,0,31.75403,7.374855,66.72454,2.465822,8685.609
1/8/2026,04:41:14,12.97833,12.83449,0.5237268,4.166663E-02,1.593171,8.173033,12.29224,11.8125,12.11285,191.8945,107.6389,94.28168,141.4822,172.9926,187.1202,192.155,192.5239,0,31.75403,8.597367,83.8614,2.405298,8685.65
1/8/2026,04:42:14,12.99009,12.86921,0.546875,3.819442E-02,1.572917,7.762732,12.32755,11.84317,12.14583,191.7535,107.4653,93.22917,140.5382,170.2148,186.1328,191.4388,192.6215,0,31.75403,8.998842,99.7215,2.312747,8685.689
1/8/2026,04:43:14,13.00275,12.93403,0.583912,4.918981E-02,1.559607,7.409143,12.40799,11.91609,12.17766,191.8511,107.8451,92.87109,140.0933,168.1641,186.3064,192.4262,192.7409,0,31.75403,11.37876,99.73597,2.284342,8685.728
1/8/2026,04:44:14,13.24237,12.93113,0.6030092,3.703701E-02,1.497107,7.01331,12.43403,11.86921,12.21238,192.8277,109.1254,93.05556,140.4514,167.2526,187.5542,192.7843,192.8494,0,-3.240741,12.1781,99.73958,0,8685.764
1/8/2026,04:45:14,13.34726,12.78935,0.6423612,3.993058E-02,1.441551,6.653357,12.45139,11.91319,12.23958,192.5239,109.5486,92.31771,139.9197,165.1584,187.1094,193.0664,192.9471,0,-3.244474,16.45689,99.7432,0,8685.764
1/8/2026,04:46:14,13.11035,12.68229,0.6753472,3.819442E-02,1.385995,6.325232,12.47859,11.93981,12.26505,192.2092,110.1128,91.78603,139.5074,163.3138,187.2396,192.6866,193.0339,0,-3.251941,14.39526,99.74682,0,8685.764
1/8/2026,04:47:14,13.21976,12.67998,0.7476852,9.432876E-02,1.381366,6.030671,12.52662,12.06713,12.28472,195.5078,114.6267,94.93273,142.9904,165.8203,190.4622,187.7821,193.099,0,-3.259408,19.32509,99.74682,0,8685.764
1/8/2026,04:48:14,13.19987,12.60474,0.7858796,9.317124E-02,1.304398,5.726273,12.52546,12.09317,12.30556,195.3342,115.3754,94.07552,142.5564,164.2795,190.5924,187.9449,193.1749,0,-3.263142,20.83695,99.74682,0,8685.764
1/8/2026,04:49:14,13.18992,12.55845,0.8211806,0.09375,1.247685,5.45544,12.53356,12.10474,12.32176,194.9436,116.5473,93.56554,142.2092,162.9666,190.6684,188.2487,193.24,0,-3.263142,22.81178,99.74682,0,8685.764
1/8/2026,04:50:14,13.20258,12.53414,0.8628472,0.09375,1.18287,5.212384,12.54051,12.12211,12.33507,194.6723,117.8602,93.17492,141.8403,161.9141,190.7009,187.7496,193.2943,0,-3.263142,28.46499,99.74682,0,8685.764
1/8/2026,04:51:14,13.21072,12.50463,0.8975694,9.201384E-02,1.107639,4.962963,12.52604,12.13252,12.34664,194.2057,118.9779,92.89279,141.3737,161.1545,190.6793,188.2162,193.3051,0,-3.266876,34.40032,99.75043,0,8685.764
1/8/2026,04:52:14,13.19173,12.50174,0.9369212,0.0949074,1.051505,4.745949,12.52951,12.14526,12.35359,193.8151,120.1823,91.67752,140.9614,161.1328,190.7009,187.9774,193.3702,0,-3.266876,41.75347,99.75043,0,8685.764
1/8/2026,04:53:14,13.20801,12.48264,0.9664352,0.0925926,0.9872686,4.516204,12.51331,12.15914,12.3559,193.4462,121.1155,91.11328,140.4405,161.046,190.5599,188.1619,193.3919,0,-3.270609,46.95819,99.75043,0,8685.764
1/8/2026,04:54:14,13.19083,12.50579,1.006366,0.1001158,0.9537038,4.344329,12.53819,12.16493,12.35648,193.2726,122.0486,90.99392,140.1476,160.9592,190.7986,187.6194,193.3811,0,-3.266876,54.26071,99.75043,0,8685.764
1/8/2026,04:55:14,13.18812,12.49248,1.031829,0.0949074,0.8969908,4.145255,12.52604,12.16724,12.35764,192.8277,122.6454,90.41884,139.6593,161.2196,190.7118,188.3681,193.3811,0,-3.266876,58.67694,99.75405,0,8685.764
1/8/2026,04:56:14,13.2053,12.49653,1.061921,9.722221E-02,0.855324,3.97338,12.53067,12.17998,12.35532,192.6432,123.1011,89.898,139.2036,161.4149,190.6793,187.8689,193.3811,0,-3.270609,62.83637,99.75405,0,8685.764
1/8/2026,04:57:14,13.21253,12.49421,1.086806,9.664357E-02,0.8148148,3.801505,12.5272,12.17593,12.35822,192.4154,123.5135,89.67014,138.8129,161.4041,190.6033,188.3247,193.3702,0,-3.266876,65.87457,99.75405,0,8685.764
1/8/2026,04:58:14,13.20349,12.49595,1.117477,9.606481E-02,0.7766204,3.639468,12.52894,12.17824,12.36053,192.1441,123.839,89.46397,138.4115,161.3498,190.6358,188.0425,193.3811,0,-3.266876,65.87457,99.75405,0,8685.764
1/8/2026,04:59:14,13.20349,12.49769,1.141204,0.0949074,0.744213,3.488426,12.52951,12.18229,12.36169,191.9813,124.1645,88.23785,138.0642,161.1111,190.7552,188.1944,193.3811,0,-3.266876,65.87095,99.75405,0,8685.764
1/8/2026,05:00:14,13.20258,12.49942,1.168403,0.0949074,0.7123842,3.344907,12.53125,12.18403,12.36285,191.7643,124.3707,88.08594,137.7062,160.7747,190.7444,188.1185,193.3702,0,-3.266876,65.87095,99.75405,0,8685.764
1/8/2026,05:01:14,13.23333,12.50405,1.186921,0.1070602,0.6851852,3.208333,12.53299,12.18924,12.36401,191.6775,124.4792,87.99913,137.4132,160.319,190.7444,188.3789,193.3702,0,-3.266876,65.87095,99.75405,0,8685.764
1/8/2026,05:02:14,13.19535,12.50637,1.211227,0.105324,0.660301,3.079282,12.5353,12.19213,12.3669,191.5798,124.6962,88.85634,137.0226,159.7656,190.7444,188.3681,193.3811,0,-3.270609,65.86733,99.75405,0,8685.764
1/8/2026,05:03:14,13.20891,12.50926,1.223958,0.1006944,0.6371528,2.958333,12.53819,12.19097,12.36748,191.4713,124.9132,89.8112,136.7296,159.1905,190.7552,188.1293,193.3702,0,-3.266876,65.87095,99.75405,0,8685.764
1/8/2026,05:04:14,13.20982,12.51273,1.241898,9.664357E-02,0.6145834,2.84375,12.54051,12.19502,12.37095,191.569,124.924,90.5599,136.4149,158.6154,190.7661,188.227,193.3919,0,-3.270609,65.87095,99.75405,0,8685.764
1/8/2026,05:05:14,13.19444,12.51505,1.255208,9.895837E-02,0.5960648,2.734954,12.54398,12.19329,12.375,191.4822,124.8264,91.08073,136.1111,158.0078,190.7769,187.9557,193.4028,0,-3.266876,65.86733,99.75767,0,8685.764
1/8/2026,05:06:14,13.21343,12.51678,1.268518,0.0949074,0.5798612,2.631366,12.5463,12.19965,12.37789,191.3954,124.8155,91.51476,135.8507,157.3351,190.7878,188.0751,193.4245,0,-3.270609,65.86733,99.75767,0,8685.764
1/8/2026,05:07:14,13.18992,12.53414,1.284722,0.1006944,0.5700232,2.541667,12.56424,12.20023,12.37963,191.2218,124.6853,91.60156,135.3299,156.3802,190.5273,186.5994,193.457,0,-3.270609,57.66421,99.75767,0,8685.764
1/8/2026,05:08:14,13.22067,12.53414,1.28588,3.356481E-02,0.5515046,2.446181,12.56134,12.2037,12.38252,191.1241,124.5877,91.60156,134.9067,155.5339,190.3537,187.8364,193.457,1,-3.266876,-0.9874132,99.75405,0,8685.764
1/8/2026,05:09:14,13.21162,12.53877,1.288194,-0.078125,0.5474538,2.367477,12.56829,12.20833,12.38542,191.059,124.3707,91.61241,134.6463,155.0239,190.3863,187.6845,193.4462,1,-3.270609,-1.019965,99.75043,0,8685.764
1/8/2026,05:10:14,11.99183,12.54514,1.353009,-0.1707176,0.5387732,2.293982,12.57407,12.21123,12.38484,190.9397,124.6853,91.69922,134.3099,154.5356,190.3863,188.0425,193.457,1,20.26583,-1.019965,99.75043,4.136488,8685.8
1/8/2026,05:11:14,12.29022,12.54861,1.447917,-0.244213,0.5318288,2.222222,12.5787,12.21123,12.38657,191.0482,127.0616,91.72092,134.1797,154.2101,190.5708,188.2053,193.4462,1,20.26583,-1.023582,99.75043,4.408787,8685.871
1/8/2026,05:12:14,12.59313,12.54688,1.538773,-0.3096065,0.5190972,2.147569,12.57465,12.21354,12.38773,190.9288,129.1884,91.81858,133.8759,153.7326,190.4188,187.6194,193.4462,1,19.87007,-1.019965,99.74682,4.421016,8685.945
1/8/2026,05:13:14,12.63835,12.54861,1.630787,-0.3616898,0.5086806,2.079861,12.57755,12.2228,12.38947,190.8203,131.1198,91.80772,133.6046,153.2335,190.5382,187.4349,193.4462,1,19.87381,-1.023582,99.74682,4.360924,8686.019
1/8/2026,05:14:14,12.60218,12.55498,1.730324,-0.4056713,0.5011574,2.01794,12.58507,12.21933,12.39236,190.842,132.6931,91.91624,133.2357,152.7018,190.549,188.661,193.457,1,19.87381,-1.023582,99.74682,4.37919,8686.092
1/8/2026,05:15:14,12.91504,12.55556,1.795717,-0.4415509,0.4560186,2.006944,12.58449,12.2228,12.39468,190.7769,133.9735,92.02474,132.921,152.2244,190.5165,187.424,193.4679,1,16.17757,-1.019965,99.74682,3.287069,8686.149
1/8/2026,05:16:14,12.79026,12.55266,1.866319,-0.4704861,0.4108796,2.003472,12.57813,12.22569,12.39757,190.7009,134.809,91.89453,132.628,151.8012,190.4731,187.3264,193.5004,1,16.1813,-1.019965,99.7432,3.252176,8686.203
1/8/2026,05:17:14,13.10131,12.55729,1.920139,-0.4895833,0.3744212,2.008102,12.58565,12.23264,12.40046,190.7335,135.3733,91.90538,132.3134,151.5625,190.6142,187.5325,193.5221,1,12.61947,-1.023582,99.7432,2.369692,8686.248
1/8/2026,05:18:14,12.94488,12.55845,1.967014,-0.5075232,0.3391204,2.009259,12.58854,12.22743,12.40336,190.7444,135.6771,91.91624,131.9336,151.2587,190.4188,187.717,193.5113,1,12.61947,-1.019965,99.7432,2.336038,8686.287
1/8/2026,05:19:14,12.96748,12.56019,2.018518,-0.5219908,0.3078704,2.008102,12.58912,12.23148,12.40509,190.5382,136.122,91.79688,131.5538,150.9766,190.5273,187.8255,193.5221,1,12.61947,-1.023582,99.7432,2.337645,8686.327
1/8/2026,05:20:14,12.98647,12.56192,2.070023,-0.5335648,0.2783564,2.009259,12.59259,12.23206,12.40914,190.6358,136.6428,91.80772,131.2066,150.7813,190.5273,187.7279,193.5221,1,12.61574,-1.019965,99.7432,2.341813,8686.365
1/8/2026,05:21:14,12.96839,12.56366,2.121528,-0.5422454,0.254051,2.009259,12.59433,12.23669,12.41088,190.3971,137.066,91.68836,130.8485,150.5534,190.6033,187.6845,193.533,1,12.61947,-1.023582,99.7432,2.334036,8686.404
1/8/2026,05:22:14,12.98738,12.56713,2.175347,-0.5491898,0.2332176,2.008102,12.59433,12.23958,12.41262,190.5165,137.6085,91.69922,130.5121,150.3689,190.625,187.9449,193.5221,1,12.61574,-1.023582,99.7432,2.340906,8686.443
1/8/2026,05:23:14,12.74957,12.56481,2.239005,-0.5555556,0.2112268,2.007523,12.59491,12.24479,12.41551,190.5165,138.1293,91.57986,130.1107,150.0977,190.5816,187.6194,193.5547,1,16.57706,-1.019965,99.7432,3.284826,8686.485
1/8/2026,05:24:14,12.78212,12.56597,2.32581,-0.558449,0.1950232,2.007523,12.5978,12.23264,12.41493,190.408,139.3338,91.47136,129.3077,149.8481,190.5816,187.4566,193.5438,1,16.57706,-1.027199,99.7432,3.378965,8686.54
1/8/2026,05:25:14,12.8852,12.56771,2.409722,-0.5630787,0.1799768,2.005787,12.5978,12.2419,12.41724,190.4405,140.2995,91.3737,128.0816,149.6311,190.5056,187.4566,193.5764,1,16.57706,-1.027199,99.7432,3.404238,8686.598
1/8/2026,05:26:14,12.82281,12.56713,2.502315,-0.5659722,0.1666666,2.005787,12.59896,12.24016,12.42072,190.3212,141.2543,91.17839,126.5951,149.4358,190.6033,187.576,193.5764,1,16.57706,-1.023582,99.7432,3.374748,8686.653
1/8/2026,05:27:14,12.83908,12.56944,2.592592,-0.5677084,0.1539352,2.004051,12.60012,12.23901,12.42014,190.3429,141.9596,90.96137,125.1953,149.273,190.5165,187.2613,193.5764,1,16.57706,-1.023582,99.7432,3.393289,8686.71
1/8/2026,05:28:14,12.85717,12.57002,2.682292,-0.5706018,0.1435186,2.002893,12.60069,12.24306,12.42303,190.3103,142.8711,90.74436,124.0885,149.0994,190.6033,187.5,193.5981,1,16.57706,-1.023582,99.7432,3.383614,8686.767
1/8/2026,05:29:14,12.86169,12.57118,2.775463,-0.5758102,0.1342592,2.000579,12.60243,12.24479,12.42361,190.3429,143.6523,90.5382,123.2747,148.9258,190.7444,187.4783,193.5981,1,16.57706,-1.027199,99.7432,3.379191,8686.822
1/8/2026,05:30:14,12.85898,12.5816,2.869213,-0.5775463,0.1302084,2.000579,12.59317,12.24595,12.42708,190.3103,144.401,90.33203,122.6454,148.7413,190.625,187.6953,193.5872,1,16.57706,-1.027199,99.7432,3.390411,8686.88
1/8/2026,05:31:14,12.86621,12.58854,2.961806,-0.5763889,0.1255788,2.000579,12.58391,12.23727,12.43403,190.3863,145.0629,90.13672,122.1137,148.6111,190.625,187.5651,193.5764,1,16.57706,-1.027199,99.7432,3.381798,8686.937
1/8/2026,05:32:14,11.10569,12.59664,3.14757,-0.5804398,0.1215278,1.99537,12.57755,12.23901,12.4375,190.2127,145.7791,89.77865,121.6363,148.1662,190.4188,187.7713,193.6089,1,29.24507,-1.023582,99.7432,6.895222,8687.021
1/8/2026,05:33:14,11.06771,12.60069,3.375,-0.582176,0.1180556,1.994213,12.56944,12.23438,12.4375,190.3212,147.4718,89.58333,121.1589,147.9818,190.3429,187.6411,193.6089,1,29.24507,-1.023582,99.7432,6.902508,8687.137
1/8/2026,05:34:14,9.974501,12.56076,3.601852,-0.6030092,6.597221E-02,1.938079,12.49711,12.18287,12.43808,188.8455,147.2765,87.99913,119.043,145.8442,188.3355,188.1836,193.5981,0,36.63754,-1.023582,99.75043,8.598874,8687.262
1/8/2026,05:35:14,9.856952,12.5787,3.93287,-0.5318287,9.722221E-02,1.948495,12.52257,12.23148,12.43924,190.4839,150.7378,89.82204,120.3559,148.0035,190.6033,188.878,193.6306,0,36.63754,11.22685,99.75043,8.477098,8687.401
1/8/2026,05:36:14,9.190538,12.59375,4.271412,-0.494213,0.1018518,1.907986,12.52836,12.22569,12.43981,190.5816,152.9839,89.90885,119.7808,147.9167,190.7986,188.3247,193.6306,0,44.03375,15.89265,99.75405,9.594882,8687.548
1/8/2026,05:37:14,9.211335,12.60012,4.646412,-0.4577546,0.1018518,1.84838,12.51447,12.22454,12.44213,190.3971,155.0456,89.98481,119.3034,147.5477,190.8529,188.3247,193.5981,0,44.03375,23.20602,99.75405,9.503123,8687.705
1/8/2026,05:38:14,8.860497,12.60243,5.039352,-0.4236111,0.1018518,1.77662,12.51852,12.21991,12.43981,190.4297,156.9987,90.60329,119.184,147.2548,190.8746,188.4006,193.6306,0,51.42623,22.3669,99.75405,9.539903,8687.862
1/8/2026,05:39:14,8.887623,12.60359,5.47338,-0.3987269,0.1001158,1.711806,12.51157,12.2147,12.44213,190.2995,159.3208,91.11328,119.0864,146.799,190.8529,187.2721,193.6306,0,51.42623,25.85359,99.75405,10.04002,8688.034
1/8/2026,05:40:14,9.02597,12.60822,5.915509,-0.3784722,9.895837E-02,1.648148,12.50579,12.21007,12.44097,190.4188,161.6645,91.86198,119.0538,146.2782,190.8529,187.7062,193.6198,0,51.42623,33.9048,99.75043,9.848707,8688.199
1/8/2026,05:41:14,8.906611,12.61053,6.393518,-0.3582176,0.1012732,1.584491,12.49884,12.20891,12.44271,190.3429,164.1385,92.59982,119.0321,145.7574,190.7878,188.6827,193.6306,0,58.42667,39.42057,99.75405,10.09596,8688.368
1/8/2026,05:42:14,9.082935,12.61458,6.872685,-0.3396991,0.105324,1.527778,12.49537,12.21007,12.44213,190.3754,166.7643,93.39192,118.0447,145.3342,190.8637,187.9774,193.6306,0,58.42667,46.3831,99.75405,9.810699,8688.533
1/8/2026,05:43:14,9.121818,12.57928,7.332176,-0.3333333,8.680558E-02,1.448495,12.44907,12.20602,12.44329,190.2452,168.967,93.82595,115.5707,144.4553,190.4405,188.5634,193.6198,0,68.59319,51.93504,99.75405,9.847885,8688.696
1/8/2026,05:44:14,9.356011,12.5897,7.825232,-0.3165509,9.317124E-02,1.399884,12.45139,12.19792,12.44502,190.2995,171.2891,94.50954,114.1168,144.0104,190.5382,188.6719,193.6306,0,68.59319,56.51765,0.1374421,9.462964,8688.856
1/8/2026,05:45:14,9.534143,12.58681,8.313079,-0.2991898,9.143519E-02,1.345486,12.44271,12.1956,12.44387,190.3971,173.6003,95.11719,112.5217,143.5004,190.3863,189.171,193.6306,0,83.12052,62.78212,0.141059,9.315595,8689.017
1/8/2026,05:46:14,9.813549,12.58796,8.791667,-0.2835648,0.0925926,1.295717,12.43519,12.20197,12.44387,190.191,175.7487,95.58376,111.3824,142.9688,190.4188,189.171,193.6198,0,83.11679,66.00116,0.1229745,8.943324,8689.168
1/8/2026,05:47:14,10.11285,12.59028,9.270833,-0.2662037,0.09375,1.25,12.4294,12.19155,12.44329,190.4188,178.0165,96.10461,110.9267,142.513,190.332,188.8889,193.6198,0,97.64411,65.99754,0.1338252,8.642078,8689.314
1/8/2026,05:48:14,10.43475,12.5897,9.734375,-0.2494213,0.0925926,1.201389,12.4213,12.18808,12.44618,190.3863,180.3602,96.63628,109.9392,142.0139,190.3103,188.5959,193.6198,0,97.64411,65.99392,0.1374421,8.272209,8689.455
1/8/2026,05:49:14,11.11835,12.58681,10.16377,-0.2349537,9.027779E-02,1.154514,12.4103,12.18808,12.44792,190.3971,182.1289,97.03777,108.6046,141.4605,190.2669,188.7587,193.6198,0,48.15935,65.99392,0.1302083,7.249758,8689.591
1/8/2026,05:50:14,11.69614,12.58276,10.53125,-0.2216435,8.738422E-02,1.105324,12.39526,12.17593,12.45197,190.4405,183.7565,97.46094,107.997,140.8637,190.2452,188.5525,193.6632,0,43.50359,65.9903,0.1302083,6.975486,8689.704
1/8/2026,05:51:14,11.94028,12.58276,10.91609,-0.2083333,8.738422E-02,1.063079,12.38889,12.17188,12.45081,190.4405,185.3299,97.88412,107.7908,140.3429,190.2452,188.7153,193.6632,0,43.50359,65.9903,0.1374421,6.739264,8689.819
1/8/2026,05:52:14,12.19618,12.58333,11.29514,-0.1903935,8.796299E-02,1.022569,12.38079,12.17419,12.4537,190.3537,186.7188,98.31814,107.4219,139.8654,190.0391,188.5851,193.6632,0,43.49985,65.98669,0.1229745,6.579063,8689.931
1/8/2026,05:53:14,12.60579,12.58681,11.68634,-0.1759259,8.854163E-02,0.9849538,12.37326,12.1684,12.45776,190.3537,188.3355,98.53516,106.3585,139.3663,190.0391,188.7153,193.6741,0,43.50359,65.98669,0.1338252,6.796607,8690.042
1/8/2026,05:54:14,12.67723,12.58912,12.04688,-0.1608796,8.738422E-02,0.9479166,12.36574,12.16956,12.46354,190.3537,189.7244,98.75217,105.0022,138.7804,190.0499,188.6936,193.6849,0,43.50359,65.98669,0.1302083,5.985628,8690.148
1/8/2026,05:55:14,13.10945,12.60127,12.37037,-0.1435185,9.085643E-02,0.9172454,12.36574,12.16493,12.46817,190.3971,191.059,98.88238,104.1558,138.3029,190.1367,188.7261,193.7066,0,25.85872,65.98308,0.1157407,5.349668,8690.243
1/8/2026,05:56:14,13.27492,12.60127,12.24016,-0.1278935,8.969903E-02,0.8796296,12.35417,12.16088,12.47396,190.3537,191.569,99.19704,103.6133,137.717,190.0716,188.5525,193.7283,0,-3.240741,65.98308,0.1302083,0,8690.255
1/8/2026,05:57:14,13.51635,12.58333,12.19039,-0.1122685,8.854163E-02,0.847801,12.34664,12.15451,12.46701,190.4514,191.569,99.52257,103.1793,137.1853,190.0825,188.5851,193.7392,0,-3.251941,65.98308,0.1265914,0,8690.255
1/8/2026,05:58:14,13.40422,12.53472,12.17477,-9.780091E-02,8.217597E-02,0.8177084,12.24132,12.1522,12.45776,190.0282,191.2001,99.44662,101.9965,136.2196,189.3663,189.3229,193.6957,0,-3.259408,26.07422,0.1229745,0,8690.255
1/8/2026,05:59:14,13.37619,12.51331,12.19387,-6.712961E-02,8.738422E-02,0.7743056,12.10127,12.15394,12.44271,189.9089,191.2652,98.70877,101.0742,135.7205,188.9214,188.7912,193.6306,0,-3.263142,0.9259259,30.06004,0,8690.255
1/8/2026,06:00:14,13.5055,12.48785,12.20949,-6.597221E-02,8.738422E-02,0.7193288,12.0625,12.14294,12.43229,189.7786,191.0373,98.27474,100.7053,135.1996,188.7044,188.6502,193.5764,0,-3.263142,0.8897569,30.07813,0,8690.255
1/8/2026,06:01:14,13.33008,12.46238,12.22338,-6.539351E-02,8.506942E-02,0.646412,12.02141,12.14526,12.4184,189.6918,191.1675,98.16623,100.434,134.6246,188.3898,189.1167,193.5872,0,-3.266876,0.8716725,64.37355,0,8690.255
1/8/2026,06:02:14,13.43949,12.44155,12.24421,-6.539351E-02,8.564818E-02,0.5763888,11.98553,12.13484,12.40625,189.4857,191.3737,97.94922,99.96745,133.9627,188.2813,188.7153,193.533,0,-3.266876,0.8499711,64.33739,0,8690.255
1/8/2026,06:03:14,13.41688,12.43692,12.2772,-6.018519E-02,8.796299E-02,0.5167824,11.95949,12.13194,12.3941,189.3555,191.4497,97.81901,99.56597,133.1814,188.151,188.0642,193.4787,0,-3.270609,0.8391203,99.71788,0,8690.255
1/8/2026,06:04:14,13.38795,12.42361,12.29514,-5.902779E-02,8.680558E-02,0.4623842,11.92419,12.12558,12.38194,189.3663,191.4497,97.61285,98.87153,132.4219,187.934,188.5525,193.4462,0,-3.266876,0.8355035,99.73235,0,8690.255
1/8/2026,06:05:14,13.41417,12.41319,12.31539,-5.844909E-02,8.738422E-02,0.4131944,11.89178,12.12616,12.37095,189.388,191.4497,97.50434,98.32899,131.6406,187.8472,188.6068,193.4028,0,-3.270609,0.8282697,99.73958,0,8690.255
1/8/2026,06:06:14,13.42321,12.40799,12.33507,-5.613428E-02,8.796299E-02,0.3721064,11.85822,12.12037,12.3588,189.3772,191.6884,97.41753,97.89497,130.8811,187.7604,188.3138,193.3811,0,-3.270609,0.8246528,99.7432,0,8690.255
1/8/2026,06:07:14,13.43316,12.40799,12.35764,-4.224539E-02,8.912039E-02,0.3368056,11.79224,12.12153,12.34896,189.4423,191.9054,97.61285,97.59115,130.4796,188.0534,187.9991,193.3268,0,-3.270609,6.759983,99.74682,0,8690.255
1/8/2026,06:08:14,13.37891,12.41724,12.38599,-1.215279E-02,9.317124E-02,0.306713,11.68345,12.11458,12.33912,189.464,192.0898,98.06858,97.11372,129.9588,187.6736,187.1202,193.2943,0,-3.270609,4.061777,99.74682,0,8690.255
1/8/2026,06:09:14,13.40061,12.41551,12.39931,5.787611E-04,0.09375,0.2766204,11.60012,12.10706,12.32986,189.6701,192.1333,98.28559,96.21311,129.362,187.4783,187.7279,193.2617,0,-3.270609,3.794126,99.74682,0,8690.255
1/8/2026,06:10:14,13.41146,12.40451,12.40104,3.645837E-02,8.680558E-02,0.2453704,11.42072,12.10764,12.32292,189.4206,192.0898,99.19704,94.68316,128.7652,186.9249,188.2378,193.2617,0,-3.274343,6.300636,99.75043,0,8690.255
1/8/2026,06:11:14,13.39156,12.41724,12.41898,5.787039E-02,9.027779E-02,0.2251158,11.32986,12.10417,12.31771,189.464,192.1007,99.9566,93.41363,128.2878,186.5885,187.8906,193.2509,0,-3.270609,3.938802,99.75043,0,8690.255
1/8/2026,06:12:14,13.41869,12.40625,12.41435,8.912039E-02,8.217597E-02,0.1996528,11.1522,12.10185,12.3125,189.4857,192.0573,100.7487,92.1875,127.7018,186.0352,188.0534,193.1966,0,-3.274343,6.275319,99.75043,0,8690.255
1/8/2026,06:13:14,13.44401,12.41319,12.42361,0.1180556,8.101857E-02,0.1846064,11.01042,12.09722,12.30845,189.5725,192.1767,101.595,91.80772,127.3112,185.395,188.3138,193.1749,0,-3.270609,6.275319,99.75043,0,8690.255
1/8/2026,06:14:14,13.38885,12.42824,12.44213,0.167824,0.1047454,0.1736112,10.82986,12.09086,12.30671,189.6267,192.3069,102.7561,91.66666,127.0725,184.9501,187.8798,193.1641,0,-3.270609,7.96441,99.75043,0,8690.255
1/8/2026,06:15:14,13.4214,12.43403,12.44907,0.208912,0.1030092,0.1614584,10.65162,12.08681,12.30787,189.5291,192.296,104.0582,91.22179,126.8989,184.2991,188.2053,193.1532,0,-3.270609,7.552083,99.75043,0,8690.255
1/8/2026,06:16:14,13.38252,12.4375,12.45313,0.25,0.0925926,0.1510416,10.46412,12.08333,12.30845,189.3663,192.296,104.9696,90.7552,126.6819,183.6589,188.2813,193.1532,0,-3.270609,8.582899,99.75405,0,8690.255
1/8/2026,06:17:14,13.43859,12.44155,12.4566,0.3038194,8.969903E-02,0.1412038,10.25752,12.08102,12.31134,189.5074,192.4154,106.2717,90.45139,126.5191,183.0621,187.9774,193.1641,0,-3.270609,8.575665,99.75043,0,8690.255
1/8/2026,06:18:14,13.43497,12.44444,12.46354,0.3518518,8.680558E-02,0.1342592,10.05498,12.07697,12.31481,189.5725,192.3937,107.4436,90.08247,126.2153,182.1615,188.1402,193.1749,0,-3.270609,9.74754,99.75043,0,8690.255
1/8/2026,06:19:14,13.38252,12.45023,12.46875,0.4085648,8.738422E-02,0.129051,9.82118,12.07407,12.32002,189.4206,192.5022,108.7565,89.8329,125.9983,181.3477,188.2921,193.1749,0,-3.270609,9.751158,99.75043,0,8690.255
1/8/2026,06:20:14,13.40242,12.46644,12.48669,0.4739584,0.09375,0.1319444,9.600116,12.06713,12.32349,189.5942,192.4696,110.1563,89.60503,125.9115,180.5556,187.7279,193.1858,0,-3.270609,12.16363,99.75405,0,8690.255
1/8/2026,06:21:14,13.41055,12.47106,12.49363,0.5462962,0.0925926,0.1331018,9.321759,12.06366,12.32697,189.681,192.4696,111.773,89.31207,125.7053,179.6441,187.6953,193.2075,0,-3.270609,12.16724,99.75405,0,8690.255
1/8/2026,06:22:14,13.39066,12.47222,12.49537,0.6064814,9.317124E-02,0.130787,9.089699,12.05845,12.3287,189.6918,192.5781,113.1402,89.07336,125.4232,178.6567,187.9232,193.2292,0,-3.270609,11.62833,99.75405,0,8690.255
1/8/2026,06:23:14,13.42321,12.47801,12.50058,0.677662,0.0925926,0.1284722,8.815972,12.05382,12.33218,189.6918,192.5781,114.4206,88.80209,125.2062,177.6259,187.4892,193.2183,0,-3.270609,12.85445,99.75405,0,8690.255
1/8/2026,06:24:14,13.39247,12.48148,12.5081,0.7447916,1.504624E-02,0.125,8.572917,12.04803,12.34028,189.5833,192.5564,115.6575,88.53082,124.924,176.6276,187.6519,193.2292,1,-3.270609,12.84722,99.75043,0,8690.255
1/8/2026,06:25:14,13.4205,12.48843,12.5191,0.818287,-0.0925926,0.125,8.316551,12.04398,12.34201,189.681,192.6649,117.003,88.17274,124.6853,175.5751,187.5108,193.2509,1,-3.270609,13.32104,99.74682,0,8690.255
1/8/2026,06:26:14,13.46571,12.49595,12.52951,0.8813658,-0.1799769,0.1232638,8.085649,12.03762,12.34896,189.7678,192.6649,118.2943,87.80382,124.5117,174.5443,187.6411,193.2726,1,-3.270609,13.00998,99.74682,0,8690.255
1/8/2026,06:27:14,13.37619,12.49074,12.52257,0.9427084,-0.2575231,0.1163194,7.829283,12.02836,12.35127,189.5725,192.73,119.5421,87.46745,124.2839,173.7088,187.6302,193.3051,1,-3.270609,14.2976,99.74682,0,8690.255
1/8/2026,06:28:14,13.37438,12.50521,12.53704,1.004051,-0.3153935,0.1174768,7.619213,12.02431,12.35474,189.822,192.6758,120.6272,87.13108,124.1428,172.8624,187.5542,193.2726,1,-3.270609,13.20891,99.7432,0,8690.255
1/8/2026,06:29:14,13.42773,12.50984,12.54224,1.061921,-0.3680556,0.115162,7.390625,12.02951,12.36111,189.7135,192.6649,121.5712,86.89236,123.9258,171.875,187.7604,193.2834,1,-3.270609,14.51461,99.73958,0,8690.255
1/8/2026,06:30:14,13.42593,12.50521,12.53646,1.119213,-0.4143519,0.1105324,7.150463,12.01794,12.36748,189.7786,192.6215,122.602,86.46918,123.6437,171.2348,187.8798,193.3268,1,-3.274343,13.95038,99.73597,0,8690.255
1/8/2026,06:31:14,13.41508,12.51273,12.54572,1.182292,-0.4467593,0.1099538,6.934028,12.01794,12.37326,189.8655,192.806,123.622,86.36067,123.253,171.0829,188.5417,193.3485,1,-3.270609,15.9252,99.73597,0,8690.255
1/8/2026,06:32:14,13.41598,12.50926,12.53935,1.251158,-0.4751157,0.109375,6.689236,12.01273,12.37674,189.9197,192.6432,124.6202,86.07856,119.9653,170.7899,189.171,193.3702,1,-3.274343,16.56901,0.1446759,0,8690.255
1/8/2026,06:33:14,13.37258,12.50579,12.54051,1.314815,-0.4982639,0.1059028,6.460648,12.0081,12.38368,189.974,192.6432,125.6727,85.9375,115.8963,170.5512,189.2036,193.3702,1,-3.274343,17.87109,0.1229745,0,8690.255
1/8/2026,06:34:14,13.42954,12.52662,12.56134,1.402778,-0.5104166,0.1111112,6.226273,12.00637,12.38831,190.0499,192.6432,126.7578,85.90495,112.9015,170.28,188.1619,193.3702,1,-3.270609,18.63788,0.1302083,0,8690.255
1/8/2026,06:35:14,13.40332,12.53356,12.55556,1.479745,-0.5248842,0.1076388,5.994213,12.00058,12.3941,189.9631,192.6649,127.8429,85.79644,110.4709,169.7483,189.2578,193.4028,1,-3.270609,18.89106,0.1085069,0,8690.255
1/8/2026,06:36:14,13.3988,12.53588,12.56944,1.564236,-0.535301,0.1099538,5.743055,11.99016,12.39931,189.8329,192.7734,129.069,85.67709,108.7565,169.4119,188.5308,193.4245,1,-3.274343,21.11907,0.1121238,0,8690.255
1/8/2026,06:37:14,13.41146,12.52836,12.5625,1.628472,-0.5462963,0.103588,5.534143,11.98958,12.40451,189.6918,192.4805,129.9262,85.31902,106.3911,168.5221,189.2687,193.4462,1,-3.270609,3.960504,0.1012731,0,8690.255
1/8/2026,06:38:14,12.67994,12.56192,12.59838,1.655092,-0.5439815,0.1122686,5.556134,11.97859,12.41088,189.9523,192.7192,130.089,85.19965,104.6115,168.4462,188.52,193.4679,1,16.17757,-0.6221065,0.1085069,3.208726,8690.262
1/8/2026,06:39:14,12.86259,12.56944,12.60069,1.733796,-0.5503472,0.1122686,5.554977,11.97106,12.41667,189.9523,192.5022,130.7292,85.1237,103.8303,168.4679,188.2378,193.5113,1,20.40024,-0.6257234,0.1085069,4.664568,8690.322
1/8/2026,06:40:14,13.02807,12.57176,12.6059,1.83912,-0.5572916,0.113426,5.552662,11.96412,12.42188,190.0608,192.513,131.8902,85.04774,103.418,168.7825,188.0968,193.5004,1,20.40024,-0.6221065,9.765625E-02,4.762002,8690.401
1/8/2026,06:41:14,12.97924,12.58044,12.61285,1.944444,-0.5590278,0.1140046,5.546875,11.95486,12.42651,190.0825,192.6324,133.2899,84.93924,102.4306,168.7934,187.934,193.5004,1,20.13889,-0.6221065,0.10489,4.628152,8690.48
1/8/2026,06:42:14,12.97924,12.58565,12.61863,2.049768,-0.5636574,0.1140046,5.542824,11.96933,12.43229,190.1801,192.6215,134.6897,84.81988,101.5625,168.9019,188.1293,193.5221,1,20.13889,-0.6257234,9.765625E-02,4.596028,8690.557
1/8/2026,06:43:14,13.00094,12.58854,12.62326,2.149306,-0.5659722,0.113426,5.540509,11.95139,12.4375,190.1476,192.6215,135.9592,84.70052,101.1936,168.9128,187.9232,193.5547,1,20.13889,-0.6257234,0.10489,4.596345,8690.634
1/8/2026,06:44:14,13.25955,12.5897,12.62269,2.223958,-0.5706018,0.1105324,5.533565,11.95023,12.44213,190.0499,192.7409,136.9141,84.55946,100.6944,168.7717,187.8689,193.5547,1,16.44639,-0.6221065,0.10489,3.432556,8690.695
1/8/2026,06:45:14,13.13567,12.59375,12.62558,2.299768,-0.5711806,0.1128472,5.528357,11.94502,12.44502,190.0391,192.7409,137.8689,84.36414,100.1411,168.674,187.6302,193.6089,1,16.44639,-0.6257234,9.765625E-02,3.428897,8690.752
1/8/2026,06:46:14,13.34545,12.59722,12.62963,2.353588,-0.5729166,0.1116898,5.521991,11.94734,12.45197,189.9523,192.73,138.6176,84.16884,99.59852,168.5547,188.3464,193.6089,1,12.88456,-0.6257234,0.1012731,2.445152,8690.8
1/8/2026,06:47:14,13.28215,12.60474,12.63715,2.403357,-0.5752315,0.1128472,5.518518,11.93692,12.45428,190.1584,192.7409,139.2361,83.97353,99.34896,168.3485,187.8472,193.6306,1,12.88456,-0.6257234,9.042245E-02,2.441471,8690.84
1/8/2026,06:48:14,13.40242,12.60474,12.63773,2.440393,-0.5758102,0.1105324,5.511574,11.92882,12.45833,189.9523,192.73,139.681,83.74566,99.07769,168.1423,187.8689,193.6523,1,9.192055,-0.6257234,9.765625E-02,0,8690.863
1/8/2026,06:49:14,13.3563,12.60995,12.64063,2.474537,-0.5769676,0.1105324,5.505787,11.92651,12.46296,190.1476,192.8494,139.9957,83.45269,98.67622,167.9471,187.9123,193.6415,1,9.192055,-0.6257234,9.765625E-02,0,8690.863
1/8/2026,06:50:14,13.3563,12.61516,12.64583,2.507523,-0.5775463,0.1122686,5.501736,11.9213,12.46644,190.0391,192.7517,140.2344,83.06207,98.25304,167.8494,187.9015,193.6849,1,9.188321,-0.6293403,0.1085069,0,8690.863
1/8/2026,06:51:14,13.38524,12.61516,12.64294,2.537037,-0.5792824,0.1105324,5.493055,11.92593,12.47049,190.0174,192.8277,140.5165,82.59549,98.01432,167.7083,187.6845,193.6849,1,9.192055,-0.6293403,0.1012731,0,8690.863
1/8/2026,06:52:14,12.86892,12.62269,12.65278,2.593171,-0.5804398,0.1105324,5.490741,11.91551,12.47569,190.1259,192.73,140.8312,82.25911,97.80816,167.6215,187.717,193.7066,1,17.2379,-0.6293403,7.957176E-02,3.383072,8690.873
1/8/2026,06:53:14,13.15828,12.62558,12.65451,2.690972,-0.5810185,0.113426,5.483796,11.91435,12.47974,190.2344,192.8494,141.6775,81.92274,97.602,167.513,187.6519,193.7283,1,17.2379,-0.6293403,0.10489,3.685092,8690.934
1/8/2026,06:54:14,13.42683,12.62731,12.65799,2.784722,-0.5729166,0.1111112,5.476273,11.90683,12.48264,190.2452,192.7517,142.73,81.40191,97.30903,167.2092,187.7496,193.7175,0,9.192055,-0.6293403,0.1085069,3.071344,8690.994
1/8/2026,06:55:14,13.22338,12.5978,12.62558,2.788194,-0.5572916,0.1024306,5.373264,11.90394,12.4838,190.2886,192.8819,143.3919,81.17404,96.90755,167.2852,189.4314,193.7283,0,9.192055,9.215857,0.1193576,0,8691.005
1/8/2026,06:56:14,13.39789,12.60012,12.62905,2.824074,-0.537037,0.1006944,5.270255,11.89815,12.48901,190.2778,192.8819,143.6089,81.25,95.72483,166.8511,189.2361,193.7283,0,9.192055,9.205006,0.1229745,0,8691.005
1/8/2026,06:57:14,12.97381,12.60995,12.63947,2.935185,-0.5167824,0.1041666,5.16956,11.8941,12.49248,190.2995,192.8928,144.26,81.57552,94.88932,166.3954,188.9866,193.7283,0,18.1601,11.50897,0.1229745,3.909422,8691.057
1/8/2026,06:58:14,13.227,12.61748,12.64641,3.050926,-0.4936343,0.1059028,5.025463,11.88599,12.49306,190.2995,193.0122,145.3342,82.0638,94.31424,165.918,188.8238,193.7392,0,18.1601,15.98669,0.1229745,3.960113,8691.122
1/8/2026,06:59:14,12.04517,12.62847,12.65567,3.244213,-0.4699074,0.1105324,4.892361,11.88599,12.49653,190.4405,193.023,146.6146,82.77995,93.71745,165.3212,189.1276,193.7826,0,27.00493,15.87457,0.1229745,6.612641,8691.216
1/8/2026,07:00:14,12.62207,12.625,12.6522,3.45544,-0.447338,0.1105324,4.736111,11.88252,12.49826,190.3754,193.0339,148.2639,83.5829,92.9579,164.7787,188.7912,193.8151,0,27.0012,20.84057,0.1229745,7.001588,8691.33
1/8/2026,07:01:14,12.49819,12.6331,12.66088,3.6875,-0.4189815,0.1122686,4.579282,11.87442,12.50231,190.3212,193.1532,150.0325,84.54861,92.44791,164.171,188.8889,193.8151,0,27.00493,23.32899,0.1229745,6.874296,8691.446
1/8/2026,07:02:14,12.49457,12.63079,12.65741,3.909722,-0.390625,0.1105324,4.421875,11.87326,12.50231,190.3212,192.9145,151.8338,85.51432,91.89453,163.5417,188.9866,193.8151,0,27.00493,28.81944,0.1265914,6.865642,8691.561
1/8/2026,07:03:14,11.16084,12.63079,12.65683,4.195602,-0.3640046,0.109375,4.270833,11.86863,12.50231,190.3103,193.023,153.7435,86.54514,91.39539,162.8798,189.1167,193.8042,0,36.90636,36.75492,0.1193576,9.445867,8691.688
1/8/2026,07:04:14,11.58673,12.6441,12.66956,4.574653,-0.3310185,0.1128472,4.131945,11.85938,12.50463,190.4405,193.0339,156.1741,87.53255,91.24349,162.424,188.1836,193.8151,0,36.90263,42.03921,0.1157407,9.885099,8691.849
1/8/2026,07:05:14,12.5217,12.62442,12.65278,4.913195,-0.3090278,0.1064814,3.988426,11.85822,12.50463,190.332,193.1098,158.9193,88.47656,90.625,161.7405,188.8129,193.826,0,28.45729,47.03415,0.1229745,7.839616,8692.01
1/8/2026,07:06:14,12.46383,12.64526,12.67535,5.217593,-0.2725694,0.1128472,3.865162,11.85359,12.50463,190.3103,193.1315,161.0352,89.46397,90.23438,161.263,186.9249,193.8042,0,28.45729,54.26432,0.1193576,7.351967,8692.136
1/8/2026,07:07:14,11.66269,12.62963,12.65972,5.5,-0.2482639,0.1082176,3.733796,11.84375,12.50347,190.4948,193.1315,162.9666,90.28863,89.8112,160.6662,188.1836,193.8151,0,38.0899,58.61545,0.1229745,7.324045,8692.257
1/8/2026,07:08:14,11.50445,12.62789,12.65799,5.931134,-0.2204861,0.1076388,3.612268,11.83507,12.50637,190.2778,193.1207,165.2886,91.11328,89.56163,160.1563,188.2921,193.8151,0,38.09364,64.05165,0.1193576,9.728342,8692.413
1/8/2026,07:09:14,11.69434,12.62731,12.65856,6.380787,-0.1909722,0.1087962,3.497107,11.83276,12.50405,190.3971,193.1207,167.8385,91.98133,89.0625,159.7005,188.6176,193.8151,0,38.09364,65.84202,0.1229745,9.77774,8692.577
1/8/2026,07:10:14,11.02521,12.62326,12.65509,6.900463,-0.1643519,0.1047454,3.384259,11.82928,12.50405,190.3754,193.1098,170.5295,92.79514,88.80209,159.0495,188.1836,193.8042,0,46.93847,65.83839,0.1229745,10.77135,8692.753
1/8/2026,07:11:14,11.2793,12.63079,12.66146,7.444445,-0.1313657,0.1087962,3.280093,11.83102,12.50405,190.2886,193.1315,173.329,93.63064,88.65017,158.6263,188.6393,193.8151,0,46.9422,65.83478,0.1157407,10.75236,8692.934
1/8/2026,07:12:14,11.39413,12.62731,12.66088,7.984954,-0.1024306,0.1082176,3.17882,11.82813,12.50289,190.3754,193.1424,175.9657,94.42274,88.42231,158.0946,188.4874,193.8151,0,46.93847,65.83478,0.1265914,10.4501,8693.11
1/8/2026,07:13:14,11.52525,12.62789,12.66204,8.519097,-7.118058E-02,0.109375,3.079282,11.82234,12.50347,190.2018,193.1315,178.4288,95.27995,88.03168,157.5629,188.4332,193.8042,0,46.93847,65.83116,0.1265914,10.09324,8693.281
1/8/2026,07:14:14,11.68349,12.62616,12.66319,9.045139,-4.456019E-02,0.1087962,2.986111,11.8125,12.5,190.3863,193.1315,180.957,96.1263,87.68446,157.0313,188.6719,193.8151,0,46.93847,65.82755,0.1157407,9.7307,8693.446
1/8/2026,07:15:14,11.83178,12.62558,12.66319,9.55787,-0.0150463,0.109375,2.894097,11.81366,12.49942,190.2995,193.2509,183.3333,96.95096,87.15278,156.5321,188.6936,193.8151,0,46.9422,65.82755,0.1157407,9.306938,8693.605
1/8/2026,07:16:14,12.21698,12.62731,12.66262,10.02431,1.331019E-02,0.1163194,2.806134,11.80498,12.50289,190.3429,193.0773,185.3082,97.75391,86.24132,156.0004,187.4023,193.8042,0,41.26344,65.82755,0.1229745,8.374183,8693.751
1/8/2026,07:17:14,12.28841,12.62674,12.66262,10.4566,4.108799E-02,0.0769676,2.721065,11.80324,12.49942,190.2235,193.0773,187.3264,98.60026,86.773,155.4796,187.5868,193.8042,1,41.2597,65.83116,0.10489,7.838814,8693.887
1/8/2026,07:18:14,12.42314,12.63079,12.6684,10.88194,7.118058E-02,-0.0329861,2.642361,11.78819,12.5,190.1584,193.1098,189.0625,99.42491,87.53255,155.1107,187.2938,193.8042,1,41.26344,65.83116,9.403935E-02,7.466131,8694.014
1/8/2026,07:19:14,12.55697,12.63079,12.66782,11.27546,9.837961E-02,-0.1226852,2.563658,11.79456,12.50231,190.2669,193.099,190.549,100.2062,88.21615,154.5681,187.2179,193.8042,1,41.2597,65.83478,9.042245E-02,7.054077,8694.135
1/8/2026,07:20:14,12.6926,12.63137,12.6684,11.64526,0.1267362,-0.1956019,2.489005,11.78993,12.50116,190.2561,193.099,192.1658,100.9657,88.70442,154.1124,187.6519,193.8042,1,41.26344,65.83478,0.1085069,6.58699,8694.247
1/8/2026,07:21:14,12.7785,12.63079,12.67014,11.98785,0.1539352,-0.2604167,2.414352,11.78241,12.50231,190.1584,193.0881,193.3377,101.7036,89.13845,153.6133,187.1962,193.8151,1,41.26344,65.83116,8.680556E-02,6.065467,8694.354
1/8/2026,07:22:14,14.12127,12.63252,12.67014,12.19039,0.1805556,-0.3177083,2.345486,11.77373,12.50174,190.2018,193.2075,194.5095,102.3655,89.48568,153.2878,187.2287,193.8151,1,-3.237007,65.83478,9.765625E-02,0,8694.443
1/8/2026,07:23:14,13.04434,12.62616,12.67014,12.07813,0.2141204,-0.3645833,2.279514,11.78067,12.49711,190.2778,193.2292,194.4987,103.0816,89.86546,152.7886,187.2938,193.7934,1,-3.244474,65.83478,8.680556E-02,0,8694.443
1/8/2026,07:24:14,13.95219,12.61574,12.66204,12.01389,0.2424768,-0.40625,2.212963,11.7691,12.49074,190.3863,193.2183,194.2925,103.7869,90.14757,152.398,187.3155,193.7717,1,-3.255675,65.83478,9.765625E-02,0,8694.443
1/8/2026,07:25:14,13.46842,12.58796,12.63542,11.94271,0.2592592,-0.443287,2.153357,11.76331,12.48148,190.1476,193.0664,193.9345,104.286,90.12587,151.6602,187.8689,193.7392,1,-3.263142,9.418403,8.680556E-02,0,8694.443
1/8/2026,07:26:14,13.27221,12.58102,12.62963,11.92245,0.2980324,-0.4675926,2.070602,11.55324,12.47512,190.0174,193.1858,193.9453,104.8177,90.50565,151.5733,187.8906,193.7066,1,-3.263142,12.43851,18.5583,0,8694.443
1/8/2026,07:27:14,13.41055,12.57581,12.62674,11.92072,0.4189814,-0.484375,1.967592,11.10012,12.46701,190.0608,193.1749,194.043,106.5321,90.6684,150.9223,186.3281,193.6523,1,-3.266876,17.86024,28.03458,0,8694.443
1/8/2026,07:28:14,13.48289,12.56713,12.61979,11.92303,0.5613426,-0.4994213,1.773148,10.59375,12.45949,189.9414,193.1641,193.826,109.2231,90.7552,150.0542,184.4944,193.6632,1,-3.266876,20.58739,48.52792,0,8694.443
1/8/2026,07:29:14,13.3997,12.57349,12.62558,11.94792,0.6793982,-0.5104166,1.573495,10.19213,12.4537,189.974,193.1098,193.9887,111.8707,90.95052,149.0017,183.2791,193.6306,1,-3.270609,16.28689,48.60388,0,8694.443
1/8/2026,07:30:14,13.40965,12.56597,12.62153,11.96528,0.791088,-0.5208334,1.371528,9.806713,12.44329,190.0065,193.1207,193.9779,114.0082,91.10242,147.6454,180.6966,193.6198,1,-3.270609,16.32306,82.56293,0,8694.443
1/8/2026,07:31:14,13.3988,12.54514,12.5978,11.95139,0.8697916,-0.5347222,1.191551,9.48669,12.43634,189.7569,193.0556,193.9453,115.7444,91.14584,146.3867,180.4362,193.6089,1,-3.270609,11.57046,82.57017,0,8694.443
1/8/2026,07:32:14,13.38704,12.5625,12.6169,12.00521,0.953125,-0.5341435,1.043403,9.220486,12.42998,189.822,192.9796,194.0755,117.0681,91.29774,145.5621,178.1901,193.533,1,-3.270609,12.98466,99.71065,0,8694.443
1/8/2026,07:33:14,13.44039,12.55382,12.61111,12.0191,1.023148,-0.5381944,0.912037,8.934028,12.42245,189.9523,192.9796,194.0972,118.316,91.27604,144.6072,176.671,193.533,1,-3.274343,12.98105,99.71788,0,8694.443
1/8/2026,07:34:14,13.40875,12.52836,12.58044,11.99653,1.074653,-0.546875,0.7945602,8.675347,12.41493,189.7895,192.9579,194.1623,119.2708,91.11328,143.5547,176.161,193.533,1,-3.274343,13.96484,99.7215,0,8694.443
1/8/2026,07:35:14,13.42502,12.53472,12.5897,12.03414,1.166088,-0.5462963,0.7002314,8.373842,12.40799,189.8329,193.0013,194.0864,120.497,91.06988,143.023,174.5443,193.4679,1,-3.270609,14.46398,99.7215,0,8694.443
1/8/2026,07:36:14,13.43226,12.51968,12.57407,12.03819,1.23206,-0.552662,0.613426,8.112847,12.40162,189.7135,192.9688,194.1949,121.658,90.90712,142.2526,173.5894,193.457,1,-3.270609,15.56713,99.72511,0,8694.443
1/8/2026,07:37:14,13.42773,12.5272,12.58276,12.0787,1.336227,-0.5515046,0.541088,7.804399,12.39468,189.8763,192.9904,194.4227,122.9058,90.86372,141.6992,171.4844,193.4353,1,-3.274343,17.48047,99.72874,0,8694.443
1/8/2026,07:38:14,13.43045,12.51794,12.5706,12.09259,1.420717,-0.5561342,0.4774306,7.538195,12.38773,189.7786,192.9145,194.3359,124.2296,90.7552,141.3846,169.8242,193.4136,1,-3.270609,16.23626,99.72511,0,8694.443
1/8/2026,07:39:14,13.40875,12.49074,12.54456,12.07523,1.512153,-0.5613426,0.4189814,7.233217,12.38137,189.605,192.9362,194.26,125.4449,90.52734,141.0156,169.7483,193.3811,1,-3.274343,20.93099,99.72874,0,8694.443
1/8/2026,07:40:14,13.42683,12.50984,12.56539,12.13947,1.630208,-0.5549768,0.3726852,6.962963,12.375,189.4748,192.9904,194.4227,126.8989,90.48394,140.8312,170.9418,193.3702,1,-3.274343,18.84042,99.72874,0,8694.443
1/8/2026,07:41:14,13.42231,12.49479,12.54977,12.14526,1.733217,-0.5601852,0.3298612,6.668403,12.36979,189.6918,192.8819,194.5204,128.2335,90.34288,140.6358,167.3828,193.3377,1,-3.270609,26.85909,99.72874,0,8694.443
1/8/2026,07:42:14,13.38885,12.48785,12.54224,12.16377,1.847222,-0.5619213,0.2916666,6.376157,12.36401,189.6701,193.0013,194.6289,129.6332,90.21268,140.332,166.2869,193.3051,1,-3.274343,25.06872,99.72874,0,8694.443
1/8/2026,07:43:14,13.42954,12.48264,12.53762,12.18576,1.958912,-0.5642361,0.2581018,6.115741,12.36053,189.7895,192.9145,194.6289,131.0004,90.08247,139.898,163.4332,193.3051,1,-3.274343,28.31669,99.73235,0,8694.443
1/8/2026,07:44:14,13.40513,12.4809,12.53414,12.21412,2.07581,-0.5636574,0.230324,5.84838,12.35417,189.681,192.9145,194.7374,132.3242,89.94141,139.7135,162.0226,193.2943,1,-3.274343,36.62109,99.73235,0,8694.443
1/8/2026,07:45:14,13.42321,12.47685,12.53299,12.23901,2.190972,-0.5630787,0.207176,5.603588,12.34838,189.7027,192.9145,194.8676,133.6263,89.86546,139.247,160.905,193.2509,1,-3.274343,41.50752,99.73235,0,8694.443
1/8/2026,07:46:14,13.463,12.43576,12.48322,12.19965,2.260995,-0.5943287,0.1574074,5.33912,12.34317,188.4115,191.6667,193.6415,133.5395,88.08594,137.1094,159.0929,193.2509,1,-3.274343,55.95703,99.72874,0,8694.443
1/8/2026,07:47:14,13.39247,12.4537,12.50579,12.25752,2.396412,-0.5653935,0.1672454,5.146412,12.33796,189.6701,192.9037,194.8459,135.97,89.49653,138.5525,158.7131,193.2509,0,-3.274343,62.57233,99.73235,0,8694.443
1/8/2026,07:48:14,13.42954,12.45776,12.50926,12.28993,2.509838,-0.5578704,0.1539352,4.94213,12.33276,189.7027,192.8928,195.0629,137.0877,89.39887,138.3464,157.5521,193.2292,0,-3.270609,65.8167,99.73235,0,8694.443
1/8/2026,07:49:14,13.43768,12.45139,12.50174,12.31019,2.609954,-0.5515046,0.1435186,4.746528,12.32928,189.7027,192.9037,195.0521,138.1293,89.23611,138.0534,156.4345,193.1858,0,-3.274343,65.81308,99.73235,0,8694.443
1/8/2026,07:50:14,13.4196,12.45081,12.50174,12.33333,2.711806,-0.5405092,0.1342592,4.565972,12.32581,189.6159,192.806,195.1606,139.1276,89.09505,137.8472,154.9696,193.1749,0,-3.274343,65.80946,99.73235,0,8694.443
1/8/2026,07:51:14,13.44582,12.44907,12.49769,12.35474,2.804977,-0.5329861,0.1261574,4.399884,12.32176,189.4965,192.9145,195.1823,140.1042,88.96484,137.6411,154.1992,193.1858,0,-3.274343,65.80585,99.73235,0,8694.443
1/8/2026,07:52:14,13.3997,12.44213,12.49363,12.37153,2.893518,-0.4913194,0.1232638,4.240741,12.31771,189.4423,192.6215,194.987,140.7227,88.55251,137.0985,153.776,193.1532,0,-3.270609,22.72136,99.73958,0,8694.443
1/8/2026,07:53:14,13.43045,12.40567,12.44734,12.34086,2.849537,-0.4733796,0.078125,4.191551,12.31539,187.9123,190.8746,193.3594,139.5725,86.63194,134.6788,152.2244,193.1207,0,-3.274343,3.428819,99.73958,0,8694.443
1/8/2026,07:54:14,13.41869,12.43229,12.47974,12.39757,2.875,-0.3177083,0.1174768,4.13831,12.30961,189.605,192.9253,195.2691,141.3629,89.14931,137.207,152.5608,193.099,0,-3.274343,13.45486,99.7432,0,8694.443
1/8/2026,07:55:14,13.39428,12.4294,12.47685,12.41493,2.865162,-0.21875,0.1145834,4.003472,12.30556,189.605,192.9037,195.2799,141.2218,89.8763,136.9032,151.8012,193.099,0,-3.270609,15.8818,99.7432,0,8694.443
1/8/2026,07:56:14,13.37167,12.39352,12.4294,12.37847,2.811921,-0.162037,6.944442E-02,3.8125,12.30151,187.9123,190.8963,193.6198,139.2904,89.09505,134.2231,150.7162,193.099,0,-3.270609,19.40104,99.7432,0,8694.443
1/8/2026,07:57:14,13.40875,12.42072,12.46354,12.43461,2.842592,-0.0306713,0.1076388,3.677083,12.29572,189.5616,192.7734,195.3559,140.9614,93.69575,136.2956,150.1628,193.0881,0,-3.270609,20.7827,99.7432,0,8694.443
1/8/2026,07:58:14,13.40422,12.42882,12.47454,12.46759,2.846065,0.0457176,0.1087962,3.5,12.29572,189.8438,192.806,195.5187,140.9288,96.36502,136.2088,148.6654,193.0122,0,-3.270609,23.4809,99.74682,0,8694.443
1/8/2026,07:59:14,13.42412,12.41956,12.46586,12.46701,2.833333,0.1041666,0.1041666,3.31713,12.29051,189.7352,192.7192,195.3993,140.7661,98.87153,135.8398,147.9275,193.023,0,-3.270609,31.93359,99.74682,0,8694.443
1/8/2026,08:00:14,13.44672,12.42882,12.47569,12.49653,2.836806,0.1516204,0.105324,3.144097,12.28935,189.6376,192.8168,195.5187,140.701,100.9006,135.753,145.9744,193.023,0,-3.274343,37.11299,99.74682,0,8694.443
1/8/2026,08:01:14,13.3563,12.38831,12.42303,12.44329,2.79456,0.1388888,6.597221E-02,2.975694,12.28762,188.2813,191.1024,193.9887,140.625,102.4523,133.4093,144.7374,193.023,0,-3.270609,41.9958,99.7432,0,8694.443
1/8/2026,08:02:14,13.43497,12.41956,12.46065,12.49826,2.81713,0.2025462,0.1030092,2.820602,12.28646,189.5182,192.806,195.497,140.5165,103.8086,135.102,144.1515,193.0013,0,-3.274343,49.62023,99.7432,0,8694.443
1/8/2026,08:03:14,13.40603,12.43924,12.48148,12.53414,2.831597,0.238426,0.105324,2.672454,12.28704,189.6701,192.9579,195.638,140.4622,105.1215,135.0043,141.8837,193.0122,0,-3.274343,54.08348,99.74682,0,8694.443
1/8/2026,08:04:14,13.41508,12.43113,12.47222,12.52546,2.820023,0.261574,0.103588,2.537037,12.28935,189.6267,192.9362,195.6597,140.3537,106.2392,134.6571,141.5907,193.023,0,-3.270609,60.76389,99.74682,0,8694.443
1/8/2026,08:05:14,13.45938,12.43403,12.47859,12.53241,2.818287,0.2893518,0.1041666,2.403357,12.28877,189.6593,192.8277,195.714,140.3212,107.3025,134.451,140.5599,193.0013,0,-3.270609,64.45313,99.7432,0,8694.443
1/8/2026,08:06:14,13.40784,12.42766,12.47049,12.52662,2.80787,0.3454862,0.103588,2.282408,12.28935,189.6267,192.8168,195.6055,140.2127,108.3767,134.0929,139.8329,193.0122,0,-3.270609,65.83478,99.7432,0,8694.443
1/8/2026,08:07:14,13.39518,12.42824,12.47164,12.52894,2.804398,0.3912038,0.103588,2.167824,12.28993,189.6484,192.8385,195.7248,140.1801,109.3533,133.9193,138.4006,193.023,0,-3.270609,65.83116,99.74682,0,8694.443
1/8/2026,08:08:14,13.40422,12.4294,12.47164,12.53241,2.800926,0.4340278,0.1030092,2.057292,12.28877,189.6593,192.7192,195.6163,140.115,110.1997,133.6697,137.3372,193.023,0,-3.274343,65.82755,99.75043,0,8694.443
1/8/2026,08:09:14,13.4196,12.4294,12.47164,12.53414,2.798611,0.462963,0.1030092,1.958333,12.29109,189.7461,192.8277,195.714,140.115,110.9809,133.3442,135.9917,193.0122,0,-3.270609,65.82393,99.74682,0,8694.443
1/8/2026,08:10:14,13.40784,12.43229,12.47627,12.53935,2.797454,0.505787,0.1024306,1.865162,12.29051,189.5616,192.8385,195.638,140.0716,111.7188,133.1597,134.6897,193.0122,0,-3.270609,65.82393,99.74682,0,8694.443
1/8/2026,08:11:14,13.40332,12.43229,12.47685,12.53935,2.795139,0.5393518,0.1024306,1.774306,12.29109,189.6484,192.8385,195.7031,139.9631,112.3589,132.8233,133.0946,193.023,0,-3.270609,65.82031,99.75043,0,8694.443
1/8/2026,08:12:14,13.44401,12.43403,12.47743,12.54456,2.791667,0.5763888,0.1030092,1.690393,12.2934,189.6701,192.8602,195.7357,139.9414,112.9449,132.6497,132.1181,193.023,0,-3.270609,65.82031,99.75043,0,8694.443
1/8/2026,08:13:14,13.42321,12.43519,12.47801,12.54514,2.792245,0.6087962,0.1012732,1.614583,12.29456,189.6593,192.7517,195.6272,139.9306,113.4006,131.5864,130.9896,193.023,0,-3.270609,65.82031,99.75043,0,8694.443
1/8/2026,08:14:14,13.37077,12.41551,12.45602,12.50926,2.771991,0.636574,0.1006944,1.543403,12.2934,189.5182,192.4805,195.4753,139.605,113.4983,120.3559,131.6949,193.023,0,-3.270609,65.8167,28.07075,0,8694.443
1/8/2026,08:15:14,13.44491,12.42361,12.4647,12.52604,2.776042,0.6655092,0.1012732,1.465278,12.2934,189.7135,192.8168,195.6923,139.8221,114.3229,110.6879,130.3168,193.0122,0,-3.270609,65.8167,0.141059,0,8694.443
1/8/2026,08:16:14,13.42231,12.42477,12.46644,12.52546,2.774884,0.6961806,0.1012732,1.41088,12.29456,189.7135,192.7083,195.5729,139.7569,114.8003,103.8194,129.2969,193.023,0,-3.270609,65.8167,0.1265914,0,8694.443
1/8/2026,08:17:14,13.42231,12.42419,12.46817,12.53009,2.772569,0.730324,0.1001158,1.352431,12.29514,189.7135,192.8168,195.5838,139.8221,115.2561,98.95833,128.7435,193.023,0,-3.270609,65.8167,0.1374421,0,8694.443
1/8/2026,08:18:14,13.44311,12.42419,12.46817,12.52951,2.773727,0.7534722,0.1012732,1.297454,12.29688,189.5942,192.7192,195.6597,139.7135,115.6467,95.12804,127.8971,193.0122,0,-3.270609,65.8167,0.1302083,0,8694.443
1/8/2026,08:19:14,13.39066,12.42766,12.47338,12.53241,2.773148,0.78125,9.895837E-02,1.246528,12.29745,189.7135,192.7192,195.6923,139.7135,116.0265,92.53472,127.0942,193.0447,0,-3.270609,65.81308,0.1338252,0,8694.443
1/8/2026,08:20:14,13.40061,12.42593,12.46875,12.53356,2.773148,0.7962962,0.1012732,1.198495,12.29803,189.7027,192.806,195.6814,139.7027,116.4605,90.82031,126.3021,193.023,0,-3.270609,65.81308,0.1265914,0,8694.443
1/8/2026,08:21:14,13.42954,12.42593,12.47106,12.53414,2.771991,0.8188658,0.1001158,1.154514,12.29745,189.7135,192.806,195.5729,139.6701,116.8077,89.00825,125.6619,193.0447,0,-3.270609,65.81308,0.1302083,0,8694.443
1/8/2026,08:22:14,12.72425,12.42535,12.46759,12.53067,2.846065,0.8275462,0.1001158,1.12037,12.29861,189.7027,192.9362,195.6055,139.9197,117.079,87.13108,124.8047,193.023,0,16.44265,65.80946,0.1193576,3.385855,8694.467
1/8/2026,08:23:14,13.42683,12.42535,12.46933,12.53356,2.96412,0.853588,0.1024306,1.083912,12.29803,189.6593,192.8602,195.5404,141.0916,117.2309,85.76389,124.1862,193.023,0,16.17757,61.17622,0.1265914,3.510868,8694.527
1/8/2026,08:24:14,13.06785,12.43461,12.48206,12.55093,3.087963,0.8564814,0.1041666,1.0625,12.29745,189.8546,192.7083,195.497,142.2418,117.4045,84.72222,121.9727,193.023,0,16.17757,-0.9367766,0.1265914,3.230837,8694.583
1/8/2026,08:25:14,13.24237,12.44329,12.48495,12.55498,3.206597,0.8576388,0.1030092,1.072338,12.29861,189.7461,192.5998,195.497,143.24,117.3069,83.63715,121.7665,193.0447,0,16.1813,-1.193576,0.1229745,3.331841,8694.639
1/8/2026,08:26:14,13.18812,12.43981,12.48958,12.56192,3.31713,0.8443288,0.1030092,1.069444,12.29861,189.8438,192.589,195.3884,144.2708,117.0681,82.79079,120.8984,193.023,0,16.1813,-1.18996,0.1121238,3.293834,8694.693
1/8/2026,08:27:14,13.20168,12.44039,12.49074,12.55961,3.430555,0.8373842,0.1047454,1.074653,12.29745,189.8438,192.6758,195.4753,145.2257,116.8728,82.25911,121.0395,193.023,0,16.1813,-1.193576,0.1121238,3.302686,8694.748
1/8/2026,08:28:14,13.10312,12.44618,12.49653,12.56771,3.557292,0.8269676,0.1041666,1.083912,12.29745,189.7569,192.6866,195.4753,146.2348,116.6992,81.55382,121.582,193.0339,0,17.23417,-1.18996,0.1193576,3.640743,8694.807
1/8/2026,08:29:14,13.15918,12.44387,12.49769,12.56713,3.685185,0.8188658,0.1041666,1.085069,12.29745,189.7569,192.589,195.4861,147.309,116.4714,80.5881,122.168,193.023,0,17.23417,-1.18996,0.1121238,3.667722,8694.868
1/8/2026,08:30:14,12.66095,12.4456,12.49653,12.56887,3.847222,0.8101852,0.105324,1.094329,12.2963,189.7786,192.589,195.497,148.4483,116.2869,80.18663,121.799,193.0447,0,21.72192,-1.18996,0.1193576,4.947646,8694.938
1/8/2026,08:31:14,12.96296,12.44444,12.49711,12.56944,4.033565,0.800926,0.1047454,1.093171,12.2963,189.6376,192.589,195.3776,149.7938,116.0482,79.76345,121.8641,193.0556,0,21.72566,-1.18996,0.1157407,5.126911,8695.022
1/8/2026,08:32:14,12.37883,12.44444,12.49653,12.56713,4.24537,0.7939814,0.1041666,1.085069,12.24711,189.5182,192.6758,195.3559,151.237,115.8529,79.27517,121.7014,193.023,0,26.079,-1.186343,0.1085069,6.317659,8695.113
1/8/2026,08:33:14,12.60218,12.40509,12.45197,12.49016,4.448495,0.8125,9.780097E-02,1.056134,12.13947,189.5725,192.6975,195.5729,153.1467,115.8312,78.53732,123.839,192.7626,0,26.079,8.734809,18.64149,6.531672,8695.221
1/8/2026,08:34:14,12.16544,12.38715,12.42651,12.45891,4.696759,0.9351852,6.828701E-02,0.974537,11.72917,188.3355,191.4388,194.26,153.5916,115.2235,76.25868,122.3307,191.862,0,30.69743,16.09881,18.59086,7.732677,8695.331
1/8/2026,08:35:14,12.15097,12.42824,12.47164,12.53125,5.075232,1.185185,0.1012732,0.9189814,11.21296,189.5833,192.8168,195.6163,157.1072,119.9002,77.79948,121.1155,190.2778,0,30.70116,17.05006,45.13889,7.895344,8695.461
1/8/2026,08:36:14,11.64641,12.39699,12.43634,12.46875,5.376157,1.328125,9.432876E-02,0.806713,10.82176,189.4314,192.6975,195.4861,159.1905,122.7214,77.17014,121.2457,188.6393,0,41.86828,13.90697,45.11719,7.932796,8695.594
1/8/2026,08:37:14,11.38599,12.42708,12.46817,12.52546,5.872107,1.45544,0.1001158,0.697338,10.53819,189.605,192.5998,195.497,161.773,124.6853,76.73611,119.0972,187.4132,0,42.05123,13.20891,79.4524,9.996658,8695.757
1/8/2026,08:38:14,11.57317,12.41377,12.4537,12.50521,6.327546,1.57581,9.895837E-02,0.5856482,10.22454,189.5833,192.6866,195.497,164.3989,126.4106,76.17188,118.1207,186.2739,0,42.05123,12.5,79.45964,10.04729,8695.924
1/8/2026,08:39:14,12.2423,12.37905,12.41435,12.44734,6.679977,1.625579,7.060182E-02,0.4710648,10.01273,188.4874,191.3846,194.401,165.625,126.161,74.11024,116.9054,185.3516,0,33.3408,10.36603,96.75926,8.366474,8696.071
1/8/2026,08:40:14,12.1365,12.44502,12.48958,12.56308,7.170717,1.803819,0.1030092,0.4236112,9.711226,189.5725,192.6215,195.638,169.0647,129.1558,75.68359,114.2904,184.3858,0,33.33707,13.16551,99.72874,8.109123,8696.208
1/8/2026,08:41:14,11.48275,12.43056,12.47454,12.5353,7.61632,1.905092,0.1006944,0.3489584,9.45081,189.6267,192.6975,195.497,171.1806,130.5447,75.47743,113.0642,183.4202,0,43.50359,12.71701,99.72874,9.382094,8696.354
1/8/2026,08:42:14,11.79199,12.42188,12.46759,12.52026,8.103588,2.043403,9.895837E-02,0.2951388,9.140046,189.5833,192.6649,195.5621,173.546,132.0204,75.09766,111.3498,182.4653,0,43.50359,14.41695,99.73235,9.477368,8696.515
1/8/2026,08:43:14,11.5162,12.43345,12.47917,12.54282,8.648149,2.17419,0.1001158,0.2476852,8.872685,189.6376,192.7192,195.497,175.9657,133.5721,75.01086,110.3299,181.2717,0,53.40502,13.4838,99.73597,9.783355,8696.674
1/8/2026,08:44:14,12.07501,12.43345,12.47801,12.54398,9.160301,2.336806,0.1001158,0.203125,8.546296,189.6484,192.6215,195.6055,178.3854,135.0803,75.13021,109.0929,180.1649,0,42.71207,16.74986,99.73597,8.885996,8696.831
1/8/2026,08:45:14,12.12384,12.42882,12.47396,12.53646,9.632524,2.487847,0.1012732,0.1579862,8.249421,189.5291,192.5998,195.497,180.5013,136.7188,74.57682,107.8451,179.3186,0,42.71207,15.9035,99.73958,8.404561,8696.976
1/8/2026,08:46:14,12.23145,12.43403,12.48148,12.5463,10.10359,2.676505,0.1006944,0.1197916,7.902199,189.5399,192.6107,195.6055,182.487,138.3898,74.40321,105.7075,179.2101,0,42.71207,19.41189,99.73958,8.026073,8697.112
1/8/2026,08:47:14,12.36798,12.42824,12.47338,12.53414,10.53762,2.84838,0.1006944,0.0949074,7.586226,189.5399,192.7192,195.5078,184.2991,140.2235,73.91493,105.6532,178.7869,0,42.71207,15.88903,99.73958,7.657439,8697.243
1/8/2026,08:48:14,12.46926,12.42766,12.47396,12.53356,10.96586,2.990162,0.1006944,7.754624E-02,7.33044,189.6267,192.6324,195.5078,185.9918,141.6124,73.3941,105.1541,178.1792,0,42.71207,17.52749,99.73958,7.213559,8697.366
1/8/2026,08:49:14,12.59856,12.43171,12.47743,12.54109,11.37905,3.143518,0.1018518,6.423616E-02,7.074074,189.6593,192.6215,195.5187,187.6736,143.099,73.23134,103.7977,177.6476,0,42.71207,17.33218,99.7432,6.782542,8697.483
1/8/2026,08:50:14,12.7143,12.43113,12.47685,12.5434,11.75926,3.278935,0.1018518,5.034721E-02,6.839699,189.6593,192.73,195.421,189.0951,144.2708,72.69965,103.852,177.3112,0,42.70834,18.2581,99.73958,6.313979,8697.593
1/8/2026,08:51:14,12.83818,12.43519,12.48322,12.55266,12.12384,3.439236,0.1018518,4.108799E-02,6.586805,189.7678,192.8385,195.6055,190.4405,145.6055,72.24392,102.4631,177.398,0,42.71207,18.76808,99.7432,5.813901,8697.693
1/8/2026,08:52:14,14.09776,12.42072,12.46528,12.53299,12.09838,3.57118,0.1001158,2.893519E-02,6.343171,189.6267,192.5022,195.4536,191.1567,146.7665,72.47179,102.9731,176.9965,0,-3.237007,21.44097,99.73958,0,8697.731
1/8/2026,08:53:14,13.07147,12.42708,12.4728,12.53414,12.0272,3.778357,0.1012732,1.909721E-02,6.036458,189.6159,192.6758,195.5078,190.9939,148.2856,71.54948,102.8646,176.5733,0,-3.248208,25.28935,99.74682,0,8697.731
1/8/2026,08:54:14,13.17184,12.41956,12.46644,12.52199,11.97106,3.960648,9.953701E-02,1.909721E-02,5.752315,189.5833,192.5564,195.5729,190.6901,149.7396,71.26736,102.0942,176.2044,0,-3.255675,26.59867,99.75043,0,8697.731
1/8/2026,08:55:14,13.31923,12.42477,12.47222,12.53414,11.95139,4.13831,0.1012732,2.025461E-02,5.498843,189.7352,192.5998,195.5187,190.5816,151.2044,71.56033,101.8446,177.4088,0,-3.263142,35.00434,99.75043,0,8697.731
1/8/2026,08:56:14,13.4205,12.42766,12.47396,12.53241,11.93287,4.289352,0.1001158,0.0144676,5.278357,189.6267,192.589,195.5187,190.4622,152.4414,70.19314,101.4974,178.2661,0,-3.263142,39.93055,99.75043,0,8697.731
1/8/2026,08:57:14,13.45305,12.4375,12.48611,12.55382,11.94329,4.429977,0.1018518,1.388884E-02,5.093171,189.7461,192.6107,195.5187,190.4297,153.4831,69.04297,101.0417,179.1341,0,-3.263142,46.97989,99.75043,0,8697.731
1/8/2026,08:58:14,13.41598,12.42824,12.47569,12.5353,11.91435,4.523148,0.1012732,1.967597E-02,4.940393,189.681,192.5998,195.5187,190.3537,154.2969,69.6506,101.1719,178.6241,0,-3.266876,52.49566,99.75405,0,8697.731
1/8/2026,08:59:14,13.47385,12.43634,12.48438,12.55035,11.92188,4.607639,0.1030092,0.0144676,4.822917,189.7135,192.4696,195.5295,190.4188,154.9913,70.23654,100.5859,178.7327,0,-3.266876,56.95168,99.75405,0,8697.731
1/8/2026,09:00:14,13.42412,12.43403,12.48032,12.54456,11.90972,4.662037,0.1024306,1.736164E-03,4.735532,189.7135,192.5998,195.5078,190.3212,155.4253,69.88932,100.5859,176.8555,0,-3.266876,62.53979,99.75405,0,8697.731
1/8/2026,09:01:14,13.42954,12.42708,12.47454,12.53241,11.88947,4.686343,0.1018518,1.736164E-03,4.679977,189.6593,192.4913,195.497,190.2778,155.7183,70.62717,100.8789,177.5608,0,-3.266876,65.82755,99.75405,0,8697.731
1/8/2026,09:02:14,13.39428,12.42535,12.47049,12.53009,11.88484,4.694445,0.1006944,-8.680582E-03,4.64757,189.5399,192.4913,195.4102,190.2886,155.8377,70.60547,100.6727,177.6476,0,-3.266876,65.82393,99.75405,0,8697.731
1/8/2026,09:03:14,13.47656,12.42998,12.47801,12.53935,11.89063,4.690393,0.103588,2.314806E-03,4.628472,189.5182,192.1875,195.2257,189.9848,155.5556,71.0178,100.5317,176.3238,0,-3.270609,41.1169,99.75405,0,8697.731
1/8/2026,09:04:14,13.62938,12.43403,12.48206,12.55093,12.10243,4.667824,0.103588,2.893567E-03,4.623843,189.4206,192.2092,195.128,190.3103,155.2626,71.11545,100.1085,177.3438,0,-3.266876,-0.6474248,99.75405,0,8697.779
1/8/2026,09:05:14,13.40332,12.41146,12.46933,12.5463,12.13889,4.644097,0.1024306,7.523179E-03,4.627315,189.4206,192.0898,195.1172,190.6142,155.0022,71.0178,100.217,176.3129,0,-3.263142,-0.6438079,99.75405,0,8697.779
1/8/2026,09:06:14,13.19716,12.35706,12.42708,12.53414,12.22396,4.725116,0.1030092,-1.157403E-03,4.631366,189.388,192.0898,195.2257,190.8963,155.1541,69.69401,100.2713,176.5733,0,16.30824,-0.6438079,99.75767,3.467312,8697.809
1/8/2026,09:07:14,12.70255,12.32002,12.39757,12.52315,12.29977,4.899884,0.1030092,-6.944418E-03,4.630787,189.2904,191.9922,195.128,190.9071,156.1198,68.53298,99.97829,177.4957,0,20.66159,-0.6438079,99.75405,4.586364,8697.877
1/8/2026,09:08:14,13.03801,12.2934,12.37211,12.51389,12.35706,5.089699,0.1047454,-2.314806E-03,4.631366,189.1927,192.003,195.1497,191.1241,157.4653,67.9362,100.0434,177.9188,0,20.66159,-0.6438079,99.75767,4.802941,8697.955
1/8/2026,09:09:14,12.93855,12.27836,12.3559,12.50058,12.39526,5.278357,0.1041666,1.736164E-03,4.631945,189.3121,191.8945,195.1389,191.3086,158.6697,66.64497,99.57682,178.4288,0,20.66532,-0.6438079,99.75767,4.722916,8698.035
1/8/2026,09:10:14,12.972,12.27662,12.34201,12.49016,12.41551,5.465857,0.1047454,-1.736104E-03,4.632523,189.2795,191.786,195.0521,191.4605,159.8958,66.02647,99.82639,177.2786,0,20.66532,-0.6438079,99.75767,4.745139,8698.112
1/8/2026,09:11:14,12.45479,12.27951,12.33507,12.4809,12.4294,5.67419,0.1047454,0,4.632523,189.2904,191.6775,195.0412,191.5365,161.1003,65.04991,99.35981,176.3238,0,25.41442,-0.6438079,99.75767,6.061955,8698.197
1/8/2026,09:12:14,12.64648,12.2853,12.33507,12.47106,12.43287,5.929398,0.105324,3.472209E-03,4.632523,189.1819,191.6992,195.0521,191.6124,162.4783,64.32291,99.50087,177.181,0,25.41816,-0.6474248,99.75767,6.266885,8698.301
1/8/2026,09:13:14,12.3065,12.28762,12.33449,12.45833,12.43287,6.192708,0.103588,-1.157409E-02,4.631945,189.0733,191.5582,194.9327,191.4388,163.8346,64.00825,99.40321,176.3129,0,30.16726,-0.6474248,99.75767,7.260664,8698.406
1/8/2026,09:14:14,12.19708,12.28877,12.33738,12.44965,12.43345,6.521412,0.1024306,1.736164E-03,4.631945,188.9757,191.5582,194.8134,191.5907,165.5599,63.80208,97.30903,176.9857,0,30.16726,-0.6474248,99.76128,7.668729,8698.531
1/8/2026,09:15:14,12.36256,12.29109,12.33738,12.44155,12.43576,6.857639,0.1041666,5.208373E-03,4.630208,188.8455,191.6667,194.8242,191.5473,167.3286,62.98828,95.09548,177.7127,0,30.16726,-0.6474248,99.76128,7.726152,8698.66
1/8/2026,09:16:14,11.79561,12.2934,12.34028,12.43461,12.43866,7.26794,0.1030092,1.736164E-03,4.630208,188.8346,191.569,194.8025,191.6667,169.2057,62.55426,92.29601,176.1176,0,35.05078,-0.6438079,99.75767,8.810422,8698.805
1/8/2026,09:17:14,12.00539,12.29572,12.34433,12.42419,12.43808,7.681134,0.103588,-1.157403E-03,4.629051,188.9648,191.5582,194.694,191.862,171.2782,62.4349,88.3138,176.0634,0,35.05078,-0.6474248,99.76128,8.87541,8698.953
1/8/2026,09:18:14,11.52977,12.29919,12.34549,12.42303,12.44734,8.155671,0.1041666,-1.736104E-03,4.627893,189.0625,191.6124,194.7049,191.8403,173.3724,61.7079,85.47092,175.9874,0,40.19937,-0.6438079,99.76128,9.558286,8699.109
1/8/2026,09:19:14,11.74588,12.30093,12.34606,12.41724,12.44965,8.640625,0.1047454,5.787611E-04,4.626157,189.0625,191.5473,194.694,191.8728,175.5968,60.8507,83.39844,175.6185,0,40.19937,-0.6474248,99.76128,9.520918,8699.27
1/8/2026,09:20:14,11.05957,12.30324,12.34896,12.41667,12.4537,9.192708,0.105324,-1.157403E-03,4.625579,189.0517,191.6667,194.7157,191.9162,177.8429,60.43837,82.69314,174.0994,0,54.46162,-0.6438079,99.76128,10.53881,8699.438
1/8/2026,09:21:14,11.43301,12.30382,12.34896,12.41319,12.45486,9.769097,0.1041666,-5.787015E-04,4.625,188.954,191.6667,194.7049,191.9271,180.3711,60.24305,82.6823,173.2096,0,54.46162,-0.6474248,99.76128,10.38117,8699.612
1/8/2026,09:22:14,12.13921,12.3044,12.34896,12.40509,12.45255,10.30093,0.1030092,-2.893507E-03,4.621528,188.9757,191.5473,194.694,191.9162,182.5521,59.89583,82.77995,173.2205,0,43.10409,-0.6474248,99.76128,8.906452,8699.776
1/8/2026,09:23:14,12.18623,12.30613,12.35243,12.40336,12.45428,10.75752,0.1041666,1.736164E-03,4.62037,189.0517,191.5365,194.8134,191.7643,184.5052,59.99349,83.71311,172.1897,0,43.10409,-0.6474248,99.76128,8.193903,8699.919
1/8/2026,09:24:14,12.59856,12.31192,12.35938,12.41204,12.46528,11.17419,0.1041666,-2.314806E-03,4.619213,188.954,191.6667,194.7157,191.5907,186.1979,59.80903,84.17969,170.9635,0,37.55973,-0.6474248,99.76128,7.108377,8700.05
1/8/2026,09:25:14,12.65914,12.30961,12.36401,12.41435,12.47049,11.53067,0.1041666,-2.314806E-03,4.61632,188.954,191.7426,194.6072,191.4063,187.6085,58.71311,83.95182,170.2257,0,37.55973,-0.6474248,99.76128,6.592275,8700.164
1/8/2026,09:26:14,12.72515,12.30266,12.37037,12.41667,12.47974,11.85822,0.1047454,-1.157403E-03,4.613426,188.8455,191.786,194.7157,191.4279,188.878,57.98611,83.42014,171.0829,0,37.55973,-0.6474248,99.76128,6.135207,8700.271
1/8/2026,09:27:14,12.8219,12.29572,12.37674,12.41782,12.48611,12.15509,0.1082176,1.736164E-03,4.612268,188.8563,191.6884,194.6181,191.3846,190.0174,58.5178,83.14887,169.6506,0,37.55973,-0.6474248,99.76128,5.740792,8700.369
1/8/2026,09:28:14,12.93222,12.28935,12.37905,12.4213,12.48843,12.4294,0.0144676,-1.736104E-03,4.610532,188.7044,191.7318,194.6506,191.5907,190.9614,61.53429,83.42014,170.1389,1,37.55973,-0.6474248,99.75767,5.287668,8700.461
1/8/2026,09:29:14,14.20537,12.28009,12.38137,12.41956,12.48495,12.43229,-9.664351E-02,-5.787015E-04,4.609375,188.954,191.645,194.694,191.9054,191.7101,64.72439,83.09462,170.2148,1,-3.237007,-0.6438079,99.75405,0,8700.51
1/8/2026,09:30:14,12.93493,12.27546,12.38368,12.42303,12.48843,12.31424,-0.1875,-1.736104E-03,4.605903,188.8672,191.7643,194.6832,191.9488,191.4279,67.38281,83.77821,170.3233,1,-3.248208,-0.6438079,99.75405,0,8700.51
1/8/2026,09:31:14,13.12482,12.26678,12.38831,12.42593,12.49479,12.22685,-0.2615741,3.472209E-03,4.604167,188.8455,191.7643,194.7157,191.9054,191.0807,69.40104,83.83247,171.8858,1,-3.255675,-0.6438079,99.75405,0,8700.51
1/8/2026,09:32:14,13.39156,12.26215,12.39178,12.43287,12.49884,12.15972,-0.3252315,-2.893507E-03,4.600695,188.7695,191.8728,194.6723,191.9488,190.7769,71.09375,84.03863,171.4301,1,-3.259408,-0.6438079,99.75405,0,8700.51
1/8/2026,09:33:14,13.5064,12.25637,12.39526,12.43576,12.50231,12.10012,-0.3802083,-1.157403E-03,4.597801,188.7478,191.9705,194.8025,191.9379,190.5708,72.50434,84.17969,170.421,1,-3.263142,-0.6438079,99.75405,0,8700.51
1/8/2026,09:34:14,13.41055,12.24884,12.40046,12.43924,12.5081,12.0463,-0.4241898,0,4.594907,188.7478,191.8728,194.8025,191.9379,190.3212,73.66537,84.04948,170.5512,1,-3.263142,-0.6438079,99.75405,0,8700.51
1/8/2026,09:35:14,13.36986,12.24363,12.40336,12.44155,12.51215,11.99595,-0.4537037,3.472209E-03,4.59375,188.6502,191.862,194.7157,191.9705,190.1042,74.72874,84.30989,171.1697,1,-3.263142,-0.6438079,99.75405,0,8700.51
1/8/2026,09:36:14,13.42321,12.23843,12.40972,12.44792,12.51678,11.95023,-0.4820602,4.629612E-03,4.590278,188.6393,191.9813,194.8134,191.9379,189.8871,75.86805,84.48351,171.8099,1,-3.266876,-0.6438079,99.75405,0,8700.51
1/8/2026,09:37:14,13.44401,12.23148,12.41667,12.45139,12.52141,11.90567,-0.4976852,0,4.586805,188.661,191.9705,194.9219,191.9705,189.6484,76.90972,84.53776,171.6037,1,-3.266876,-0.6438079,99.75405,0,8700.51
1/8/2026,09:38:14,13.39789,12.22512,12.41956,12.4566,12.52546,11.86458,-0.5179398,1.157403E-03,4.58507,188.5851,192.079,194.8134,191.9813,189.464,78.09245,84.72222,170.7574,1,-3.263142,-0.6438079,99.75405,0,8700.51
1/8/2026,09:39:14,13.40513,12.22049,12.42188,12.45891,12.53067,11.82697,-0.53125,-2.314806E-03,4.582176,188.5525,191.9922,194.911,191.9705,189.2687,79.13412,84.71137,170.9201,1,-3.263142,-0.6438079,99.75405,0,8700.51
1/8/2026,09:40:14,13.43497,12.21354,12.42824,12.46528,12.53414,11.7934,-0.542824,-4.629612E-03,4.578125,188.5634,192.0898,194.8025,191.9813,189.1167,80.19749,84.73308,171.6037,1,-3.263142,-0.6474248,99.75405,0,8700.51
1/8/2026,09:41:14,13.43406,12.20833,12.43113,12.46991,12.53762,11.76042,-0.5520834,-5.787015E-04,4.575232,188.5742,191.9705,194.9002,192.0139,188.8997,80.91363,84.91753,171.441,1,-3.266876,-0.6474248,99.75405,0,8700.51
1/8/2026,09:42:14,13.40694,12.20313,12.43576,12.47454,12.54224,11.72627,-0.5572916,-5.208313E-03,4.572917,188.444,192.0898,194.8025,192.0356,188.7587,81.3802,84.98264,172.385,1,-3.266876,-0.6438079,99.75405,0,8700.51
1/8/2026,09:43:14,13.41598,12.19676,12.44213,12.47685,12.54572,11.69618,-0.5613426,-2.314806E-03,4.569445,188.4657,192.0573,195.0087,192.0139,188.5959,81.44531,84.78733,172.0595,1,-3.266876,-0.6474248,99.75767,0,8700.51
1/8/2026,09:44:14,13.40694,12.19097,12.44444,12.48206,12.55035,11.66493,-0.5671296,5.787611E-04,4.565972,188.4332,192.079,194.7917,192.003,188.4332,81.43446,84.81988,172.5803,1,-3.266876,-0.6438079,99.75767,0,8700.51
1/8/2026,09:45:14,13.38252,12.18345,12.44618,12.48495,12.55556,11.63715,-0.5711806,-4.05091E-03,4.563079,188.444,192.155,194.7917,192.0464,188.2487,81.48872,84.59202,171.6688,1,-3.266876,-0.6438079,99.75767,0,8700.51
1/8/2026,09:46:14,13.45938,12.17824,12.45197,12.49074,12.55729,11.61169,-0.5729166,-9.259284E-03,4.560764,188.444,192.0681,194.911,192.0464,188.1402,81.43446,84.70052,171.9075,1,-3.266876,-0.6438079,99.75405,0,8700.51
1/8/2026,09:47:14,13.43497,12.17419,12.45544,12.4919,12.56134,11.58796,-0.5729166,-5.208313E-03,4.556134,188.5742,192.0898,194.9219,192.0898,187.9991,81.49957,83.94097,170.9201,1,-3.266876,-0.6438079,99.75767,0,8700.51
1/8/2026,09:48:14,13.39337,12.16724,12.46007,12.49653,12.56366,11.56481,-0.5763889,6.944418E-03,4.552083,188.4766,192.1983,195.0412,192.0681,187.9015,81.47787,84.375,168.9453,1,-3.266876,-0.6438079,99.75767,0,8700.51
1/8/2026,09:49:14,13.43226,12.16146,12.46123,12.49884,12.56713,11.54051,-0.5792824,-6.365716E-03,4.548032,188.3789,192.0898,195.0521,192.079,187.7604,81.49957,84.19054,169.5964,1,-3.266876,-0.6474248,99.75767,0,8700.51
1/8/2026,09:50:14,12.97472,12.14815,12.45602,12.48958,12.55266,11.80151,-0.5815972,0,4.545718,188.4006,192.296,195.0738,192.1224,188.3247,81.54297,85.30816,170.2474,1,26.86305,-0.6474248,0.1446759,4.190455,8700.561
1/8/2026,09:51:14,13.19083,12.13889,12.45718,12.49248,12.5544,12.09491,-0.582176,-3.472209E-03,4.542245,188.4006,192.2526,195.0629,192.155,189.4965,81.43446,85.43837,171.0938,1,26.86305,-0.6474248,0.141059,4.131746,8700.632
1/8/2026,09:52:14,13.13115,12.13426,12.46238,12.49363,12.55671,12.35301,-0.583912,4.05097E-03,4.538195,188.2921,192.3503,195.0846,192.155,190.549,81.43446,85.15625,171.6471,1,26.86305,-0.6438079,0.1374421,3.732155,8700.696
1/8/2026,09:53:14,13.22609,12.12847,12.46238,12.49595,12.55787,12.59606,-0.5856482,0,4.535301,188.4115,192.2526,195.0629,192.1441,191.4713,81.2066,85.09115,171.4518,1,26.26941,-0.6474248,0.1302083,3.493306,8700.757
1/8/2026,09:54:14,13.01722,12.11863,12.46238,12.49306,12.55729,12.5353,-0.5844908,1.736164E-03,4.530671,188.4006,192.3503,195.1606,192.1875,191.7752,81.19575,84.01692,170.7791,1,-3.251941,-0.6474248,0.1302083,0,8700.764
1/8/2026,09:55:14,13.44039,12.11169,12.46528,12.49421,12.55903,12.49479,-0.5885416,2.314806E-03,4.527199,188.1619,192.3286,194.9327,192.1658,191.6667,81.07639,83.81076,170.8984,1,-3.255675,-0.6438079,0.1265914,0,8700.764
1/8/2026,09:56:14,13.51906,12.10822,12.46991,12.49826,12.56192,12.4647,-0.5891204,1.736164E-03,4.524305,188.2813,192.3286,195.0738,192.22,191.4931,80.96788,83.44184,171.0938,1,-3.259408,-0.6474248,0.1302083,0,8700.764
1/8/2026,09:57:14,13.43316,12.10127,12.47164,12.50231,12.56366,12.43866,-0.5590278,5.787611E-04,4.519676,188.3138,192.372,195.204,192.22,191.3737,80.93533,83.30078,171.4084,0,-3.259408,-0.6474248,0.1374421,0,8700.764
1/8/2026,09:58:14,13.35901,12.07986,12.45428,12.47396,12.53067,12.39063,-0.5069444,-5.787015E-04,4.449074,188.5417,192.5564,195.2908,192.4588,191.4822,79.72005,84.45095,170.714,0,-3.259408,11.9647,0.1338252,0,8700.764
1/8/2026,09:59:14,13.41869,12.07234,12.45428,12.47049,12.52951,12.36632,-0.4479167,3.472209E-03,4.315972,188.444,192.6649,195.3993,192.4154,191.3303,77.49566,84.27734,169.3142,0,-3.263142,15.96861,0.1374421,0,8700.764
1/8/2026,10:00:14,13.4205,12.06481,12.45718,12.47338,12.53009,12.34664,-0.3894676,-1.157403E-03,4.129051,188.3355,192.6758,195.4102,192.4913,191.2435,78.56988,84.24479,168.8042,0,-3.263142,20.46441,0.141059,0,8700.764
1/8/2026,10:01:14,13.4196,12.07118,12.47106,12.49769,12.55961,12.35417,-0.349537,1.736164E-03,3.951389,188.2378,192.5456,195.2799,192.4696,191.0916,80.75087,83.28993,168.4136,0,-3.259408,20.16421,0.141059,0,8700.764
1/8/2026,10:02:14,13.41779,12.05613,12.46528,12.48264,12.53877,12.32118,-0.3072917,0,3.73669,188.3572,192.6649,195.3884,192.4696,191.0048,83.648,83.48524,168.8585,0,-3.263142,25.28935,0.141059,0,8700.764
1/8/2026,10:03:14,13.38524,12.05382,12.46875,12.49074,12.54861,12.31539,-0.2592593,1.736164E-03,3.514468,188.2378,192.5564,195.3993,192.4805,190.9397,86.94661,83.18143,169.2817,0,-3.263142,30.98958,0.141059,0,8700.764
1/8/2026,10:04:14,13.45576,12.04803,12.4728,12.4919,12.55266,12.3044,-0.2112269,2.314806E-03,3.303241,188.3464,192.6758,195.4102,192.4805,190.8637,90.03906,82.98611,168.9128,0,-3.263142,34.82349,0.1446759,0,8700.764
1/8/2026,10:05:14,13.42683,12.04514,12.47801,12.50174,12.55729,12.2963,-0.1626157,1.736164E-03,3.105903,188.3464,192.73,195.3993,192.5239,190.7878,92.77344,82.32422,168.7717,0,-3.263142,39.66652,0.1338252,0,8700.764
1/8/2026,10:06:14,13.39156,12.02488,12.46007,12.46933,12.52778,12.25752,-0.1186343,-1.157403E-03,2.923611,188.3355,192.6866,195.5295,192.5022,190.7118,94.87847,81.47787,169.1515,0,-3.263142,47.01244,0.141059,0,8700.764
1/8/2026,10:07:14,13.43497,12.03356,12.47685,12.50289,12.56192,12.27604,-6.944442E-02,-1.157403E-03,2.75,188.444,192.6541,195.3993,192.5022,190.6033,96.57118,81.9553,169.4553,0,-3.263142,52.3546,0.141059,0,8700.764
1/8/2026,10:08:14,13.43226,12.02141,12.47512,12.49537,12.55787,12.25926,-2.314812E-02,-1.157403E-03,2.590278,188.2596,192.6758,195.5078,192.513,190.5382,97.94922,81.9553,169.2166,0,-3.263142,58.6697,0.141059,0,8700.764
1/8/2026,10:09:14,13.38162,12.01968,12.47917,12.50463,12.56655,12.25637,2.256942E-02,1.157403E-03,2.44213,188.1293,192.6758,195.4102,192.5239,190.4839,99.09939,81.11979,169.5313,0,-3.263142,62.85807,0.1338252,0,8700.764
1/8/2026,10:10:14,13.4422,12.00984,12.47685,12.49826,12.55613,12.24074,6.597221E-02,0,2.302083,188.151,192.6758,195.3993,192.5239,190.4405,100.5968,81.34766,169.6615,0,-3.263142,65.86372,0.1374421,0,8700.764
1/8/2026,10:11:14,13.46029,12.00231,12.47801,12.49595,12.55845,12.22974,0.109375,0,2.171296,188.1402,192.7734,195.3993,192.5239,190.3537,102.3003,81.2066,169.5529,0,-3.259408,65.8601,0.1302083,0,8700.764
1/8/2026,10:12:14,13.41327,11.99826,12.47801,12.50231,12.56134,12.22222,0.1475694,-5.787015E-04,2.048033,188.2378,192.7734,195.3993,192.5239,190.332,104.503,81.02213,169.4444,0,-3.263142,65.85648,0.1302083,0,8700.764
1/8/2026,10:13:14,13.44763,11.99132,12.48148,12.50289,12.56134,12.21296,0.1840278,-5.787015E-03,1.93287,188.1402,192.7734,195.4102,192.5239,190.2669,106.2174,80.67491,169.3685,0,-3.263142,65.85648,0.141059,0,8700.764
1/8/2026,10:14:14,13.40965,11.98495,12.47801,12.50116,12.56366,12.20486,0.2181712,-4.05091E-03,1.82581,188.0425,192.7952,195.5078,192.5239,190.2235,107.704,80.51215,169.1949,0,-3.263142,65.85286,0.1374421,0,8700.764
1/8/2026,10:15:14,13.4205,11.97974,12.47859,12.50289,12.56308,12.20023,0.244213,1.157403E-03,1.725694,187.9449,192.806,195.4102,192.5239,190.1367,108.8542,80.15408,168.9887,0,-3.263142,65.85286,0.1374421,0,8700.764
1/8/2026,10:16:14,13.39699,11.97512,12.48264,12.50347,12.56424,12.18692,0.2708334,5.787611E-04,1.631366,188.0317,192.9145,195.4102,192.5239,190.0933,109.8199,79.85026,168.75,0,-3.263142,65.84925,0.141059,0,8700.764
1/8/2026,10:17:14,13.41327,11.96701,12.4838,12.50637,12.56539,12.1794,0.3090278,-1.736104E-03,1.543403,187.9449,192.7952,195.3993,192.5347,190.0174,110.6337,79.62239,168.5004,0,-3.263142,65.84925,0.1374421,0,8700.764
1/8/2026,10:18:14,13.4422,11.96181,12.48322,12.50405,12.56366,12.17072,0.3466436,1.157403E-03,1.461806,188.0425,192.7843,195.4102,192.513,189.9848,111.3824,79.16667,168.2292,0,-3.263142,65.84925,0.1374421,0,8700.764
1/8/2026,10:19:14,13.40603,11.95486,12.48322,12.50579,12.56366,12.16204,0.3819444,2.314806E-03,1.384259,188.0317,192.8819,195.3125,192.5239,189.9523,112.0226,78.83029,167.9688,0,-3.263142,65.84563,0.1374421,0,8700.764
1/8/2026,10:20:14,13.42864,11.94792,12.48438,12.50579,12.56539,12.15394,0.4189814,1.157403E-03,1.313079,187.8255,192.8711,195.5078,192.5239,189.9089,112.5326,78.76519,167.6541,0,-3.259408,65.84563,0.1374421,0,8700.764
1/8/2026,10:21:14,13.43226,11.94271,12.48322,12.50579,12.56481,12.14468,0.4467592,0,1.248842,187.7279,192.9037,195.3993,192.5239,189.8763,113.1402,78.43967,167.3394,0,-3.259408,65.84202,0.1374421,0,8700.764
1/8/2026,10:22:14,13.43768,11.93519,12.48264,12.50694,12.56597,12.13715,0.4791666,0,1.188658,187.8364,192.9037,195.4102,192.513,189.822,113.444,78.1684,167.0681,0,-3.263142,65.84202,0.1338252,0,8700.764
1/8/2026,10:23:14,13.40422,11.93056,12.48669,12.50521,12.56481,12.12847,0.5081018,2.893567E-03,1.133681,187.8364,192.7843,195.5404,192.5239,189.7461,113.8563,77.81033,166.786,0,-3.263142,65.84202,0.1374421,0,8700.764
1/8/2026,10:24:14,13.38343,11.92419,12.48322,12.50637,12.56366,12.12037,0.5358796,-1.157403E-03,1.08044,187.7387,192.8928,195.4102,192.5347,189.7135,114.2795,77.40886,166.5039,0,-3.259408,65.84202,0.141059,0,8700.764
1/8/2026,10:25:14,13.40875,11.9184,12.48611,12.50752,12.56366,12.10938,0.5596064,-5.787015E-04,1.035301,187.7279,192.7734,195.3884,192.513,189.6484,114.5616,76.95313,166.2218,0,-3.263142,65.83839,0.1374421,0,8700.764
1/8/2026,10:26:14,13.40242,11.91088,12.48553,12.50868,12.56308,12.09722,0.5815972,2.314806E-03,0.9913194,187.7279,192.8819,195.497,192.513,189.6267,114.8654,75.75954,165.9505,0,-3.259408,65.83839,0.141059,0,8700.764
1/8/2026,10:27:14,13.42231,11.90336,12.4838,12.50694,12.56192,12.09433,0.6012732,3.472209E-03,0.9525462,187.7062,192.8711,195.4861,192.513,189.5725,115.2018,76.30209,165.6901,0,-3.263142,65.83839,0.1338252,0,8700.764
1/8/2026,10:28:14,13.4205,11.88947,12.47569,12.48958,12.54456,12.0625,0.6099538,0,0.9241898,187.6302,192.7409,195.2474,192.3286,189.3229,114.9089,75.03255,165.4405,0,-3.259408,9.385851,0.1374421,0,8700.764
1/8/2026,10:29:14,13.38704,11.90394,12.5,12.52894,12.59028,12.09086,0.609375,-3.472209E-03,0.9288194,187.4132,192.5781,195.3125,192.3069,189.1819,114.4965,74.44662,165.2235,0,-3.259408,-1.222512,0.1374421,0,8700.764
1/8/2026,10:30:14,13.378,11.89815,12.49711,12.52951,12.59086,12.08276,0.6030092,-2.314806E-03,0.9322916,187.5,192.6107,195.3125,192.3177,189.2036,113.6285,73.79557,165.1042,0,-3.259408,-1.229745,0.1446759,0,8700.764
1/8/2026,10:31:14,13.4621,11.89178,12.49769,12.52951,12.59144,12.0706,0.6012732,2.314806E-03,0.9392362,187.5108,192.6975,195.3125,192.3177,189.1276,112.9232,73.33984,164.9631,0,-3.259408,-1.229745,0.1302083,0,8700.764
1/8/2026,10:32:14,13.42412,11.88368,12.49537,12.52778,12.58796,12.06019,0.5960648,0,0.9369212,187.5108,192.5998,195.2257,192.3177,189.0842,112.4132,73.11198,164.8438,0,-3.259408,-1.233362,0.141059,0,8700.764
1/8/2026,10:33:14,13.39518,11.80613,12.49769,12.52836,12.5897,12.05208,0.5902778,-1.157403E-03,0.927662,187.3047,192.7952,195.1389,192.3069,189.0191,111.99,72.6671,164.6267,0,-3.259408,-1.236979,0.1338252,0,8700.764
1/8/2026,10:34:14,13.3771,11.77431,12.49653,12.52778,12.58854,12.04051,0.5868056,2.314806E-03,0.9201388,187.4132,192.6866,195.2908,192.2852,188.9757,111.6862,72.18967,164.3338,0,-3.259408,-1.236979,0.141059,0,8700.764
1/8/2026,10:35:14,13.42231,11.45833,12.44387,12.44155,12.48727,11.95197,0.6591436,2.314806E-03,0.8842592,187.1962,192.7952,195.4102,192.5239,189.2253,111.9358,74.62022,164.03,0,-3.259408,12.12384,18.73192,0,8700.764
1/8/2026,10:36:14,13.40965,10.90972,12.48322,12.50463,12.55787,12.00058,0.8298612,2.893567E-03,0.839699,186.5017,192.8928,195.497,192.5239,189.1927,112.7387,73.79557,163.5959,0,-3.263142,18.30874,36.06771,0,8700.764
1/8/2026,10:37:14,13.38252,10.29919,12.47049,12.4838,12.54224,11.97801,1.012153,1.273143E-02,0.7633102,184.6246,192.8819,195.3668,192.3828,188.9866,114.5942,74.71788,163.0317,1,-3.259408,18.36661,53.11776,0,8700.764
1/8/2026,10:38:14,13.43226,9.89294,12.46181,12.47106,12.52431,11.94792,1.123264,0.03125,0.6898148,182.7148,192.6866,195.1606,192.2417,188.7153,116.8511,74.1862,162.5325,0,-3.259408,13.96484,57.03487,0,8700.764
1/8/2026,10:39:14,13.44401,9.503472,12.47801,12.50174,12.5625,11.97049,1.25463,2.256942E-02,0.6186342,181.3585,192.9037,195.497,192.513,189.0842,119.2057,73.06858,162.0551,1,-3.259408,15.85648,90.0463,0,8700.764
1/8/2026,10:40:14,13.41688,9.15625,12.47222,12.50347,12.56481,11.95602,1.357639,-0.1116898,0.5572916,179.8937,193.0013,195.3559,192.5022,189.0082,121.0938,72.99262,161.5668,1,-3.259408,13.4838,90.05714,0,8700.764
1/8/2026,10:41:14,13.41417,8.806134,12.47164,12.51389,12.57986,11.9537,1.471643,-0.2204861,0.5005788,178.2552,192.9904,195.3668,192.5347,188.9323,122.5911,72.05946,161.0894,1,-3.259408,16.87645,99.7432,0,8700.764
1/8/2026,10:42:14,13.45486,8.425926,12.47049,12.52141,12.58681,11.94792,1.603588,-0.3038194,0.447338,176.8338,193.0881,195.4753,192.5456,188.8889,124.2947,71.70139,160.6771,1,-3.259408,15.87095,99.75043,0,8700.764
1/8/2026,10:43:14,13.42954,8.064815,12.47106,12.53646,12.60127,11.94734,1.73206,-0.380787,0.400463,175.3581,193.1207,195.3776,192.5239,188.878,125.9983,70.82248,160.2756,1,-3.259408,17.38643,99.75405,0,8700.764
1/8/2026,10:44:14,13.43678,7.707176,12.45833,12.52604,12.59259,11.92651,1.862847,-0.443287,0.3605324,173.8173,192.9904,195.3668,192.5347,188.8563,127.832,71.51693,159.9175,1,-3.263142,16.03009,99.75405,0,8700.764
1/8/2026,10:45:14,13.41055,7.391204,12.45139,12.52604,12.59201,11.91262,1.987847,-0.4791667,0.322338,172.3416,193.0122,195.4861,192.5347,188.8238,129.4162,71.50608,159.592,1,-3.259408,17.56727,99.75405,0,8700.764
1/8/2026,10:46:14,13.3997,7,12.44734,12.52604,12.59491,11.90104,2.145833,-0.5306713,0.2916666,170.8659,193.1098,195.497,192.5347,188.7804,131.2392,70.84418,159.2339,1,-3.259408,18.07364,99.75767,0,8700.764
1/8/2026,10:47:14,13.41869,6.744213,12.43924,12.52431,12.59086,11.88599,2.252893,-0.556713,0.2604166,169.1623,193.1207,195.4644,192.5239,188.7261,132.78,71.20226,158.8867,1,-3.259408,15.93605,99.75405,0,8700.764
1/8/2026,10:48:14,13.41869,6.447338,12.4456,12.54861,12.61921,11.89352,2.380787,-0.568287,0.2355324,167.806,193.1207,195.3993,192.5564,188.7153,134.3533,69.25999,158.5612,1,-3.259408,18.52214,99.75767,0,8700.764
1/8/2026,10:49:14,13.40603,6.19618,12.4375,12.5434,12.61285,11.87905,2.491319,-0.603588,0.2100694,166.3411,193.0122,195.5078,192.589,188.6393,135.8073,69.67231,158.214,1,-3.259408,16.99942,99.75767,0,8700.764
1/8/2026,10:50:14,13.40422,5.885995,12.42882,12.53993,12.6088,11.85995,2.638889,-0.609375,0.1892362,165.1259,193.0122,195.4861,192.589,188.6502,137.0768,69.72656,157.8776,1,-3.255675,21.46629,99.76128,0,8700.764
1/8/2026,10:51:14,13.42593,5.586227,12.40567,12.51042,12.57639,11.82118,2.772569,-0.6163194,0.1707176,163.5959,192.9688,195.4427,192.5347,188.4983,138.1836,71.13715,157.5521,1,-3.259408,21.0395,99.76128,0,8700.764
1/8/2026,10:52:14,13.42683,5.269676,12.42593,12.5544,12.625,11.8478,2.95081,-0.6267361,0.1556712,162.2396,193.023,195.497,192.5781,188.5851,139.8654,69.96528,157.27,1,-3.259408,26.4974,99.76128,0,8700.764
1/8/2026,10:53:14,13.45034,4.940972,12.4022,12.52546,12.59491,11.81192,3.119792,-0.6359954,0.140625,160.3841,192.9796,195.4644,192.5456,188.4657,141.2109,72.94922,156.977,1,-3.259408,29.08709,99.7649,0,8700.764
1/8/2026,10:54:14,13.38976,4.662616,12.40278,12.53241,12.60359,11.80382,3.278935,-0.646412,0.1278936,158.7348,193.0013,195.4753,192.5564,188.4549,142.7192,72.67796,156.6623,1,-3.259408,37.21426,99.7649,0,8700.764
1/8/2026,10:55:14,13.41055,4.422454,12.3941,12.53414,12.60301,11.79109,3.41956,-0.6539352,0.1163194,156.9987,193.0122,195.497,192.5673,188.4549,144.1189,72.6237,156.3368,1,-3.259408,42.22729,99.76852,0,8700.764
1/8/2026,10:56:14,13.43859,4.223958,12.39063,12.53472,12.59144,11.77951,3.533565,-0.6545139,0.1082176,155.5013,193.0339,195.6055,192.5998,188.4115,145.1389,72.45009,156.0547,1,-3.255675,49.59129,99.76852,0,8700.764
1/8/2026,10:57:14,13.42231,4.070602,12.38831,12.54572,12.61111,11.77488,3.631366,-0.6539352,9.953701E-02,154.0798,193.0447,195.6055,192.5998,188.4006,146.1914,72.31988,155.7726,1,-3.259408,54.58623,99.76852,0,8700.764
1/8/2026,10:58:14,13.38614,3.951389,12.37963,12.53588,12.60417,11.75579,3.696759,-0.6585648,0.0949074,152.908,192.9145,195.4861,192.5998,188.3138,146.8642,71.60374,155.4796,1,-3.255675,58.95182,99.76852,0,8700.764
1/8/2026,10:59:14,13.44672,3.879051,12.38831,12.56655,12.63657,11.7691,3.748843,-0.6655092,0.09375,152.0399,192.9579,195.6272,192.6541,188.4115,147.4935,67.77344,155.1975,1,-3.259408,65.16204,99.76852,0,8700.764
1/8/2026,11:00:14,13.3997,3.824074,12.37384,12.55035,12.61979,11.7419,3.767361,-0.6712963,9.143519E-02,151.237,192.9362,195.497,192.5998,188.2921,147.7648,68.35938,154.9588,1,-3.255675,65.82755,99.76852,0,8700.764
1/8/2026,11:01:14,13.43587,3.802083,12.36921,12.55266,12.62037,11.72917,3.774884,-0.6782408,8.738422E-02,150.7053,192.8277,195.5946,192.6324,188.2487,148.0686,67.86024,154.6983,1,-3.259408,65.82393,99.76852,0,8700.764
1/8/2026,11:02:14,13.40875,3.79456,12.36343,12.55208,12.62095,11.71933,3.770255,-0.6736111,8.391201E-02,150.4883,192.8277,195.6055,192.6215,188.2162,147.9601,67.65408,154.4054,1,-3.259408,65.8167,99.77214,0,8700.764
1/8/2026,11:03:14,13.4205,3.788195,12.35764,12.55151,12.62326,11.70428,3.76331,-0.6730324,8.217597E-02,150.1736,192.8385,195.6055,192.589,188.1727,147.9709,67.64323,154.1558,1,-3.259408,65.82031,99.77214,0,8700.764
1/8/2026,11:04:14,13.40603,3.781829,12.35127,12.55266,12.62384,11.69329,3.756366,-0.675926,7.870376E-02,149.9892,192.8277,195.6055,192.589,188.1293,147.8516,68.0013,153.8737,1,-3.259408,65.82031,99.77214,0,8700.764
1/8/2026,11:05:14,13.39337,3.777199,12.34664,12.55498,12.62789,11.67593,3.752315,-0.677662,7.523143E-02,149.8047,192.513,195.2908,192.372,187.7821,147.5043,68.14236,153.6133,1,-3.255675,12.11661,99.77214,0,8700.764
1/8/2026,11:06:14,13.40242,3.785301,12.35127,12.5706,12.64236,11.68056,3.743055,-0.6730324,7.233799E-02,149.6202,192.4805,195.3668,192.3177,187.7062,147.5043,66.12413,153.3637,1,-3.255675,-0.7631655,99.77214,0,8700.764
1/8/2026,11:07:14,13.40603,3.783565,12.34491,12.5706,12.64178,11.66724,3.73206,-0.6782408,7.060182E-02,149.5877,192.4805,195.2691,192.3503,187.7062,147.2873,66.91624,153.1358,1,-3.255675,-0.7667824,99.77214,0,8700.764
1/8/2026,11:08:14,13.46662,3.785301,12.34086,12.56887,12.64178,11.65336,3.719907,-0.6597222,6.712961E-02,149.5768,192.4805,195.3668,192.3503,187.6194,147.0703,67.37196,152.8863,0,-3.259408,-0.7703993,99.77937,0,8700.764
1/8/2026,11:09:14,13.42321,3.785301,12.33681,12.56539,12.60185,11.72627,3.715857,-0.5925926,6.539357E-02,149.6636,192.5347,195.4102,192.4045,187.7062,147.0595,65.95052,153.3854,0,-3.255675,-0.7740162,99.78298,0,8700.764
1/8/2026,11:10:14,13.42321,3.788195,12.33044,12.53819,12.48669,11.87269,3.711805,-0.5434028,6.307876E-02,149.5551,192.5456,195.3125,192.0898,188.0317,147.0378,67.33941,150.727,0,-3.259408,-0.7740162,99.78661,0,8700.764
1/8/2026,11:11:14,12.9503,3.707755,12.24884,12.39699,12.26505,11.85532,3.82118,-0.5144676,6.423616E-02,148.5243,191.5365,194.3251,190.6467,187.2396,145.6489,74.67448,149.5226,0,19.59379,8.886719,0.1302083,4.764282,8700.823
1/8/2026,11:12:14,13.12211,3.635417,12.29977,12.45544,12.28125,12.04282,4.026042,-0.40625,6.539357E-02,149.4575,192.7517,195.3993,191.6016,189.3663,148.4158,82.17231,149.2296,0,19.59752,14.36632,0.1193576,4.409518,8700.903
1/8/2026,11:13:14,12.54973,3.493055,12.29977,12.44907,12.24711,12.11516,4.240162,-0.3049769,6.423616E-02,148.8607,192.7517,195.3342,191.3954,189.822,149.5877,86.6428,148.98,0,24.21595,18.78255,0.1157407,5.831795,8700.989
1/8/2026,11:14:14,12.81286,3.269676,12.28993,12.41609,12.20718,12.13889,4.471065,-0.1840278,6.423616E-02,147.9384,192.6649,195.3017,191.2869,190.0825,151.1936,90.86372,148.8715,0,24.21595,23.50984,0.1374421,5.967542,8701.089
1/8/2026,11:15:14,12.05151,3.070602,12.27373,12.37616,12.17303,12.13599,4.739583,-0.1082176,0.0636574,146.4952,192.5998,195.0629,191.1241,189.9197,152.6476,94.19488,148.8932,0,28.5693,23.02879,0.1121238,7.208333,8701.196
1/8/2026,11:16:14,12.40506,2.838542,12.26157,12.34317,12.14988,12.08102,5.042824,-0.0451389,6.481481E-02,145.0521,192.513,195.0846,191.1458,189.9848,154.6658,97.54774,149.0234,0,28.5693,28.23713,0.1302083,7.541979,8701.319
1/8/2026,11:17:14,11.63466,2.616319,12.2662,12.34549,12.1713,12.14988,5.396991,5.208373E-03,0.0636574,143.2726,192.4154,194.9761,191.1024,190.1259,156.6081,100.0434,148.8064,0,33.58722,33.80715,0.1338252,8.743777,8701.45
1/8/2026,11:18:14,11.9213,2.407986,12.26447,12.33218,12.1713,12.15278,5.796875,4.224539E-02,0.0636574,141.4063,192.513,194.987,191.1567,190.1693,158.8542,101.4757,148.5352,0,33.58348,39.24696,0.141059,8.997055,8701.599
1/8/2026,11:19:14,11.41131,2.212384,12.24711,12.2934,12.14294,12.13021,6.217014,9.027779E-02,6.481481E-02,139.3663,192.4045,194.7591,191.1241,190.1693,161.0352,103.0382,148.1011,0,38.73208,46.36502,0.1374421,9.874049,8701.749
1/8/2026,11:20:14,11.31004,2.038773,12.23785,12.26794,12.13368,12.12037,6.689236,0.1475694,6.423616E-02,137.3372,192.1983,194.8676,191.135,190.1584,163.5308,104.8611,147.6888,0,38.72834,51.28762,0.1229745,9.787067,8701.913
1/8/2026,11:21:14,11.52615,1.881944,12.24537,12.26852,12.14988,12.13426,7.179399,0.212963,0.0636574,135.4601,192.1875,194.7591,191.135,190.1801,165.9939,105.1866,147.2222,0,38.73208,55.9932,0.141059,9.775055,8702.076
1/8/2026,11:22:14,11.69253,1.743056,12.24306,12.26447,12.15914,12.14178,7.677083,0.2708334,0.0636574,133.4744,192.1658,194.77,191.1241,190.191,168.3594,106.0438,147.1354,0,38.72834,62.40234,0.1229745,9.649261,8702.238
1/8/2026,11:23:14,11.76396,1.615741,12.22974,12.22859,12.13542,12.12269,8.166088,0.322338,6.423616E-02,131.5972,192.0681,194.6506,191.1241,190.1693,170.8008,108.138,146.9727,0,38.72834,65.87818,0.1446759,9.364983,8702.397
1/8/2026,11:24:14,12.64106,1.506944,12.22454,12.21701,12.13773,12.12442,8.538195,0.3732638,6.481481E-02,130.0022,192.0573,194.6615,191.0916,190.191,172.895,108.8976,146.3867,0,29.89098,65.87457,0.1446759,7.186017,8702.529
1/8/2026,11:25:14,12.47106,1.402778,12.21875,12.20197,12.13426,12.12269,8.887732,0.4131944,6.481481E-02,128.5482,191.9596,194.4444,191.135,190.1801,174.6962,110.1128,146.2782,0,29.88725,65.87095,0.1302083,6.814679,8702.646
1/8/2026,11:26:14,11.78205,1.310185,12.20718,12.18056,12.11863,12.11111,9.329283,0.4496528,6.539357E-02,127.0399,191.9379,194.4444,191.0807,190.1584,176.3563,110.7639,146.0829,0,39.78495,65.86733,0.1374421,8.415117,8702.773
1/8/2026,11:27:14,12.16182,1.229167,12.20313,12.16667,12.11806,12.1088,9.818866,0.4890046,6.481481E-02,125.6945,191.9488,194.4444,191.059,190.1584,178.2661,111.263,145.7682,0,39.78495,65.86733,0.1446759,8.527324,8702.916
1/8/2026,11:28:14,12.28299,1.15625,12.19792,12.15336,12.11458,12.1059,10.29224,0.521412,6.423616E-02,124.5117,191.9488,194.3251,191.0482,190.1476,180.23,112.0117,145.2691,0,39.78121,65.86372,0.1338252,8.078381,8703.055
1/8/2026,11:29:14,12.36346,1.092014,12.19155,12.14352,12.11516,12.10301,10.73843,0.550926,6.539357E-02,123.4592,191.9271,194.3251,191.0482,190.1584,182.0963,112.6736,145.0629,0,39.78121,65.8601,0.141059,7.566909,8703.185
1/8/2026,11:30:14,12.49277,1.038194,12.18634,12.12847,12.11111,12.10243,11.16204,0.5827546,6.423616E-02,122.4067,191.8294,194.3359,191.0482,190.1584,183.7891,113.0968,144.7591,0,39.78495,65.8601,0.1338252,7.103279,8703.308
1/8/2026,11:31:14,12.63925,0.990162,12.18056,12.11863,12.1059,12.09954,11.55382,0.5960648,6.481481E-02,121.4844,191.8403,194.2274,191.059,190.1584,185.5035,113.6827,144.2817,0,39.78121,65.8601,0.141059,6.634032,8703.423
1/8/2026,11:32:14,13.08413,0.9525462,12.18403,12.11806,12.12037,12.11285,11.90625,0.6180556,6.481481E-02,120.5621,191.7643,194.2708,191.0482,190.2018,186.9249,114.247,143.7608,0,30.283,65.8601,0.1519097,5.221326,8703.527
1/8/2026,11:33:14,13.0136,0.9189814,12.17708,12.10706,12.11921,12.11053,12.14236,0.636574,6.481481E-02,119.9327,191.7643,194.2491,191.059,190.1693,188.0751,114.4748,143.2617,0,30.283,65.85648,0.1229745,4.420845,8703.607
1/8/2026,11:34:14,13.0995,0.8935186,12.17014,12.09664,12.11401,12.10474,12.35417,0.6516204,6.539357E-02,119.2057,191.862,194.184,191.059,190.1801,189.0408,114.5833,142.4696,0,30.28674,65.85648,0.1302083,4.170779,8703.679
1/8/2026,11:35:14,13.23242,0.8721064,12.15799,12.07581,12.10069,12.09433,12.38773,0.6655092,6.481481E-02,118.5438,191.9488,194.1515,191.0482,190.1476,189.6484,115.2235,141.1024,0,17.09229,65.85286,0.1265914,1.904398,8703.72
1/8/2026,11:36:14,13.32556,0.855324,12.15162,12.06655,12.09375,12.08912,12.44155,0.6747686,6.423616E-02,118.023,191.8403,194.1515,190.9939,190.0825,189.8112,115.2561,139.9306,0,17.09229,65.85286,0.1446759,1.986406,8703.752
1/8/2026,11:37:14,13.3355,0.8443288,12.14005,12.05035,12.07986,12.07176,12.40625,0.6799768,6.423616E-02,117.6432,191.7535,193.9345,190.8746,189.9197,189.8546,115.8203,139.095,0,4.039725,23.14815,0.141059,0,8703.761
1/8/2026,11:38:14,13.50098,0.8310186,12.04398,12.03299,12.05961,12.05498,12.36921,0.6846064,6.423616E-02,117.3069,191.5582,193.9779,190.8963,189.9957,189.9306,115.6575,138.1076,0,4.039725,5.78342,21.05758,0,8703.761
1/8/2026,11:39:14,13.43949,0.7835648,11.74132,12.01968,12.03819,12.03819,12.35359,0.7592592,6.481481E-02,116.9054,191.1784,194.1081,190.8637,189.9848,189.9306,117.0573,137.0985,0,4.039725,11.50535,30.45067,0,8703.761
1/8/2026,11:40:14,13.43587,0.6961806,11.43056,11.99826,12.00984,12.01157,12.34144,0.8310186,6.423616E-02,116.2652,190.2344,193.9996,190.8746,189.9848,189.8438,118.5655,136.7622,0,4.039725,10.36965,47.55859,0,8703.761
1/8/2026,11:41:14,13.41236,0.6163194,11.33623,12.03877,12.0544,12.04398,12.37211,0.8587962,0.0636574,115.1584,189.3338,193.8585,190.6793,189.7352,189.5291,118.0555,136.6645,0,4.039725,2.85735,58.61907,0,8703.761
1/8/2026,11:42:14,13.38704,0.5237268,11.17882,12.02199,12.02951,12.02546,12.37153,0.8894676,6.481481E-02,113.878,188.9323,193.8802,190.842,189.9523,189.6159,118.3702,136.4041,0,4.039725,6.864872,81.71658,0,8703.761
1/8/2026,11:43:14,13.4413,0.4484954,11.04456,12.05845,12.06597,12.05787,12.40336,0.9288194,0.0636574,112.3264,188.2813,194.0213,190.8312,189.9523,189.8438,118.0122,135.2865,0,4.039725,5.805121,81.73105,0,8703.761
1/8/2026,11:44:14,13.40875,0.365162,10.88368,11.9728,12.01389,11.97627,12.37789,0.9618056,6.423616E-02,109.6354,186.7404,194.0104,189.6918,188.5851,189.8004,117.9905,134.1905,0,4.035992,7.931858,99.77214,0,8703.761
1/8/2026,11:45:14,13.42412,0.3234954,10.64526,12.02083,12.02026,12.01852,12.41319,1.031829,6.423616E-02,109.2665,186.9466,193.8585,190.7552,189.822,189.8004,119.5096,133.6914,0,4.039725,8.308015,99.78298,0,8703.761
1/8/2026,11:46:14,13.44311,0.277199,10.40278,12.04051,12.03993,12.03067,12.44039,1.098958,6.423616E-02,107.8342,186.2413,193.8802,190.7661,189.8655,189.9197,120.3559,133.6263,0,4.039725,10.58666,99.78661,0,8703.761
1/8/2026,11:47:14,13.43859,0.2372686,10.15336,12.03472,12.03183,12.02315,12.45486,1.176505,6.481481E-02,106.6081,185.1888,193.8911,190.7227,189.822,189.9197,121.7556,133.5503,0,4.039725,8.619068,99.79022,0,8703.761
1/8/2026,11:48:14,13.39066,0.2042824,9.936921,12.03299,12.02199,12.01563,12.47222,1.228009,6.481481E-02,105.5447,184.4292,193.8911,190.6901,189.822,190.0174,122.5152,133.3008,0,4.039725,10.02242,99.79022,0,8703.761
1/8/2026,11:49:14,13.4205,0.1770834,9.63831,12.03414,12.02199,12.01215,12.49363,1.317708,6.307876E-02,104.6224,183.3225,193.9019,190.6684,189.7895,190.0174,123.3507,132.997,0,4.035992,11.98278,99.79022,0,8703.761
1/8/2026,11:50:14,13.39699,0.1539352,9.350695,12.04572,12.03299,12.02373,12.52199,1.393518,0.0636574,103.776,182.2808,193.9345,190.6793,189.8329,190.0933,123.9366,132.6172,0,4.035992,13.61401,99.79022,0,8703.761
1/8/2026,11:51:14,13.39789,0.1342592,8.952546,12.01157,11.98958,11.9809,12.52315,1.518518,6.423616E-02,102.9948,180.7726,193.6306,190.5708,189.6701,190.0282,125.9874,132.1615,0,4.035992,15.80223,99.79384,0,8703.761
1/8/2026,11:52:14,13.40603,0.1226852,8.693287,12.01794,11.99363,11.98785,12.55035,1.623264,0.0636574,102.4957,179.6224,193.8042,190.6142,189.7352,190.2235,127.3329,131.6515,0,4.039725,12.61574,99.79384,0,8703.761
1/8/2026,11:53:14,13.3997,0.1099538,8.377315,12.00116,11.97396,11.96991,12.56539,1.714699,6.423616E-02,102.0182,178.4071,193.6415,190.5165,189.6159,190.1584,128.5916,131.2934,0,4.039725,15.78776,99.79745,0,8703.761
1/8/2026,11:54:14,13.41236,0.1047454,8.08044,11.96586,11.92998,11.91956,12.54745,1.819444,6.597221E-02,101.6276,176.454,192.1767,190.549,187.8038,188.1402,129.6549,130.6858,0,4.039725,14.04803,99.79745,0,8703.761
1/8/2026,11:55:14,13.42321,0.1006944,7.767361,12.03067,11.99942,11.9809,12.63079,1.923033,2.314818E-02,101.2478,176.4214,193.7934,190.549,189.6701,190.4839,130.0564,129.3077,1,4.035992,17.05367,99.79384,0,8703.761
1/8/2026,11:56:14,13.37167,0.1001158,7.458333,12.02026,12.03356,12.01968,12.5544,2.036458,-5.497688E-02,100.9332,175.7921,193.8151,190.5708,189.7135,190.3863,131.7057,126.1285,1,4.039725,15.63947,99.79022,0,8703.761
1/8/2026,11:57:14,13.40875,9.837961E-02,7.14757,12.00926,12.07349,12.06308,12.45486,2.156829,-0.1273148,100.9115,175.3472,193.7826,190.6358,189.8546,190.0282,133.1923,123.6979,1,4.035992,18.3015,99.79022,0,8703.761
1/8/2026,11:58:14,13.38343,9.664357E-02,6.837384,12.00579,12.11401,12.10127,12.37384,2.271991,-0.1898148,100.5859,174.8155,193.7608,190.8095,190.0825,189.8329,134.4618,121.9618,1,4.039725,16.53646,99.79022,0,8703.761
1/8/2026,11:59:14,13.42231,0.09375,6.542245,12,12.14641,12.12847,12.31076,2.38831,-0.2459491,100.4991,174.5009,193.6632,191.0482,190.2235,189.5182,135.395,120.714,1,4.039725,18.26895,99.79022,0,8703.761
1/8/2026,12:00:14,13.3572,9.201384E-02,6.162037,12.00231,12.17824,12.15741,12.26794,2.55787,-0.2922454,100.3798,173.9692,193.6741,191.1784,190.3971,189.3338,136.7839,120.3776,1,4.035992,20.09187,99.78661,0,8703.761
1/8/2026,12:01:14,13.4413,9.027779E-02,5.815972,12.00694,12.20544,12.1794,12.23843,2.716435,-0.3362269,100.2821,173.329,193.6957,191.2435,190.4405,189.1167,138.0425,119.8676,1,4.039725,22.35605,99.78661,0,8703.761
1/8/2026,12:02:14,13.43226,8.854163E-02,5.382523,11.99537,12.21586,12.19039,12.21238,2.918982,-0.3755787,100.0868,172.4718,193.6198,191.2869,190.5165,189.03,139.9631,119.7483,1,4.035992,26.23698,99.78661,0,8703.761
1/8/2026,12:03:14,13.40513,8.796299E-02,5.053241,11.99826,12.23438,12.20428,12.20255,3.083333,-0.4068287,100.1953,171.6254,193.6741,191.3086,190.5165,188.9106,141.5148,119.6832,1,4.035992,23.68345,99.78661,0,8703.761
1/8/2026,12:04:14,13.38704,8.506942E-02,4.723958,11.97222,12.21759,12.19444,12.18229,3.256366,-0.4363426,100,170.7899,193.5547,191.3411,190.5382,188.7587,143.5113,119.9002,1,4.035992,29.60431,99.79022,0,8703.761
1/8/2026,12:05:14,13.43316,8.622682E-02,4.443866,11.98206,12.23843,12.21181,12.18461,3.406829,-0.458912,99.96745,170.0629,193.5764,191.4063,190.625,188.6936,144.6506,120.0955,1,4.035992,36.08579,99.79022,0,8703.761
1/8/2026,12:06:14,13.43316,8.506942E-02,4.222801,11.96701,12.2309,12.20602,12.17708,3.535301,-0.4791667,99.86979,169.3359,193.5547,191.4063,190.6684,188.6502,146.0069,120.2257,1,4.035992,41.12051,99.79022,0,8703.761
1/8/2026,12:07:14,13.43497,8.449078E-02,4.063657,11.9728,12.24826,12.22222,12.18056,3.62963,-0.4947917,99.83723,168.9562,193.5764,191.4171,190.7769,188.6719,146.658,120.0955,1,4.035992,49.07046,99.78661,0,8703.761
1/8/2026,12:08:14,13.35901,8.796299E-02,3.965278,11.99306,12.28356,12.24884,12.20313,3.671296,-0.509838,99.70703,168.533,193.4462,191.2977,190.625,188.4766,146.6471,119.8676,1,4.035992,44.94358,99.79022,0,8703.761
1/8/2026,12:09:14,13.40151,8.622682E-02,3.936921,11.96991,12.26389,12.23611,12.1956,3.668403,-0.5202546,99.21875,168.3811,193.4787,191.3303,190.6467,188.4983,147.8733,119.6181,1,4.035992,-0.8138021,99.78661,0,8703.761
1/8/2026,12:10:14,13.4214,8.680558E-02,3.943287,11.96354,12.26968,12.23901,12.19734,3.645255,-0.5295139,96.27821,168.3702,193.5764,191.352,190.6575,188.5742,147.6997,119.5313,1,4.035992,-0.8138021,99.78661,0,8703.761
1/8/2026,12:11:14,13.39156,8.738422E-02,3.949074,11.96181,12.27373,12.24711,12.18808,3.643518,-0.5387732,93.48959,168.2617,193.457,191.3628,190.7227,188.5959,147.5043,119.4336,1,4.035992,-0.8065683,99.78661,0,8703.761
1/8/2026,12:12:14,11.73683,8.564818E-02,3.947338,11.92535,12.23669,12.21123,12.15394,3.730324,-0.5445602,91.4605,168.2075,193.3919,191.2652,190.6142,188.4223,148.8064,119.4878,1,25.13067,-0.8065683,18.13513,5.657199,8703.786
1/8/2026,12:13:14,12.75228,8.564818E-02,3.951968,11.9375,12.25116,12.22801,12.15625,3.939236,-0.5515046,89.99566,168.023,193.4136,191.3194,190.6142,188.4115,149.8047,119.477,1,25.13067,-0.8065683,0.1193576,6.513741,8703.891
1/8/2026,12:14:14,12.06959,8.564818E-02,3.95544,11.93287,12.24884,12.22917,12.15278,4.228009,-0.5561342,88.34635,167.806,193.316,191.3194,190.6142,188.4223,151.6819,119.5204,1,29.7491,-0.7993345,0.1012731,7.77552,8704.017
1/8/2026,12:15:14,12.22512,8.622682E-02,3.956597,11.92824,12.24653,12.22627,12.14873,4.512732,-0.5613426,86.773,167.5998,193.4353,191.276,190.6142,188.2162,153.7977,119.4661,1,29.7491,-0.7993345,0.141059,7.884135,8704.147
1/8/2026,12:16:14,12.3291,8.738422E-02,3.957755,11.92303,12.23727,12.21817,12.14236,4.796296,-0.5659722,85.82899,167.1658,193.4353,191.276,190.5816,188.2162,155.1758,119.3034,1,29.092,-0.7921007,0.1193576,7.643149,8704.276
1/8/2026,12:17:14,12.28389,8.680558E-02,3.958912,11.91724,12.23669,12.21701,12.14005,5.09375,-0.5706018,84.85243,166.9488,193.4245,191.2869,190.5924,188.3029,157.0313,119.0755,1,29.08826,-0.7884837,0.141059,7.575253,8704.403
1/8/2026,12:18:14,12.87435,8.796299E-02,3.96007,11.91667,12.24016,12.22049,12.1412,5.351273,-0.5763889,84.04948,166.7318,193.4245,191.2869,190.5924,188.2813,159.2448,118.8477,1,25.13441,-0.7884837,0.1374421,6.374461,8704.521
1/8/2026,12:19:14,12.6293,8.449078E-02,3.960648,11.91204,12.23727,12.21759,12.13831,5.593171,-0.5798611,83.20313,166.2977,193.4136,191.2435,190.5599,188.2053,160.7639,118.5438,1,25.13067,-0.7884837,0.1374421,6.177291,8704.624
1/8/2026,12:20:14,12.68265,8.564818E-02,3.96007,11.90683,12.23206,12.21296,12.13426,5.84375,-0.5810185,82.17231,166.1892,193.4136,191.2326,190.5382,188.1727,161.6862,118.3594,1,25.13441,-0.7884837,0.1374421,6.19339,8704.728
1/8/2026,12:21:14,12.71249,8.622682E-02,3.960648,11.90278,12.23264,12.21181,12.13252,6.098958,-0.5856482,81.45617,165.8637,193.316,191.2435,190.5382,188.0859,163.3681,118.1315,1,25.13067,-0.7884837,0.141059,6.167656,8704.83
1/8/2026,12:22:14,12.52441,8.506942E-02,3.961805,11.90394,12.23495,12.21181,12.13194,6.358218,-0.5856482,80.72916,165.6576,193.316,191.2109,190.549,188.0968,164.9306,117.9362,1,26.5793,-0.7884837,0.1265914,6.506413,8704.934
1/8/2026,12:23:14,12.55787,8.506942E-02,3.962963,11.89641,12.2309,12.20776,12.13079,6.640046,-0.5891204,79.99133,165.3429,193.3051,191.1892,190.5382,188.0859,166.1784,117.6324,1,26.58303,-0.7884837,0.141059,6.55612,8705.043
1/8/2026,12:24:14,12.32458,8.449078E-02,3.961227,11.89236,12.22801,12.20544,12.12674,6.948495,-0.5891204,79.45964,165.2452,193.316,191.1784,190.5165,188.1402,169.1406,117.4045,1,31.46281,-0.7884837,0.1374421,6.570644,8705.152
1/8/2026,12:25:14,12.12475,8.564818E-02,3.96007,11.88773,12.22396,12.2037,12.12326,7.328125,-0.5763889,78.75434,165.0608,193.3268,191.2326,190.5599,188.1402,168.0881,117.2418,0,31.46281,-0.7884837,0.1374421,7.913403,8705.282
1/8/2026,12:26:14,12.32096,8.275461E-02,3.939815,11.84664,12.17593,12.08623,12.0978,7.706597,-0.5462963,78.1684,164.8438,193.2943,191.2869,190.6575,188.1185,172.819,116.862,0,31.46281,6.45978,0.1338252,7.901212,8705.413
1/8/2026,12:27:14,10.97729,6.886578E-02,3.843171,11.80671,12.11806,12.05324,12.06192,8.208333,-0.4866898,76.94228,163.7478,192.4154,190.2561,189.4748,186.9141,173.5135,115.9397,0,45.04928,11.41131,0.1374421,9.615609,8705.57
1/8/2026,12:28:14,11.40227,8.333337E-02,3.743634,11.86053,12.19734,12.09375,12.10417,8.743055,-0.4097222,77.35461,164.3989,193.1966,191.2977,190.6467,188.1727,175.5968,113.4657,0,45.05302,17.03921,0.1193576,9.688304,8705.731
1/8/2026,12:29:14,11.73864,8.217597E-02,3.559607,11.84375,12.18056,12.08507,12.09491,9.261574,-0.3206019,76.81207,163.7587,193.1966,191.3086,190.6467,188.1836,178.6024,110.5794,0,45.04928,22.11371,0.1265914,9.593272,8705.893
1/8/2026,12:30:14,11.93305,8.391201E-02,3.346065,11.83912,12.17824,12.07986,12.09144,9.773149,-0.2430556,76.29124,162.8906,193.3268,191.276,190.6358,188.2704,180.74,108.6263,0,45.04928,30.94256,0.1265914,9.120368,8706.049
1/8/2026,12:31:14,12.26219,8.333337E-02,3.144676,11.83449,12.17419,12.07523,12.08681,10.22743,-0.1863426,75.88976,162.0334,193.2075,191.276,190.6358,188.1619,182.5521,107.8885,0,40.95729,36.27026,9.403935E-02,8.172809,8706.19
1/8/2026,12:32:14,12.37612,6.886578E-02,2.928241,11.78299,12.12616,12.04051,12.04167,10.62269,-0.1371528,75.22786,159.9609,192.0247,190.0282,190.3103,186.6319,184.2665,107.7582,0,40.96102,41.23264,0.1229745,7.638711,8706.321
1/8/2026,12:33:14,12.51176,8.217597E-02,2.772569,11.81192,12.1522,12.06076,12.07118,11.04514,-9.027779E-02,75.0217,160.319,193.0664,191.2543,190.4948,187.9883,186.48,104.1992,0,40.95729,49.22598,0.1265914,7.185973,8706.445
1/8/2026,12:34:14,12.63111,8.449078E-02,2.614583,11.84375,12.18634,12.07928,12.08796,11.4103,-0.0457176,74.71788,159.5812,193.0773,191.2435,190.549,188.1836,187.1419,102.4089,0,40.95729,53.86646,0.1229745,6.632813,8706.561
1/8/2026,12:35:14,13.23513,8.391201E-02,2.460069,11.83044,12.17593,12.07118,12.0787,11.72049,-5.787015E-04,74.21875,158.9084,193.0881,191.2326,190.5165,188.0425,188.1185,102.2786,0,27.50149,60.83261,0.1374421,4.724116,8706.665
1/8/2026,12:36:14,13.13657,8.275461E-02,2.31713,11.82465,12.1713,12.06655,12.07407,11.90625,4.340279E-02,73.90408,158.2031,193.0664,191.2001,190.5165,188.0425,189.2687,102.6367,0,27.50523,64.65205,0.1265914,4.03277,8706.738
1/8/2026,12:37:14,13.26588,8.333337E-02,2.185764,11.81771,12.16435,12.05961,12.06771,12.06308,8.738422E-02,73.4809,157.5738,193.0664,191.2001,190.4839,188.0534,190.3754,103.6241,0,21.63232,65.84925,0.1338252,3.739608,8706.803
1/8/2026,12:38:14,13.24689,8.333337E-02,2.061342,11.79745,12.1412,12.04456,12.05556,12.05903,0.1296296,73.02518,156.9119,193.1858,191.1458,190.4622,187.9015,189.8004,104.0473,0,14.31825,65.84202,0.1302083,0,8706.821
1/8/2026,12:39:14,13.36444,8.101857E-02,1.946759,11.79224,12.13657,12.04109,12.05035,12.07407,0.1689814,72.6454,156.4887,193.1966,191.1892,190.408,187.9015,189.8329,105.0239,0,14.31452,65.83839,0.1265914,0,8706.821
1/8/2026,12:40:14,13.36444,8.275461E-02,1.841435,11.78762,12.13194,12.03588,12.04688,12.11516,0.2112268,72.33073,155.8811,193.0773,191.1458,190.4297,187.934,189.898,105.4471,0,14.31452,65.83839,0.1229745,0,8706.821
1/8/2026,12:41:14,13.37619,8.217597E-02,1.741898,11.78472,12.13079,12.03183,12.04224,12.16551,0.2517362,72.14627,155.4688,193.0881,191.1567,190.4188,187.8364,190.0933,106.1849,0,14.31452,65.83478,0.1265914,0,8706.821
1/8/2026,12:42:14,13.37981,8.333337E-02,1.650463,11.77951,12.12442,12.02836,12.03704,12.22569,0.2887732,71.84245,154.7635,192.9579,191.1241,190.3971,187.934,190.115,106.8576,0,14.31452,65.82755,0.1193576,0,8706.821
1/8/2026,12:43:14,13.45486,8.217597E-02,1.565393,11.78646,12.13368,12.03183,12.04051,12.20544,0.3275462,71.54948,154.362,193.099,191.135,190.4188,187.8581,190.9614,107.487,0,-3.225806,65.82755,0.1265914,0,8706.821
1/8/2026,12:44:14,13.42321,8.333337E-02,1.487847,11.78183,12.12789,12.02604,12.03356,12.17477,0.3645834,71.148,153.7977,193.0664,191.1241,190.3646,187.8255,190.8963,108.1489,0,-3.22954,65.82755,0.1302083,0,8706.821
1/8/2026,12:45:14,13.40151,8.333337E-02,1.412616,11.7772,12.12095,12.02141,12.03009,12.15394,0.3993056,70.95269,153.2661,192.9796,191.1024,190.3646,187.8581,190.7335,108.9301,0,-3.22954,65.82393,0.1121238,0,8706.821
1/8/2026,12:46:14,13.39428,8.217597E-02,1.346065,11.77199,12.12095,12.01852,12.02488,12.13657,0.4322916,70.62717,152.7344,192.9904,191.1133,190.3429,187.8689,190.7444,109.809,0,-3.233274,65.82393,0.1193576,0,8706.821
1/8/2026,12:47:14,13.43045,8.275461E-02,1.28125,11.76678,12.11458,12.01099,12.02141,12.12269,0.4641204,70.33421,152.3004,192.9796,191.059,190.332,187.7604,190.7118,110.4601,0,-3.233274,65.82031,0.1302083,0,8706.821
1/8/2026,12:48:14,13.40151,8.391201E-02,1.221065,11.76331,12.10938,12.00579,12.01331,12.11111,0.4936342,69.99783,151.8121,192.9796,191.0699,190.3429,187.7604,190.7335,111.0135,0,-3.233274,65.82031,0.1302083,0,8706.821
1/8/2026,12:49:14,13.41688,8.217597E-02,1.170139,11.76389,12.10995,12.00289,12.01273,12.10764,0.5202546,69.79167,151.3346,192.8711,191.0156,190.2886,187.7387,189.8871,111.5343,0,-3.233274,65.8167,0.1085069,0,8706.821
1/8/2026,12:50:14,13.43045,8.333337E-02,1.120949,11.75521,12.09954,11.99537,12.00463,12.09664,0.5457176,69.48785,150.9223,192.8819,191.0156,190.2669,187.793,190.4297,112.0117,0,-3.233274,65.8167,0.1085069,0,8706.821
1/8/2026,12:51:14,13.42321,8.275461E-02,1.074653,11.74711,12.09201,11.99016,11.99826,12.09259,0.5700232,69.07552,150.4991,192.8711,191.0156,190.2561,187.7713,190.3212,112.576,0,-3.237007,65.8167,0.1338252,0,8706.821
1/8/2026,12:52:14,13.40242,8.449078E-02,1.039931,11.74942,12.09375,11.98901,11.99826,12.08854,0.5914352,68.72829,150.0434,192.7843,190.9722,190.2127,187.6628,190.2235,112.9991,0,-3.233274,65.8167,0.1374421,0,8706.821
1/8/2026,12:53:14,13.43678,8.391201E-02,0.9982638,11.74421,12.08912,11.98206,11.99074,12.08738,0.6116898,68.53298,149.7179,192.7626,190.9831,190.2235,187.6736,190.115,113.444,0,-3.233274,65.81308,0.1374421,0,8706.821
1/8/2026,12:54:14,13.40965,8.391201E-02,0.9635416,11.74074,12.08333,11.97743,11.98322,12.08565,0.630787,68.10981,149.2838,192.7626,190.9288,190.1693,187.5542,189.9848,113.8238,0,-3.233274,65.81308,0.1302083,0,8706.821
1/8/2026,12:55:14,13.41508,8.275461E-02,0.9340278,11.73669,12.07755,11.97222,11.97917,12.08738,0.6475694,67.80599,148.8498,192.8711,190.9397,190.191,187.5651,190.0282,114.1927,0,-3.237007,65.80946,0.1338252,0,8706.821
1/8/2026,12:56:14,13.43859,8.449078E-02,0.9079862,11.70197,12.07755,11.97106,11.97627,12.08565,0.6608796,67.43707,148.4375,192.806,190.7878,189.9957,187.3915,189.9523,114.6376,0,-3.237007,50.9838,0.1374421,0,8706.821
1/8/2026,12:57:14,13.46842,8.506942E-02,0.8998842,11.74653,12.09028,11.97396,11.97974,12.08507,0.6649306,67.22005,147.8841,192.6758,190.7118,189.974,187.3915,189.4314,115.0716,0,-3.233274,-1.269531,0.1193576,0,8706.821
1/8/2026,12:58:14,13.44672,8.506942E-02,0.9050926,11.74074,12.08623,11.96759,11.97396,12.08854,0.6614584,66.88368,147.4718,192.7734,190.7335,189.974,187.3915,189.9957,115.4839,0,-3.233274,-1.280382,0.1302083,0,8706.821
1/8/2026,12:59:14,13.3988,6.597221E-02,0.8703704,11.59954,11.99479,11.89931,11.90683,12.0625,0.6556712,65.67925,146.1697,191.5256,189.605,188.5634,185.7639,190.2452,115.4297,0,-3.233274,2.991175,18.99957,0,8706.821
1/8/2026,13:00:14,13.38704,8.101857E-02,0.816551,11.36343,12.00174,11.91262,11.92535,12.09086,0.7222222,66.3303,146.951,192.1333,190.8095,190.0825,187.5108,191.1458,115.3971,0,-3.233274,9.06033,37.76041,0,8706.821
1/8/2026,13:01:14,13.39066,8.217597E-02,0.740162,11.18113,12.0191,11.96991,11.98553,11.99537,0.7633102,66.21094,146.2891,191.2869,190.7986,190.0825,187.4023,190.6575,115.8854,0,-3.233274,5.602575,37.81829,0,8706.821
1/8/2026,13:02:14,12.6709,8.101857E-02,0.646412,10.97396,11.99479,11.99074,12.00984,12.08623,0.8061342,65.88541,145.5404,190.7335,190.7444,190.1693,187.576,190.8963,116.4171,0,34.47954,9.129051,72.03414,3.57039,8706.85
1/8/2026,13:03:14,13.11939,8.159721E-02,0.5543982,10.77604,12.0191,12.05498,12.06829,12.2853,0.8570602,65.69011,144.8676,189.6484,190.7444,190.3646,187.7062,190.918,117.2743,0,34.47954,6.741899,72.01606,4.539153,8706.919
1/8/2026,13:04:14,13.14923,8.101857E-02,0.4716436,10.60474,12.01099,12.10532,12.12037,12.47859,0.8940972,65.27778,144.1406,188.6936,190.6142,190.4188,187.8038,191.5039,117.8928,0,34.48328,7.606337,97.59114,4.142096,8706.992
1/8/2026,13:05:14,13.15918,8.217597E-02,0.4039352,10.37442,12.0353,12.18113,12.1875,12.62442,0.9594908,65.16927,143.6849,187.934,190.7335,190.7986,188.227,191.4497,118.8151,0,34.48328,9.201388,99.78298,3.736183,8707.059
1/8/2026,13:06:14,13.20077,8.275461E-02,0.3420138,10.1088,12.02083,12.23611,12.23727,12.74363,1.02662,64.8112,143.0122,186.9575,190.6793,190.9397,188.2704,191.5039,119.8025,0,34.48328,11.44387,99.79022,3.453082,8707.117
1/8/2026,13:07:14,13.91511,8.506942E-02,0.2962962,9.802083,12.06481,12.32755,12.32234,12.73264,1.12963,64.69184,142.7843,185.6445,190.7444,191.3194,188.6502,192.1333,121.1697,0,-3.207139,13.09679,99.79384,0,8707.158
1/8/2026,13:08:14,13.37981,8.159721E-02,0.25,9.539351,12.02373,12.35301,12.35417,12.59838,1.193866,64.32291,142.1333,184.3207,190.6901,191.4388,188.7478,191.4931,122.4284,0,-3.218339,9.892217,99.79745,0,8707.158
1/8/2026,13:09:14,13.31019,8.275461E-02,0.2141204,9.275463,12.04688,12.40625,12.40972,12.48495,1.279514,64.00825,141.6016,183.355,190.6901,191.6233,189.0733,190.5924,123.5352,0,-3.225806,13.03168,99.79745,0,8707.158
1/8/2026,13:10:14,13.42683,2.083337E-02,0.160301,8.959491,12.00752,12.39815,12.4022,12.36285,1.366319,62.55426,139.6593,180.7075,189.1819,189.9306,187.2179,189.5616,124.8372,1,-3.225806,12.25767,99.79745,0,8707.158
1/8/2026,13:11:14,13.40061,-8.738428E-02,0.1579862,8.6875,12.03646,12.45255,12.46759,12.32407,1.468171,63.46571,140.6575,180.957,190.6033,191.7969,189.2361,189.4206,126.0851,1,-3.225806,13.85272,99.79022,0,8707.158
1/8/2026,13:12:14,13.41236,-0.1875,0.1394676,8.423033,12.06308,12.48495,12.49942,12.27662,1.560764,63.2704,140.5708,179.6983,190.6358,191.9379,189.3229,189.247,127.4523,1,-3.22954,12.9702,99.79384,0,8707.158
1/8/2026,13:13:14,13.43768,-0.2719907,0.120949,8.103588,12.02951,12.47917,12.49306,12.25058,1.664352,62.91233,140.2127,178.5265,190.6033,191.9162,189.3338,189.03,128.6784,1,-3.22954,16.44604,99.79022,0,8707.158
1/8/2026,13:14:14,13.39789,-0.3396991,0.1116898,7.801505,12.05208,12.49826,12.50694,12.23148,1.780092,62.67361,139.9631,177.2569,190.6033,192.003,189.5074,188.4983,130.1541,1,-3.233274,15.00651,99.79384,0,8707.158
1/8/2026,13:15:14,13.44039,-0.3958333,0.1030092,7.494792,12.04919,12.50116,12.50463,12.22049,1.893518,62.25043,139.7027,176.1502,190.6033,192.0247,189.388,188.6502,131.4779,1,-3.22954,16.99219,99.79384,0,8707.158
1/8/2026,13:16:14,13.41869,-0.4299769,9.780097E-02,7.16956,12.04572,12.50058,12.50405,12.21065,2.017361,62.03342,139.3772,175.1519,190.6142,192.0139,189.3012,188.4332,132.9644,1,-3.22954,16.76432,99.79384,0,8707.158
1/8/2026,13:17:14,13.40151,-0.4641204,0.09375,6.869213,12.04167,12.49537,12.5,12.20428,2.136574,61.6428,139.0408,174.0777,190.6142,191.9922,189.3012,188.5417,134.2665,1,-3.22954,18.69575,99.79384,0,8707.158
1/8/2026,13:18:14,13.37438,-0.4849537,8.738422E-02,6.501736,12.02083,12.48264,12.48669,12.20139,2.282408,61.31727,138.737,173.2205,190.5708,191.9596,189.3663,188.7587,135.8941,1,-3.22954,19.16956,99.79384,0,8707.158
1/8/2026,13:19:14,13.41779,-0.5052084,8.738422E-02,6.245949,12.01678,12.47743,12.48438,12.19155,2.38831,60.99175,138.4006,172.2656,190.5599,191.9488,189.3663,188.878,137.1419,1,-3.22954,18.08449,99.79384,0,8707.158
1/8/2026,13:20:14,13.45848,-0.5243056,8.622682E-02,5.905093,12.00926,12.47106,12.47685,12.19155,2.534722,60.73133,137.9123,171.0504,190.4839,191.8294,189.171,188.7695,138.4874,1,-3.22954,22.94922,99.79384,0,8707.158
1/8/2026,13:21:14,13.3988,-0.5329861,8.449078E-02,5.614583,11.99479,12.46123,12.46759,12.18924,2.662616,60.43837,137.6194,169.694,190.5382,191.8837,189.2361,188.5417,139.9631,1,-3.22954,20.95269,99.79384,0,8707.158
1/8/2026,13:22:14,13.44039,-0.541088,8.622682E-02,5.33044,12.0272,12.47859,12.48553,12.18345,2.803241,60.27561,137.3372,168.6089,190.5599,191.9922,189.3121,188.3138,141.2652,1,-3.225806,26.54803,99.79384,0,8707.158
1/8/2026,13:23:14,13.43768,-0.5486111,8.738422E-02,5.035301,12.02662,12.47801,12.48322,12.17766,2.943866,60.05859,136.9249,167.3611,190.5382,191.9379,189.3555,188.5959,142.6541,1,-3.22954,30.70747,99.79745,0,8707.158
1/8/2026,13:24:14,13.41598,-0.5532408,8.796299E-02,4.773727,12.02257,12.4728,12.47974,12.17419,3.072338,59.97179,136.6102,166.1675,190.5165,191.9488,189.3555,188.6068,143.9019,1,-3.22954,36.00622,99.79745,0,8707.158
1/8/2026,13:25:14,13.38885,-0.5601852,8.506942E-02,4.529514,11.99479,12.45428,12.4647,12.17072,3.191551,59.81988,136.0786,165.3971,190.3971,191.7752,189.1819,188.8997,145.0412,1,-3.233274,41.09158,99.79745,0,8707.158
1/8/2026,13:26:14,13.43768,-0.5625,8.449078E-02,4.331597,11.99942,12.4566,12.4647,12.17419,3.292824,59.85243,135.9267,165.7227,190.4839,191.8511,189.2904,188.9106,146.0069,1,-3.22954,49.13556,99.79745,0,8707.158
1/8/2026,13:27:14,13.42231,-0.5653935,8.506942E-02,4.172454,12.0081,12.46065,12.46875,12.16146,3.380787,59.67882,135.5469,166.2869,190.4622,191.8728,189.247,188.3464,146.8425,1,-3.22954,53.76519,99.79745,0,8707.158
1/8/2026,13:28:14,13.41779,-0.5671296,8.622682E-02,4.038773,12.0191,12.46701,12.47454,12.16493,3.454282,59.55946,135.3299,166.1784,190.4731,191.8728,189.3446,188.227,147.5586,1,-3.22954,59.95732,99.79745,0,8707.158
1/8/2026,13:29:14,13.41869,-0.5677084,8.796299E-02,3.935185,12.01968,12.46586,12.47512,12.15451,3.510417,59.01693,134.8741,166.059,190.3429,191.7101,189.0625,188.3789,148.0794,1,-3.22954,59.78009,99.80107,0,8707.158
1/8/2026,13:30:14,13.39699,-0.5694444,8.854163E-02,3.872107,12.0272,12.46817,12.46991,12.14757,3.537616,58.79992,134.6029,165.8746,190.3103,191.6992,189.0625,188.4006,148.4917,1,-3.22954,-1.117622,99.80107,0,8707.158
1/8/2026,13:31:14,13.41598,-0.5717592,8.564818E-02,3.877893,12.0081,12.45544,12.46817,12.15451,3.521412,58.90842,134.375,165.5491,190.3103,191.6775,189.0625,188.4657,148.5026,1,-3.22954,-1.14294,99.80107,0,8707.158
1/8/2026,13:32:14,13.41327,-0.5763889,8.796299E-02,3.883102,12.00694,12.45486,12.46701,12.14583,3.513889,58.88672,134.0603,165.5599,190.3212,191.6775,189.0951,188.3464,148.4267,1,-3.22954,-1.14294,99.80107,0,8707.158
1/8/2026,13:33:14,12.65372,-0.5769676,8.391201E-02,3.872685,11.97454,12.43287,12.44734,12.14236,3.549768,58.6697,126.9965,165.3103,190.2561,191.6341,189.0408,189.0842,148.4267,1,16.27838,-1.14294,0.1121238,3.146489,8707.171
1/8/2026,13:34:14,12.906,-0.5775463,8.622682E-02,3.876736,11.9728,12.42593,12.44907,12.14988,3.674768,58.6697,115.0716,165.0825,190.2344,191.569,188.9974,189.0191,149.1211,1,20.62799,-1.14294,0.1085069,4.78114,8707.236
1/8/2026,13:35:14,13.03801,-0.5787037,8.506942E-02,3.878472,11.96817,12.39641,12.46123,12.16146,3.82118,58.65886,106.6081,164.8654,190.2452,191.5365,189.0191,189.0842,150.2279,1,20.62799,-1.14294,0.1157407,4.822683,8707.317
1/8/2026,13:36:14,12.93493,-0.5810185,8.622682E-02,3.882523,11.97396,12.375,12.4728,12.1713,3.965278,58.65886,100.6944,164.7678,190.2127,191.4605,189.1276,188.878,151.3563,1,20.63172,-1.14294,0.1265914,4.784628,8707.396
1/8/2026,13:37:14,12.96839,-0.5833334,8.449078E-02,3.881366,11.96123,12.34144,12.47685,12.17708,4.108796,58.6697,95.2474,164.6593,190.2018,191.3846,189.1167,189.1493,152.474,1,20.62799,-1.14294,0.1229745,4.805112,8707.477
1/8/2026,13:38:14,12.48192,-0.5810185,8.449078E-02,3.889468,11.96933,12.32234,12.49132,12.17998,4.27257,58.648,91.05903,164.6376,190.1584,191.2435,189.0842,189.3012,153.5807,1,25.37709,-1.14294,0.1193576,6.080259,8707.56
1/8/2026,13:39:14,12.63654,-0.5827546,8.506942E-02,3.887153,11.9647,12.29688,12.49942,12.19444,4.47338,58.5612,88.17274,164.5291,190.1584,191.1784,189.1819,189.5508,154.9805,1,25.38082,-1.14294,0.1193576,6.365242,8707.663
1/8/2026,13:40:14,12.33272,-0.5792824,8.391201E-02,3.882523,11.94907,12.26968,12.5,12.20313,4.688079,58.57205,86.27387,164.464,190.191,191.1024,189.2253,189.1493,156.4345,0,29.85738,-1.14294,0.1229745,6.349417,8707.77
1/8/2026,13:41:14,12.15639,-0.5578704,8.159721E-02,3.862268,11.92072,12.22569,12.49306,12.20949,4.952546,58.57205,84.62457,164.2687,190.2561,191.0807,189.2795,189.7461,158.1163,0,29.86111,6.30787,0.1229745,7.771532,8707.896
1/8/2026,13:42:14,12.27575,-0.5162037,8.159721E-02,3.798611,11.91609,12.19792,12.49884,12.21701,5.225116,58.81076,83.87587,164.1276,190.2452,191.0156,189.2687,189.974,159.8633,0,29.86111,10.59389,8.680556E-02,7.828282,8708.026
1/8/2026,13:43:14,11.69434,-0.4907407,5.497682E-02,3.649305,11.86574,12.12731,12.45428,12.18056,5.554977,59.40755,81.17404,162.6194,188.6827,189.1276,187.4023,189.5616,161.8056,0,34.60648,15.65755,0.10489,9.0888,8708.173
1/8/2026,13:44:14,11.84896,-0.4195602,8.043981E-02,3.541088,11.91435,12.15567,12.51447,12.22049,5.895833,65.87457,82.20486,163.8455,190.2452,190.918,189.4097,190.0391,163.8455,0,34.61021,19.5421,9.403935E-02,9.187499,8708.325
1/8/2026,13:45:14,11.14457,-0.384838,8.217597E-02,3.378472,11.92014,12.13657,12.52141,12.22859,6.27662,71.33247,81.72742,163.2813,190.2127,190.7552,189.4314,189.7461,165.9505,0,39.75135,21.26013,0.1085069,9.940345,8708.487
1/8/2026,13:46:14,11.24132,-0.3483796,0.0792824,3.152199,11.90336,12.10417,12.51736,12.22569,6.671296,75.84635,80.21918,162.717,190.2127,190.6684,189.3772,190.3863,168.1532,0,39.75135,29.41623,0.10489,9.866222,8708.651
1/8/2026,13:47:14,10.15263,-0.306713,7.986116E-02,2.939236,11.89931,12.08102,12.51968,12.22974,7.114583,79.69836,79.16667,161.7839,190.1584,190.6142,189.4423,190.3212,170.3776,0,53.86425,30.67491,0.1193576,10.93055,8708.826
1/8/2026,13:48:14,10.16891,-0.2818287,5.729163E-02,2.706597,11.86401,12.0191,12.48322,12.19271,7.557292,81.59722,77.38715,159.592,188.7912,188.8129,187.5651,189.7461,172.6888,0,53.86425,36.06771,9.403935E-02,10.34166,8709.001
1/8/2026,13:49:14,10.03418,-0.2170139,0.078125,2.54919,11.89178,12.03125,12.52257,12.24074,8.020255,85.1888,77.53906,159.7439,190.115,190.3971,189.4965,190.4297,174.9132,0,68.37664,43.61618,0.1085069,10.71009,8709.177
1/8/2026,13:50:14,10.27922,-0.1695602,8.101857E-02,2.382523,11.90162,12.01736,12.53414,12.23958,8.481482,87.38064,77.06164,158.941,190.191,190.4297,189.5291,189.9414,177.1376,0,68.37291,48.94025,0.1157407,10.3026,8709.35
1/8/2026,13:51:14,10.48901,-0.1290509,8.275461E-02,2.232639,11.92535,12.00868,12.54861,12.2228,8.956597,89.39887,78.35287,157.6606,190.2018,190.3863,189.7027,188.7695,179.2643,0,83.28107,55.64598,9.765625E-02,10.40026,8709.521
1/8/2026,13:52:14,10.82357,-8.043981E-02,8.043981E-02,2.078704,11.91435,11.97974,12.54688,12.23438,9.438079,91.30859,77.90799,156.4887,190.2018,190.2995,189.6484,189.2687,181.3585,0,83.28107,60.02243,0.1157407,10.15599,8709.692
1/8/2026,13:53:14,12.04156,-4.050928E-02,8.043981E-02,1.940393,11.90856,11.95776,12.54977,12.24537,9.87037,92.9362,76.95313,155.3494,190.1693,190.1693,189.5616,188.878,183.3442,0,41.19997,64.52546,0.1229745,8.501926,8709.853
1/8/2026,13:54:14,12.26852,5.787015E-03,8.043981E-02,1.80787,11.87731,11.91609,12.54224,12.2419,10.25926,94.48785,76.21528,154.1016,190.1476,190.0716,189.4965,189.7461,184.9935,0,41.19997,65.85648,0.1121238,8.094206,8709.991
1/8/2026,13:55:14,12.31373,4.340279E-02,0.0792824,1.688079,11.87211,11.89294,12.54456,12.26042,10.62905,95.94184,76.00912,152.832,190.1584,190.0499,189.5182,189.5074,186.5017,0,41.19997,65.85286,0.1012731,7.59491,8710.122
1/8/2026,13:56:14,12.46112,8.275461E-02,7.870376E-02,1.579283,11.87095,11.86632,12.55324,12.24884,10.9838,97.27648,75.34722,151.7036,190.0933,189.9306,189.6267,189.5833,187.9232,0,41.19997,65.84925,8.318866E-02,7.23411,8710.245
1/8/2026,13:57:14,12.56963,0.1278936,7.870376E-02,1.480324,11.86227,11.84201,12.55671,12.25984,11.32349,98.57856,74.52257,150.4015,190.1259,189.8546,189.5074,189.5508,189.2361,0,41.19997,65.84925,0.1193576,6.800293,8710.363
1/8/2026,13:58:14,12.71068,0.1643518,7.754624E-02,1.385995,11.85822,11.81655,12.56539,12.26447,11.64526,99.70703,74.19705,148.7847,190.0825,189.7352,189.6376,189.8004,190.4514,0,41.19997,65.84563,0.1193576,6.424472,8710.474
1/8/2026,13:59:14,12.7776,0.2013888,0.078125,1.298611,11.85243,11.79109,12.56887,12.27199,11.94444,100.8572,73.07943,147.4067,190.0825,189.6593,189.7352,189.4531,191.6233,0,41.19997,65.84202,0.1085069,5.891432,8710.575
1/8/2026,14:00:14,13.34907,0.2471064,0.0792824,1.218171,11.84722,11.76505,12.57349,12.26968,12.20949,101.888,71.73394,146.2457,190.0933,189.5942,189.6159,189.3989,192.6215,0,16.31944,65.84202,8.318866E-02,5.368644,8710.669
1/8/2026,14:01:14,13.03621,0.285301,8.101857E-02,1.150463,11.85706,11.74942,12.58681,12.28125,12.12442,102.9405,71.13715,145.0412,190.0282,189.4965,189.6159,189.6918,192.9037,0,-3.199672,65.84202,0.1193576,0,8710.68
1/8/2026,14:02:14,13.49465,0.3200232,7.986116E-02,1.082755,11.85359,11.72396,12.59201,12.29167,12.07928,103.7652,71.05035,143.8694,190.0391,189.4206,189.7135,190.0499,192.7843,0,-3.214606,65.84202,0.10489,0,8710.68
1/8/2026,14:03:14,13.50279,0.3449074,0.078125,1.019097,11.83912,11.69213,12.59491,12.29224,12.0463,104.6007,70.83333,142.8277,189.974,189.2904,189.8112,189.5399,192.6215,0,-3.222073,65.83839,0.1157407,0,8710.68
1/8/2026,14:04:14,13.42231,0.3668982,0.0792824,0.9612268,11.83218,11.66724,12.60012,12.30613,12.02199,105.5556,70.94184,142.0681,189.9848,189.2036,189.7027,189.681,192.513,0,-3.225806,65.83839,0.1085069,0,8710.68
1/8/2026,14:05:14,13.38252,0.396412,0.078125,0.9114584,11.82813,11.64063,12.60648,12.30961,12.00116,106.2066,70.09549,141.5365,189.9523,189.1385,189.8112,189.605,192.4154,0,-3.225806,65.83839,0.1085069,0,8710.68
1/8/2026,14:06:14,13.40513,0.4299768,0.078125,0.865162,11.82523,11.61632,12.61169,12.31076,11.98495,106.9119,69.24913,140.6033,189.9523,189.0408,189.6918,189.5074,192.3286,0,-3.225806,65.83839,9.403935E-02,0,8710.68
1/8/2026,14:07:14,13.4214,0.4502314,0.078125,0.8234954,11.81944,11.59375,12.61748,12.31366,11.96875,107.5304,69.01041,139.8654,189.9414,188.954,189.8004,189.6267,192.2635,0,-3.225806,65.83478,0.10489,0,8710.68
1/8/2026,14:08:14,13.40061,0.4739584,0.0792824,0.7876158,11.81655,11.56597,12.62153,12.32697,11.95486,108.0621,69.03212,139.3446,189.9197,188.8889,189.822,189.7895,192.2092,0,-3.225806,65.83478,0.1012731,0,8710.68
1/8/2026,14:09:14,13.41236,0.4913194,9.027779E-02,0.7563658,11.81944,11.54861,12.63194,12.32639,11.94502,108.4635,73.05772,139.0408,189.9306,188.8021,189.8438,189.7027,192.1767,0,-3.22954,65.83478,0.10489,0,8710.68
1/8/2026,14:10:14,13.41055,0.5017362,8.449078E-02,0.7280092,11.80671,11.51563,12.6331,12.33623,11.93576,108.8976,76.94228,138.8238,189.8871,188.7153,189.8329,189.5616,192.1333,0,-3.22954,65.83478,0.1193576,0,8710.68
1/8/2026,14:11:14,12.88972,0.5237268,8.391201E-02,0.707176,11.82465,11.50289,12.65046,12.33044,11.96412,109.3207,79.79601,138.6827,189.7135,188.4332,189.6159,189.0842,192.1115,0,27.08706,55.06366,0.1121238,2.903479,8710.682
1/8/2026,14:12:14,13.21162,0.5243056,8.449078E-02,0.6927084,11.83854,11.48553,12.65972,12.33854,12.17072,109.5052,81.45617,138.3138,189.681,188.2704,189.5616,188.4874,192.6215,0,27.08706,-1.175492,0.1229745,3.840951,8710.738
1/8/2026,14:13:14,13.15104,0.5399306,4.398143E-02,0.6736112,11.69097,11.43981,12.64294,12.33854,12.38021,108.7457,82.77995,138.151,189.681,188.4115,189.7786,189.974,193.3268,1,27.08706,5.779803,28.4469,3.469716,8710.802
1/8/2026,14:14:14,13.869,0.5734954,-0.0798611,0.613426,11.49363,11.39931,12.63542,12.34259,12.49479,109.0386,82.97527,137.8255,189.2036,188.2921,189.822,189.5508,193.9887,1,-3.214606,7.244648,37.60851,0,8710.848
1/8/2026,14:15:14,13.41598,0.6128472,-0.1712963,0.5671296,11.40509,11.4103,12.67361,12.35417,12.47338,109.0061,83.00781,137.3155,188.5851,188.2704,189.9631,188.6827,194.0538,1,-3.218339,4.032841,37.66276,0,8710.848
1/8/2026,14:16:14,13.34726,0.6394676,-0.25,0.484375,11.16319,11.34491,12.6412,12.35706,12.46296,108.138,83.23568,136.5668,188.0968,188.1293,189.7678,190.5382,194.0321,1,-3.225806,8.080151,71.87138,0,8710.848
1/8/2026,14:17:14,13.46842,0.6799768,-0.3119213,0.4195602,11.01389,11.32581,12.64815,12.35706,12.4566,108.2357,83.42014,135.8073,187.207,188.0208,189.7678,190.2778,194.0104,1,-3.225806,3.06713,71.82436,0,8710.848
1/8/2026,14:18:14,13.42864,0.7025462,-0.359375,0.3599538,10.89468,11.30382,12.65856,12.36632,12.45197,107.1615,83.50695,134.8199,186.7404,187.9015,189.7027,189.1167,193.9562,1,-3.225806,7.045718,99.77214,0,8710.848
1/8/2026,14:19:14,13.38343,0.7349538,-0.3993056,0.3090278,10.72974,11.28067,12.66088,12.36458,12.45197,107.1723,84.03863,133.7457,186.046,187.8147,189.7135,189.1167,193.9345,1,-3.225806,7.042101,99.77937,0,8710.848
1/8/2026,14:20:14,13.3988,0.777199,-0.427662,0.2690972,10.57407,11.2691,12.6794,12.36863,12.45139,107.2266,84.60286,132.7148,185.4167,187.793,189.9306,189.6267,193.9019,1,-3.22954,8.210359,99.78661,0,8710.848
1/8/2026,14:21:14,13.39699,0.8292824,-0.4693287,0.2065972,10.25405,11.2037,12.64178,12.34896,12.45081,107.6931,83.61546,130.7834,183.2682,186.2956,188.2596,188.9214,193.8911,1,-3.225806,9.830729,99.79022,0,8710.848
1/8/2026,14:22:14,13.46481,0.9039352,-0.4699074,0.2008102,10.0463,11.21065,12.68056,12.37963,12.45139,109.9392,84.59202,130.4796,183.1814,187.576,189.7678,189.6376,193.9019,1,-3.225806,11.38599,99.79022,0,8710.848
1/8/2026,14:23:14,13.42321,0.9849538,-0.4837963,0.1805556,9.744213,11.2066,12.70486,12.38542,12.45197,111.7513,84.84158,129.5464,182.0638,187.5325,189.9848,188.7044,193.9019,1,-3.225806,12.98828,99.79022,0,8710.848
1/8/2026,14:24:14,13.41327,1.032986,-0.4959491,0.1533564,9.49537,11.15914,12.69155,12.38599,12.45544,112.5977,85.53602,129.1124,181.0004,187.4132,189.7569,189.2904,193.8911,1,-3.225806,9.79456,99.79384,0,8710.848
1/8/2026,14:25:14,13.42593,1.104167,-0.504051,0.1400462,9.23206,11.14352,12.7037,12.38599,12.46007,113.1727,86.29557,128.8954,180.1432,187.3372,189.8438,189.3229,193.8911,1,-3.225806,12.92318,99.79745,0,8710.848
1/8/2026,14:26:14,13.4205,1.165509,-0.5318287,9.895837E-02,8.91088,11.07349,12.65856,12.36111,12.46181,113.2487,85.29731,127.4848,177.7452,185.5903,188.0425,188.9106,193.9128,1,-3.225806,12.15278,99.79745,0,8710.848
1/8/2026,14:27:14,13.40784,1.269097,-0.5167824,0.115162,8.652199,11.08796,12.70776,12.39063,12.4647,115.5816,86.76215,128.4939,177.8646,187.1528,189.9306,189.4965,193.9236,1,-3.22954,15.48756,99.79745,0,8710.848
1/8/2026,14:28:14,13.42593,1.372107,-0.5225694,0.1099538,8.332755,11.05729,12.7066,12.39873,12.47049,117.0356,86.6645,127.9731,176.5191,186.9249,189.6159,188.5091,193.9236,1,-3.22954,13.88165,99.80107,0,8710.848
1/8/2026,14:29:14,13.42683,1.472222,-0.5248842,0.1087962,8.042245,11.05035,12.72743,12.40567,12.47569,118.5547,86.88151,127.7886,175.3798,187.0117,190.0065,188.8021,193.9453,1,-3.22954,17.44068,99.80107,0,8710.848
1/8/2026,14:30:14,13.41598,1.596065,-0.5289352,0.1024306,7.690393,11.02026,12.72454,12.40451,12.48032,120.7465,86.88151,127.474,174.0017,186.8923,189.9957,189.388,193.9779,1,-3.225806,16.08073,99.80107,0,8710.848
1/8/2026,14:31:14,13.40332,1.710648,-0.5335648,9.895837E-02,7.359375,10.99074,12.72454,12.40856,12.48669,122.309,86.87066,127.0182,172.6563,186.7947,189.9414,189.4965,193.967,1,-3.225806,17.75535,99.80107,0,8710.848
1/8/2026,14:32:14,13.40965,1.823495,-0.5347222,0.1006944,7.056713,10.97164,12.7338,12.40741,12.49132,124.1753,86.773,126.8229,171.2565,186.6862,189.8655,189.2036,193.9996,1,-3.22954,17.38281,99.80107,0,8710.848
1/8/2026,14:33:14,13.40151,1.945023,-0.537037,9.548616E-02,6.723958,10.93461,12.72801,12.41204,12.49826,125.6945,86.7513,126.9097,170.0195,186.5343,189.9197,189.5074,194.0213,1,-3.22954,19.19126,99.80107,0,8710.848
1/8/2026,14:34:14,13.4422,2.108217,-0.5376158,9.722221E-02,6.331018,10.92014,12.74074,12.41782,12.50521,127.7778,86.65364,126.5951,168.6089,186.5017,189.9848,189.0082,194.0213,1,-3.225806,21.11545,99.80469,0,8710.848
1/8/2026,14:35:14,13.41146,2.239005,-0.5399306,9.606481E-02,6.019676,10.88368,12.7338,12.42014,12.51447,129.3403,86.52344,126.3889,167.3611,186.339,189.9197,189.5616,194.0755,1,-3.225806,19.83507,99.80469,0,8710.848
1/8/2026,14:36:14,13.41598,2.423611,-0.541088,9.606481E-02,5.623843,10.85764,12.73611,12.4184,12.52141,131.3368,86.54514,126.378,166.4388,186.2739,189.9197,189.8438,194.0972,1,-3.225806,24.64193,99.80469,0,8710.848
1/8/2026,14:37:14,13.39789,2.578704,-0.5416666,9.722221E-02,5.324074,10.84201,12.75231,12.43461,12.52951,133.648,86.44748,125.217,165.8963,186.2196,189.9957,189.0517,194.1081,1,-3.225806,22.3886,99.80469,0,8710.848
1/8/2026,14:38:14,13.43768,2.755208,-0.5422454,9.432876E-02,4.967014,10.80845,12.74537,12.43056,12.53819,135.5143,86.44748,120.7791,165.3754,186.0786,190.0608,190.0065,194.1515,1,-3.225806,28.0816,99.80469,0,8710.848
1/8/2026,14:39:14,13.40151,2.921296,-0.5434028,9.722221E-02,4.65162,10.79109,12.75637,12.43056,12.5463,137.6519,86.30642,117.9905,164.7027,186.0243,189.9631,189.5074,194.1732,1,-3.225806,30.79065,99.8083,0,8710.848
1/8/2026,14:40:14,13.42683,3.075232,-0.5451389,0.09375,4.355903,10.74769,12.74132,12.43056,12.55324,139.1602,86.19792,115.8854,163.8672,185.8724,189.9848,189.8329,194.2057,1,-3.225806,36.13281,99.8083,0,8710.848
1/8/2026,14:41:14,13.37891,3.217014,-0.5462963,9.606481E-02,4.139468,10.73148,12.75579,12.44965,12.56308,140.6684,86.11111,114.4206,163.0859,185.8073,190.0608,189.7461,194.2274,1,-3.225806,41.182,99.8083,0,8710.848
1/8/2026,14:42:14,13.42412,3.327546,-0.546875,9.432876E-02,3.945023,10.70081,12.75058,12.44097,12.57349,141.8945,85.8507,113.3464,162.4132,185.6228,189.9523,189.5725,194.2491,1,-3.225806,49.25854,99.8083,0,8710.848
1/8/2026,14:43:14,13.43135,3.415509,-0.5457176,9.722221E-02,3.818287,10.68229,12.76505,12.43634,12.58218,142.6866,85.66624,112.4132,161.5994,185.4384,189.8546,189.4748,194.26,0,-3.225806,33.25014,99.8083,0,8710.848
1/8/2026,14:44:14,13.43226,3.420718,-0.5399306,0.1018518,3.819445,10.68171,12.78414,12.45255,12.59028,142.6866,85.51432,111.849,161.0243,185.319,189.8655,188.6393,194.3142,0,-3.225806,-1.175492,99.8083,0,8710.848
1/8/2026,14:45:14,13.4196,3.407986,-0.4895833,9.895837E-02,3.815972,10.64294,12.77083,12.44039,12.6088,141.9488,85.41666,111.1003,160.4818,185.1996,189.822,188.8563,194.3468,0,-3.225806,-1.175492,0.1121238,0,8710.848
1/8/2026,14:46:14,13.43587,3.394097,-0.4444444,9.953701E-02,3.818866,10.6169,12.77488,12.44907,12.61574,141.7209,85.40582,110.2322,160.1346,185.0803,189.7027,189.1059,194.401,0,-3.225806,-1.175492,0.1012731,0,8710.848
1/8/2026,14:47:14,12.97291,3.456018,-0.4079861,9.085643E-02,3.756945,10.55787,12.75,12.45255,12.62037,142.0573,85.60113,109.7873,160.1237,185.1888,189.898,190.2235,194.4227,0,16.27464,8.619068,0.1121238,3.37699,8710.876
1/8/2026,14:48:14,12.92046,3.604745,-0.3391204,0.09375,3.6875,10.54456,12.76505,12.45544,12.625,143.967,86.45834,109.375,159.9827,185.1671,190.0825,190.2778,194.4336,0,20.62799,12.92318,0.1085069,4.772986,8710.948
1/8/2026,14:49:14,12.99371,3.762153,-0.2609954,9.780097E-02,3.576968,10.53356,12.78356,12.46065,12.62847,145.421,87.55425,108.7348,159.8307,185.0586,190.115,189.6593,194.4444,0,20.62799,19.20935,0.1121238,4.835507,8711.028
1/8/2026,14:50:14,12.9503,3.913773,-0.1828704,8.912039E-02,3.378472,10.47627,12.75174,12.46181,12.63194,146.7231,90.50565,108.1814,159.4401,184.885,189.9848,190.5165,194.4444,0,20.62799,20.51505,0.1012731,4.816187,8711.108
1/8/2026,14:51:14,12.95211,4.086805,-9.722221E-02,0.0949074,3.182292,10.46817,12.77836,12.46007,12.63773,148.036,94.37934,107.8776,158.9952,184.885,190.1042,190.4405,194.4336,0,20.62799,25.65828,0.1085069,4.809406,8711.189
1/8/2026,14:52:14,12.3725,4.271991,-0.0306713,9.143519E-02,2.943866,10.43171,12.76852,12.47106,12.64005,149.3815,98.40495,107.5304,158.355,184.7439,190.115,190.5382,194.4553,0,25.24268,27.60055,9.765625E-02,6.105147,8711.275
1/8/2026,14:53:14,12.61393,4.509259,3.182876E-02,9.606481E-02,2.740741,10.42361,12.78819,12.47512,12.6412,150.9766,102.1918,107.5304,157.5412,184.6788,190.0933,189.974,194.4879,0,25.24268,33.31887,0.1121238,6.327182,8711.38
1/8/2026,14:54:14,11.88694,4.760995,8.854163E-02,9.317124E-02,2.522569,10.38947,12.78299,12.47454,12.6441,152.5716,105.4036,107.4327,156.7383,184.6029,190.1801,190.5165,194.4879,0,29.85365,40.3031,0.10489,7.436063,8711.486
1/8/2026,14:55:14,11.62109,5.064815,0.1487268,9.548616E-02,2.337963,10.37674,12.79282,12.48032,12.64641,154.4596,107.0855,107.3242,155.6641,184.4835,190.1801,189.8871,194.4879,0,29.85738,46.35778,0.1157407,7.352942,8711.61
1/8/2026,14:56:14,10.58937,5.355903,0.1996528,9.085643E-02,2.143518,10.32465,12.77141,12.47743,12.64583,156.4236,108.9301,106.9119,154.6115,184.3316,190.1259,190.918,194.4987,0,34.8641,51.85185,0.10489,6.911848,8711.73
1/8/2026,14:57:14,9.181496,5.671296,0.2621528,9.548616E-02,1.997107,10.31829,12.78819,12.47512,12.6441,158.4201,109.3858,106.7925,153.7435,184.2991,190.1801,190.115,194.4987,0,34.86783,58.42738,9.765625E-02,6.719477,8711.851
1/8/2026,14:58:14,9.089265,5.962963,0.3159722,9.780097E-02,1.854167,10.30151,12.79572,12.4809,12.6441,160.4926,110.1671,106.3802,152.8537,184.2014,190.2018,189.7352,194.5095,0,34.86783,62.55063,0.10489,6.48477,8711.959
1/8/2026,14:59:14,8.500615,6.271412,0.370949,0.0949074,1.713542,10.26794,12.7853,12.47106,12.6412,162.4783,111.4692,106.2283,151.7578,184.082,190.2018,190.6575,194.477,0,40.6698,65.8167,9.765625E-02,6.742374,8712.072
1/8/2026,15:00:14,8.671514,6.587384,0.4230324,9.606481E-02,1.593171,10.24711,12.78877,12.47049,12.64005,164.2144,112.8798,105.8377,150.9332,184.0386,190.0499,190.4731,194.5204,0,40.66607,65.81308,0.1085069,6.683306,8712.185
1/8/2026,15:01:14,8.035844,6.922454,0.4675926,0.0925926,1.478009,10.21412,12.77662,12.46586,12.63715,165.8963,113.9106,105.4036,149.8806,183.865,190.0174,189.7244,194.4553,0,55.17473,65.81308,0.1121238,6.896718,8712.302
1/8/2026,15:02:14,8.320674,7.258101,0.5173612,0.0949074,1.380208,10.18808,12.77431,12.46007,12.63542,167.73,114.5182,105.0456,149.0777,183.7782,190.0933,189.5508,194.4553,0,55.17473,65.80585,0.1085069,6.808846,8712.415
1/8/2026,15:03:14,8.332429,7.60243,0.5578704,9.317124E-02,1.292245,10.16377,12.77431,12.46065,12.63194,169.4227,115.0174,104.5356,148.3073,183.7023,190.115,189.7461,194.4553,0,69.94848,65.80585,0.1085069,6.870084,8712.529
1/8/2026,15:04:14,8.616356,7.947917,0.5983796,9.143519E-02,1.214699,10.13715,12.77199,12.46065,12.6331,171.1914,115.3212,103.1359,147.5369,183.5829,190.0065,189.7244,194.4553,0,69.94475,65.80585,0.1012731,6.703278,8712.643
1/8/2026,15:05:14,8.775499,8.30382,0.6354166,9.837961E-02,1.154514,10.12384,12.78356,12.46181,12.62905,172.9167,115.5273,101.9857,146.9293,183.5395,190.1693,190.1801,194.4553,0,85.11798,65.80223,0.1012731,6.604027,8712.753
1/8/2026,15:06:14,9.04315,8.645833,0.6666666,9.780097E-02,1.095486,10.10127,12.77951,12.4566,12.62789,174.8264,115.5273,100.727,146.2023,183.3984,190.0608,190.408,194.4336,0,85.11051,65.80223,0.1121238,6.3626,8712.862
1/8/2026,15:07:14,9.321651,8.983217,0.697338,9.606481E-02,1.041667,10.07986,12.78067,12.4566,12.62558,176.2478,115.3212,99.75043,145.4644,183.3008,190.0391,190.3537,194.4553,0,99.48476,65.80223,9.765625E-02,6.309758,8712.968
1/8/2026,15:08:14,9.612811,9.323495,0.7193288,9.606481E-02,0.9965278,10.0544,12.7772,12.45891,12.62211,177.8212,115.3103,99.24046,144.5855,183.2357,190.1476,190.4948,194.4336,0,99.48103,65.79861,0.1193576,6.211222,8713.071
1/8/2026,15:09:14,9.915727,9.66493,0.740162,9.432876E-02,0.9606482,10.0353,12.78183,12.45428,12.62153,179.3294,115.3429,98.70877,143.6415,183.138,190.1801,190.2018,194.4336,0,99.47729,65.79861,0.10489,6.035235,8713.175
1/8/2026,15:10:14,10.2087,9.993055,0.7592592,9.606481E-02,0.9288194,10.00521,12.77257,12.44965,12.61921,180.599,115.625,98.17709,142.7517,183.0512,190.1584,190.549,194.4227,0,99.47356,65.79861,0.1193576,5.878151,8713.274
1/8/2026,15:11:14,10.48448,10.30961,0.7725694,0.0925926,0.8952546,9.972222,12.76215,12.44676,12.61921,181.977,115.625,97.41753,142.0898,182.9102,190.2452,189.9197,194.4227,0,88.81049,65.79499,0.1157407,5.687562,8713.371
1/8/2026,15:12:14,11.1943,10.58796,0.7789352,9.317124E-02,0.8767362,9.948495,12.76099,12.44387,12.61632,183.1923,115.7335,97.00521,141.276,182.8233,190.115,189.3663,194.401,0,41.84588,65.79499,0.1085069,5.197656,8713.457
1/8/2026,15:13:14,11.50445,10.89236,0.7847222,9.085643E-02,0.8622686,9.921296,12.7581,12.44676,12.61574,184.375,115.842,96.34332,140.5925,182.7257,190.0282,189.3663,194.4119,0,41.84961,65.79499,0.10489,5.261335,8713.544
1/8/2026,15:14:14,11.73864,11.18924,0.7864584,8.969903E-02,0.849537,9.89294,12.75405,12.44502,12.61401,185.612,115.9397,95.90929,140.115,182.628,190.0933,189.7678,194.401,0,41.84961,65.79137,0.10489,5.159328,8713.632
1/8/2026,15:15:14,11.97465,11.48611,0.791088,8.854163E-02,0.8443288,9.868634,12.75463,12.45139,12.61343,186.9466,116.059,95.70313,139.7352,182.5087,189.9848,189.6918,194.4119,0,41.84961,65.79137,0.1157407,5.065697,8713.717
1/8/2026,15:16:14,12.21336,11.78009,0.7916666,9.143519E-02,0.8408564,9.84375,12.75405,12.44502,12.61574,188.1185,116.059,95.38845,139.5074,182.4327,189.9957,189.7678,194.3902,0,41.84961,65.79137,0.1193576,5.013801,8713.801
1/8/2026,15:17:14,12.39149,12.04109,0.7876158,8.391201E-02,0.8246528,9.795717,12.73206,12.45255,12.61516,189.2795,115.9939,94.88932,139.0517,182.1398,189.8871,189.7569,194.401,0,41.84961,26.93866,0.1085069,4.663842,8713.882
1/8/2026,15:18:14,12.57234,12.32523,0.7858796,8.969903E-02,0.837963,9.797454,12.75868,12.4456,12.61574,190.3863,115.7878,94.29253,138.2378,181.9987,189.7352,189.7678,194.3902,0,41.84961,-1.139323,0.1085069,4.405213,8713.955
1/8/2026,15:19:14,13.83644,12.36748,0.8032408,8.564818E-02,0.8032408,9.648726,12.74306,12.44965,12.61979,191.2001,115.9288,94.01041,137.717,181.8902,189.9957,190.8095,194.4444,0,-3.184737,6.293403,22.89135,0,8713.995
1/8/2026,15:20:14,13.00636,12.32928,0.884838,8.796299E-02,0.7638888,9.336226,12.75984,12.45776,12.62095,191.3194,116.4714,93.46789,137.1962,181.1523,190.0933,190.6358,194.4336,0,-3.199672,15.99031,23.01071,0,8713.995
1/8/2026,15:21:14,13.23604,12.29282,1.006366,8.680558E-02,0.6996528,8.886574,12.7581,12.46007,12.62269,191.352,117.7409,93.13151,136.5668,179.4596,189.974,190.5273,194.4444,0,-3.210872,16.71007,49.28747,0,8713.995
1/8/2026,15:22:14,13.17365,12.25694,1.101852,8.622682E-02,0.603588,8.485533,12.75116,12.46296,12.625,191.4388,119.4553,93.15321,135.9592,177.615,190.0499,191.0916,194.4553,0,-3.214606,13.43678,49.36704,0,8713.995
1/8/2026,15:23:14,13.18902,12.25463,1.18287,8.912039E-02,0.5399306,8.188079,12.77199,12.45602,12.62616,191.5473,120.855,92.94704,135.2322,175.7704,189.8004,190.2778,194.4661,0,-3.214606,14.68461,81.66595,0,8713.995
1/8/2026,15:24:14,13.19083,12.24711,1.273727,9.027779E-02,0.4664352,7.868055,12.78183,12.46412,12.62963,191.6884,122.1137,92.83854,135.2539,174.6202,190.1584,189.6918,194.4661,0,-3.218339,14.67737,83.40205,0,8713.995
1/8/2026,15:25:14,13.19806,12.23553,1.344329,8.969903E-02,0.4016204,7.603588,12.78472,12.46817,12.63079,191.7752,123.2747,92.30685,135.1996,173.2422,190.1367,189.605,194.4661,0,-3.222073,14.19633,99.79745,0,8713.995
1/8/2026,15:26:14,13.21524,12.22974,1.444444,8.854163E-02,0.3472222,7.265625,12.78819,12.46123,12.63194,191.9922,124.4466,91.76433,135.1237,171.8099,190.1584,189.6267,194.4444,0,-3.222073,16.29413,99.8083,0,8713.995
1/8/2026,15:27:14,13.18721,12.21354,1.530671,8.738422E-02,0.2957176,6.961227,12.78472,12.46644,12.6331,191.9705,125.9332,91.66666,134.7548,170.2691,190.191,189.9631,194.4444,0,-3.222073,17.32856,99.81192,0,8713.995
1/8/2026,15:28:14,13.20349,12.21933,1.659143,0.0925926,0.259838,6.581597,12.79688,12.47164,12.63542,192.1007,127.4305,91.44965,134.2882,168.5438,190.2452,189.4097,194.4553,0,-3.222073,19.26722,99.81554,0,8713.995
1/8/2026,15:29:14,13.20258,12.21759,1.747685,9.201384E-02,0.2268518,6.305555,12.80035,12.47164,12.63773,191.8945,128.8411,90.80946,133.9844,166.7426,190.2561,189.605,194.4553,0,-3.222073,15.57075,99.81554,0,8713.995
1/8/2026,15:30:14,13.20891,12.20197,1.84375,9.085643E-02,0.1909722,6.015625,12.79109,12.47685,12.63889,191.8945,130.2192,90.07162,133.7891,165.2995,190.115,189.605,194.5204,0,-3.225806,19.15148,99.81915,0,8713.995
1/8/2026,15:31:14,13.20891,12.20255,1.957755,8.738422E-02,0.166088,5.697338,12.79282,12.47222,12.64063,192.1007,131.7166,89.44228,133.7023,163.6827,190.332,189.898,194.4987,0,-3.222073,19.14786,99.81915,0,8713.995
1/8/2026,15:32:14,13.18902,12.20486,2.108796,8.912039E-02,0.1435186,5.318287,12.80093,12.47627,12.6412,191.9162,133.4201,88.56337,133.4201,161.9466,190.2344,190.0933,194.4987,0,-3.222073,24.25854,99.82277,0,8713.995
1/8/2026,15:33:14,13.21162,12.21296,2.270833,9.143519E-02,0.1336806,4.941551,12.80382,12.47859,12.64294,191.9054,135.5686,88.15104,133.0729,159.9935,190.2778,189.9197,194.5095,0,-3.225806,21.46267,99.81915,0,8713.995
1/8/2026,15:34:14,13.18178,12.22049,2.413194,9.085643E-02,0.1232638,4.61632,12.80787,12.47569,12.64526,191.8294,137.2613,87.83637,132.7691,158.5721,190.1801,189.5942,194.4987,0,-3.225806,24.07407,99.82277,0,8713.995
1/8/2026,15:35:14,13.20982,12.22801,2.579861,0.09375,0.1140046,4.267361,12.81308,12.47512,12.6441,191.6124,139.1059,87.23958,132.2591,158.3008,190.3754,189.4423,194.5204,0,-3.222073,25.88614,99.82277,0,8713.995
1/8/2026,15:36:14,13.21072,12.22106,2.720486,8.796299E-02,0.1018518,3.969329,12.80093,12.47917,12.64757,191.4931,140.7227,86.61024,132.1289,158.5612,190.2344,189.8329,194.5313,0,-3.225806,29.42708,99.82639,0,8713.995
1/8/2026,15:37:14,13.2071,12.20139,2.824074,5.439818E-02,6.192124E-02,3.673611,12.7581,12.44387,12.64815,189.8871,140.5273,84.30989,130.306,156.6298,188.0208,189.2253,194.5313,0,-3.222073,36.1509,99.82277,0,8713.995
1/8/2026,15:38:14,13.21253,12.25,2.96875,9.201384E-02,9.664357E-02,3.508102,12.81713,12.48553,12.65104,191.6233,143.316,85.36241,131.7166,158.6154,190.2886,189.388,194.5313,0,-3.225806,42.7445,99.82277,0,8713.995
1/8/2026,15:39:14,13.23242,12.23148,3.041088,8.217597E-02,8.333337E-02,3.338542,12.78993,12.49074,12.64988,191.4279,143.8694,85.31902,131.1089,158.7673,190.1259,189.4965,194.5421,0,-3.222073,48.10113,99.82277,0,8713.995
1/8/2026,15:40:14,13.23242,12.27257,3.105324,9.201384E-02,9.548616E-02,3.251157,12.82292,12.4838,12.65162,191.4497,144.4987,85.35156,130.8485,158.9518,190.3429,189.1927,194.5421,0,-3.225806,55.06004,99.82277,0,8713.995
1/8/2026,15:41:14,13.25141,12.27662,3.127893,9.432876E-02,0.0925926,3.191551,12.81829,12.4838,12.65278,191.352,144.9002,84.92838,130.5338,158.8542,190.2886,189.2687,194.5421,0,-3.225806,59.20501,99.82639,0,8713.995
1/8/2026,15:42:14,13.23152,12.24884,3.098958,5.729163E-02,5.381942E-02,3.130208,12.76099,12.44329,12.65336,189.5074,143.2292,83.95182,128.5048,156.5864,187.9232,189.1059,194.5313,0,-3.225806,63.36806,99.82277,0,8713.995
1/8/2026,15:43:14,13.25865,12.28877,3.121528,3.530097E-02,8.854163E-02,3.160301,12.80845,12.48264,12.65278,190.9831,144.77,86.59939,129.9371,158.5721,190.2235,189.7461,194.5313,1,-3.222073,65.50202,99.81915,0,8713.995
1/8/2026,15:44:14,13.26317,12.30208,3.115741,-9.085649E-02,8.796299E-02,3.15625,12.80903,12.48495,12.65509,191.0807,144.5529,87.51085,129.6007,158.5178,190.0933,190.115,194.5313,1,-3.225806,65.49841,99.81915,0,8713.995
1/8/2026,15:45:14,13.27944,12.31366,3.109375,-0.1944444,8.796299E-02,3.151042,12.80903,12.48553,12.65278,190.9831,144.4336,88.12934,129.2969,158.3876,190.2127,189.8546,194.5313,1,-3.225806,65.49841,99.81554,0,8713.995
1/8/2026,15:46:14,13.28396,12.32813,3.104745,-0.2771991,8.912039E-02,3.143518,12.80961,12.48669,12.65394,190.9831,144.3576,88.75867,128.5916,158.2791,190.1042,189.9523,194.5421,1,-3.225806,65.4948,99.81554,0,8713.995
1/8/2026,15:47:14,13.3129,12.34201,3.098958,-0.34375,8.912039E-02,3.13831,12.80961,12.48264,12.6522,190.9939,144.2491,89.30122,128.4939,158.1706,190.2235,189.8112,194.5313,1,-3.225806,65.4948,99.81554,0,8713.995
1/8/2026,15:48:14,13.30476,12.3559,3.094907,-0.4010417,8.969903E-02,3.130208,12.80903,12.48322,12.65336,190.8854,144.2274,89.71355,128.1033,158.0078,190.2235,189.9306,194.5421,1,-3.222073,65.4948,99.81192,0,8713.995
1/8/2026,15:49:14,13.32737,12.39063,3.097801,-0.4415509,9.780097E-02,3.135417,12.83102,12.48669,12.65278,190.7335,143.9019,89.70269,127.5825,157.5846,189.8655,189.171,194.5313,1,-3.225806,38.71889,99.81554,0,8713.995
1/8/2026,15:50:14,13.41508,12.40278,3.090278,-0.4791667,0.0949074,3.130787,12.82639,12.48264,12.65394,190.7335,143.7934,89.91971,126.9531,157.4544,189.8763,189.5074,194.5313,1,-3.225806,-0.8789063,99.81192,0,8713.995
1/8/2026,15:51:14,13.38524,12.41551,3.084491,-0.505787,9.722221E-02,3.125579,12.82639,12.4838,12.65278,190.8529,143.7934,90.13672,124.4466,157.3025,189.7569,189.5942,194.5421,1,-3.225806,-0.8716725,99.81192,0,8713.995
1/8/2026,15:52:14,13.38162,12.43171,3.08044,-0.5277778,9.606481E-02,3.121528,12.82639,12.48553,12.65336,190.8637,143.6849,90.34288,122.8082,157.0746,189.7569,189.3989,194.5421,1,-3.222073,-0.8716725,99.81192,0,8713.995
1/8/2026,15:53:14,13.38252,12.45486,3.074653,-0.5480324,9.606481E-02,3.121528,12.82407,12.48032,12.65046,190.8529,143.6957,90.5599,121.6146,156.9227,189.7678,189.2253,194.5313,1,-3.225806,-0.8716725,99.81192,0,8713.995
1/8/2026,15:54:14,13.36444,12.5625,3.079861,-0.5607639,9.664357E-02,3.117477,12.82176,12.44097,12.61111,191.0807,143.6957,90.60329,120.6923,156.8034,189.7678,189.2687,194.4336,1,-3.225806,-0.8680556,99.81192,0,8713.995
1/8/2026,15:55:14,12.60851,12.63657,3.217593,-0.5758102,9.837961E-02,3.112268,12.81713,12.43056,12.58391,190.9288,144.1949,90.86372,120.0629,156.8142,189.9197,188.7912,194.3359,1,20.62425,-0.8716725,99.81554,4.815639,8714.049
1/8/2026,15:56:14,12.97472,12.68981,3.379051,-0.583912,9.780097E-02,3.108796,12.81308,12.40046,12.5706,190.9397,145.28,90.86372,119.1623,156.6515,189.9306,189.2361,194.2491,1,20.62425,-0.8716725,99.81192,4.818214,8714.128
1/8/2026,15:57:14,12.36075,12.7147,3.553241,-0.5914352,9.837961E-02,3.103588,12.81019,12.39583,12.56597,191.135,146.5278,90.86372,118.3811,156.4887,189.9089,188.5634,194.2274,1,25.23521,-0.8680556,99.81554,6.050959,8714.211
1/8/2026,15:58:14,12.5425,12.72049,3.768518,-0.5960648,9.895837E-02,3.098958,12.80613,12.40104,12.57234,191.3303,148.4592,90.63585,116.7535,156.2826,189.898,189.171,194.2166,1,25.23521,-0.8716725,99.81192,6.319427,8714.314
1/8/2026,15:59:14,12.37974,12.72512,3.998264,-0.6001158,9.606481E-02,3.09375,12.80151,12.40451,12.57755,191.3411,150.4666,90.5382,115.918,156.0004,189.7135,189.3121,194.26,1,29.84991,-0.8680556,99.81554,6.975227,8714.422
1/8/2026,16:00:14,12.14193,12.7309,4.283565,-0.6018518,9.780097E-02,3.08912,12.79803,12.41435,12.58391,191.1458,152.6476,90.33203,115.4514,155.7943,189.5942,190.2778,194.2817,1,29.85365,-0.8680556,99.81192,7.855241,8714.55
1/8/2026,16:01:14,12.25405,12.73148,4.57581,-0.6064815,0.09375,3.082755,12.78819,12.42014,12.58854,191.2326,154.7092,90.04991,114.681,155.5773,189.4531,190.1367,194.2817,1,29.84991,-0.8680556,33.94821,7.910937,8714.683
1/8/2026,16:02:14,11.59578,12.73438,4.934028,-0.6087963,0.09375,3.078125,12.77951,12.42361,12.59433,191.3411,156.8576,90.00652,113.8997,155.5122,189.6267,190.0065,194.3251,1,34.46834,-0.8716725,8.680556E-02,9.214376,8714.83
1/8/2026,16:03:14,11.79471,12.74016,5.30787,-0.6111111,9.432876E-02,3.071759,12.77431,12.42998,12.60012,191.5582,158.7673,89.91971,113.4766,155.3277,189.6267,189.8438,194.3359,1,34.46461,-0.8680556,0.1121238,9.377402,8714.986
1/8/2026,16:04:14,10.92575,12.74016,5.73206,-0.6116898,9.143519E-02,3.064236,12.76852,12.43576,12.60417,191.5582,161.0243,89.61588,112.9449,155.1758,189.6376,189.2795,194.3576,1,39.34812,-0.8680556,0.1121238,10.17138,8715.152
1/8/2026,16:05:14,10.91761,12.74479,6.162616,-0.615162,0.0925926,3.057292,12.76331,12.43808,12.60822,191.569,163.2921,89.60503,111.9141,154.9588,189.5291,189.8329,194.3576,1,39.34439,-0.8680556,0.1085069,9.973411,8715.32
1/8/2026,16:06:14,10.40672,12.75116,6.634838,-0.615162,0.0925926,3.052662,12.75984,12.44502,12.61227,191.569,165.6358,89.40972,110.9809,154.8069,189.6376,189.3338,194.3576,1,44.88501,-0.8680556,0.10489,10.64445,8715.491
1/8/2026,16:07:14,10.47815,12.75579,7.115741,-0.6145834,9.085643E-02,3.047454,12.75521,12.44792,12.61632,191.5798,168.0881,89.29036,110.1997,154.6115,189.5399,189.8004,194.3793,1,44.88501,-0.8716725,0.1121238,10.36949,8715.666
1/8/2026,16:08:14,10.1463,12.75694,7.625579,-0.6168982,9.201384E-02,3.043982,12.75058,12.45197,12.62153,191.6558,170.3993,89.16016,109.885,154.4162,189.4965,189.7135,194.3793,1,51.47849,-0.8716725,9.403935E-02,10.74217,8715.841
1/8/2026,16:09:14,10.35428,12.76157,8.141783,-0.6197916,9.201384E-02,3.035301,12.74711,12.45313,12.62558,191.7643,172.8516,88.96484,109.6571,154.2752,189.5074,189.9306,194.4336,1,51.47849,-0.8680556,0.1121238,10.31891,8716.016
1/8/2026,16:10:14,10.6798,12.7662,8.663195,-0.6180556,9.027779E-02,3.032986,12.7419,12.46181,12.62963,191.7752,175.3038,88.83464,109.0061,154.1233,189.5074,190.0065,194.4336,1,51.47849,-0.8680556,0.1302083,10.21827,8716.187
1/8/2026,16:11:14,10.95739,12.7691,9.1875,-0.6076389,0.0925926,3.06713,12.73901,12.4647,12.6331,192.0247,177.8537,88.82378,108.7891,154.0582,189.6593,189.9631,194.4227,0,51.47849,-0.8716725,0.1085069,9.919741,8716.355
1/8/2026,16:12:14,11.59849,12.77141,9.702546,-0.5630787,0.0925926,3.027199,12.7309,12.46817,12.63484,191.9162,180.1432,88.67188,108.4852,153.7543,189.5508,190.5816,194.4336,0,41.72267,-0.8716725,0.1121238,9.643027,8716.518
1/8/2026,16:13:14,12.11028,12.7419,10.13137,-0.5306713,0.0769676,2.960069,12.69039,12.47454,12.64178,191.8837,182.3459,88.53082,108.3225,153.776,189.681,190.332,194.4661,0,41.7152,11.01707,0.10489,8.688694,8716.665
1/8/2026,16:14:14,12.20341,12.7772,10.61401,-0.4641204,8.912039E-02,2.884259,12.71759,12.47974,12.64468,191.8837,184.2231,88.12934,108.2682,153.635,189.898,189.8329,194.4553,0,41.71894,14.99566,0.1012731,8.121345,8716.806
1/8/2026,16:15:14,12.98195,12.7419,10.86979,-0.4293981,5.381942E-02,2.716435,12.68808,12.44734,12.64931,190.6684,184.592,86.88151,107.628,151.53,188.9974,189.8655,194.4987,0,29.06213,21.10098,0.1157407,5.675837,8716.912
1/8/2026,16:16:14,12.83456,12.77083,11.16493,-0.3408565,8.275461E-02,2.545717,12.69444,12.48669,12.65394,192.0573,187.207,88.98655,107.6714,152.7669,189.7569,190.408,194.4987,0,29.06213,27.62587,8.680556E-02,5.186829,8717.001
1/8/2026,16:17:14,12.95935,12.78125,11.44155,-0.2980324,8.564818E-02,2.350116,12.69676,12.48785,12.65567,192.079,188.2921,91.01563,107.487,152.2027,189.6701,190.2452,194.5095,0,29.06213,28.60243,0.1085069,5.0303,8717.086
1/8/2026,16:18:14,12.96115,12.78993,11.70891,-0.2586806,8.564818E-02,2.163194,12.69734,12.49074,12.66088,192.2092,189.2578,93.0447,107.27,151.4974,189.8112,190.191,194.5095,0,29.05839,36.97916,9.403935E-02,4.732661,8717.168
1/8/2026,16:19:14,13.0561,12.79861,11.96875,-0.2181713,9.027779E-02,1.98669,12.69792,12.49074,12.66435,192.2852,190.3212,94.83507,106.8902,150.727,189.822,189.6593,194.5421,0,29.05839,42.11878,0.1157407,4.500432,8717.245
1/8/2026,16:20:14,13.05971,12.75405,12.15394,-0.2112269,5.266201E-02,1.791667,12.63021,12.46933,12.66609,190.9071,189.8546,95.09548,105.1432,148.2205,187.793,190.2669,194.5638,0,29.05839,48.16262,9.403935E-02,4.202501,8717.315
1/8/2026,16:21:14,13.12753,12.79919,12.43056,-0.1417824,8.796299E-02,1.677083,12.68403,12.50579,12.67245,192.2743,192.1224,97.41753,105.5013,149.0777,189.7027,190.2561,194.553,0,29.06213,54.79962,0.10489,3.935654,8717.386
1/8/2026,16:22:14,13.50098,12.81134,12.44444,-9.953701E-02,0.0925926,1.54456,12.6875,12.50289,12.67419,192.1115,192.6649,98.47005,104.0039,148.1228,189.7352,190.3103,194.5855,0,-3.195938,59.18692,0.1012731,0,8717.409
1/8/2026,16:23:14,13.57512,12.81424,12.40625,-0.0630787,0.0925926,1.41956,12.68403,12.50694,12.67535,192.1767,192.8494,99.62023,102.6042,147.1788,189.7244,190.115,194.5855,0,-3.203405,65.79861,0.1121238,0,8717.409
1/8/2026,16:24:14,13.37077,12.81366,12.37326,-2.719909E-02,9.027779E-02,1.306134,12.67477,12.5162,12.67882,192.1767,192.7409,100.6727,101.2912,146.2457,189.5616,190.4731,194.5855,0,-3.210872,65.79861,0.1121238,0,8717.409
1/8/2026,16:25:14,13.38072,12.81539,12.35648,9.259224E-03,8.969903E-02,1.20081,12.67072,12.51273,12.68345,192.2743,192.6541,101.6168,100.4232,145.3233,189.5725,190.549,194.5746,0,-3.210872,65.79499,0.1157407,0,8717.409
1/8/2026,16:26:14,13.4413,12.82407,12.34086,4.282403E-02,8.969903E-02,1.104745,12.66435,12.51505,12.68634,192.1658,192.7409,102.5716,99.69618,144.3576,189.5616,190.2886,194.6072,0,-3.214606,65.79137,0.1121238,0,8717.409
1/8/2026,16:27:14,13.41869,12.81713,12.32292,7.523143E-02,7.407403E-02,1.020833,12.65509,12.5162,12.6875,192.1333,192.6215,103.3963,99.59852,143.4462,189.5399,190.4514,194.6398,1,-3.214606,65.79137,9.042245E-02,0,8717.409
1/8/2026,16:28:14,13.41236,12.82349,12.32349,0.1082176,-5.497688E-02,0.941551,12.65567,12.52431,12.69039,192.2743,192.6215,104.2426,99.65278,142.5239,189.5291,190.3429,194.6398,1,-3.214606,65.79499,0.1121238,0,8717.409
1/8/2026,16:29:14,13.41327,12.82639,12.31597,0.1423612,-0.1603009,0.8697916,12.65046,12.52894,12.69329,192.2526,192.6324,105.0022,99.60938,141.6667,189.5833,190.4948,194.6289,1,-3.218339,65.79499,9.765625E-02,0,8717.409
1/8/2026,16:30:14,13.39699,12.82813,12.31134,0.1701388,-0.2488426,0.8032408,12.64583,12.53067,12.69618,192.0681,192.6324,105.6315,99.64193,140.7986,189.4531,190.2452,194.6181,1,-3.218339,65.79499,9.765625E-02,0,8717.409
1/8/2026,16:31:14,13.40875,12.83623,12.31424,0.2008102,-0.3177083,0.745949,12.64815,12.53241,12.69734,192.1983,192.6432,106.3151,99.78298,139.9848,189.4965,190.4514,194.6289,1,-3.218339,65.79499,9.042245E-02,0,8717.409
1/8/2026,16:32:14,13.40784,12.82986,12.30093,0.2268518,-0.3790509,0.6903936,12.63137,12.53588,12.70023,192.0247,192.5998,106.9987,99.90234,139.0842,189.3555,190.3754,194.6615,1,-3.218339,65.79499,9.765625E-02,0,8717.409
1/8/2026,16:33:14,13.41508,12.83565,12.30556,0.2517362,-0.4259259,0.6423612,12.63194,12.53241,12.70139,192.1875,192.5456,107.4761,100.2387,138.3789,189.464,190.0282,194.6615,1,-3.218339,65.79499,0.1193576,0,8717.409
1/8/2026,16:34:14,13.41055,12.83333,12.30266,0.2748842,-0.4658565,0.603588,12.62326,12.53472,12.70255,192.1875,192.6541,107.997,100.434,137.6628,189.3446,190.2127,194.6723,1,-3.214606,65.79137,0.1121238,0,8717.409
1/8/2026,16:35:14,13.4196,12.83623,12.30556,0.2957176,-0.4982639,0.566551,12.61806,12.53877,12.70718,192.1875,192.5456,108.4201,100.5642,136.9683,189.4423,190.2127,194.694,1,-3.218339,65.79137,0.1193576,0,8717.409
1/8/2026,16:36:14,13.40965,12.84375,12.31076,0.316551,-0.5231482,0.5335648,12.61921,12.53877,12.70833,192.1115,192.6541,108.9518,100.6185,136.3498,189.4748,190.2669,194.6832,1,-3.218339,65.79137,0.1157407,0,8717.409
1/8/2026,16:37:14,13.39247,12.84433,12.31655,0.3333334,-0.541088,0.505787,12.6088,12.54572,12.71123,192.1875,192.6541,109.2773,100.651,135.7096,189.3446,190.3212,194.6723,1,-3.218339,65.79137,0.1085069,0,8717.409
1/8/2026,16:38:14,13.42412,12.84491,12.32349,0.347801,-0.5538194,0.480324,12.6088,12.54803,12.71354,192.296,192.6649,109.5052,100.6619,134.9935,189.3446,190.1584,194.7049,1,-3.218339,65.79137,0.1121238,0,8717.409
1/8/2026,16:39:14,13.43135,12.8478,12.33102,0.363426,-0.5659722,0.4623842,12.60474,12.5463,12.71528,192.3177,192.7626,109.7114,100.6293,134.4401,189.3446,190.332,194.7157,1,-3.218339,65.79137,0.1121238,0,8717.409
1/8/2026,16:40:14,13.42864,12.84606,12.33333,0.3721064,-0.5763889,0.4438658,12.59491,12.55498,12.71528,192.3177,192.7843,109.9284,100.5859,133.941,189.3555,190.3212,194.694,1,-3.218339,65.78777,0.1121238,0,8717.409
1/8/2026,16:41:14,13.3988,12.84664,12.34375,0.3825232,-0.5850694,0.4299768,12.5897,12.55556,12.71759,192.2092,192.7626,110.026,100.51,133.5178,189.3663,190.5816,194.7157,1,-3.218339,65.78777,0.1374421,0,8717.409
1/8/2026,16:42:14,13.3988,12.84896,12.35243,0.390625,-0.5902778,0.4207176,12.58449,12.55151,12.71875,192.3177,192.7843,110.1346,100.4232,133.0838,189.464,190.4622,194.7157,1,-3.218339,65.78777,0.1193576,0,8717.409
1/8/2026,16:43:14,13.45848,12.84722,12.37095,0.3958334,-0.5920139,0.4131944,12.58912,12.55729,12.72106,192.079,192.6758,109.8307,99.9566,132.3676,189.0408,191.0916,194.7049,1,-3.218339,13.7406,0.1121238,0,8717.409
1/8/2026,16:44:14,13.39337,12.86574,12.39005,0.3975694,-0.5914352,0.4189814,12.59028,12.55382,12.72106,192.1441,192.6432,109.809,99.62023,131.7925,189.0082,190.0499,194.7374,1,-3.218339,-1.236979,0.1193576,0,8717.409
1/8/2026,16:45:14,13.43678,12.86979,12.40509,0.396412,-0.5943287,0.4184028,12.53472,12.55613,12.72164,192.003,192.6975,109.6246,99.3381,131.2934,188.8238,190.4405,194.7266,1,-3.218339,-1.236979,0.1121238,0,8717.409
1/8/2026,16:46:14,13.43135,12.86111,12.40567,0.4282408,-0.5983796,0.3917824,12.3669,12.55498,12.72454,192.3394,192.7626,109.7005,99.41406,131.2825,189.03,190.1801,194.7374,1,-3.218339,5.696614,28.19372,0,8717.409
1/8/2026,16:47:14,13.40965,12.85301,12.40625,0.4340278,-0.6041666,0.3616898,12.28935,12.55613,12.72801,192.3503,192.9904,109.7114,99.273,130.8051,188.6176,190.7661,194.7157,1,-3.218339,6.148726E-02,28.24074,0,8717.409
1/8/2026,16:48:14,13.43587,12.87326,12.43519,0.4560186,-0.6024306,0.3206018,12.21354,12.55324,12.73206,192.155,192.9904,109.809,99.06684,130.306,188.4549,190.2018,194.77,1,-3.218339,3.627749,64.39164,0,8717.409
1/8/2026,16:49:14,13.42593,12.86863,12.4456,0.46875,-0.6041666,0.2777778,12.11979,12.55035,12.73322,192.1333,193.0664,110.2105,98.88238,129.4922,188.0751,190.0282,194.7808,1,-3.214606,3.443287,64.40972,0,8717.409
1/8/2026,16:50:14,13.44582,12.85822,12.44329,0.5046296,-0.6087963,0.2378472,11.94965,12.5463,12.73727,192.3069,193.0556,110.612,98.60026,128.7435,187.6845,190.1693,194.77,1,-3.214606,7.476129,99.78298,0,8717.409
1/8/2026,16:51:14,13.42231,12.88079,12.47917,0.5543982,-0.603588,0.2094908,11.78935,12.54456,12.73901,192.3286,193.1641,111.7079,98.47005,128.2552,187.2179,189.6593,194.7808,1,-3.218339,2.723524,99.79745,0,8717.409
1/8/2026,16:52:14,13.44311,12.86632,12.47743,0.572338,-0.609375,0.1793982,11.65683,12.54514,12.74248,192.3069,193.1641,112.2179,98.26389,127.5825,186.6211,190.0065,194.7808,1,-3.218339,6.684028,99.80107,0,8717.409
1/8/2026,16:53:14,13.43587,12.87037,12.49306,0.6168982,-0.609375,0.1574074,11.47743,12.53472,12.74363,192.3937,193.1532,113.0751,98.02517,127.1701,186.0894,190.0933,194.7808,1,-3.218339,6.673177,99.8083,0,8717.409
1/8/2026,16:54:14,13.38524,12.87616,12.51157,0.6666666,-0.6099537,0.140625,11.29977,12.5353,12.74942,192.5022,193.2726,113.8129,97.85156,126.8663,185.5794,190.0933,194.8134,1,-3.218339,7.703993,99.8083,0,8717.409
1/8/2026,16:55:14,13.40603,12.87905,12.52778,0.7418982,-0.6099537,0.1302084,11.01852,12.53067,12.75174,192.4371,193.2834,115.1693,97.6454,126.6059,184.8524,190.115,194.8242,1,-3.218339,9.295428,99.81192,0,8717.409
1/8/2026,16:56:14,13.41688,12.87211,12.53472,0.7789352,-0.613426,0.119213,10.84375,12.52894,12.75347,192.4913,193.3594,116.0916,97.42838,126.378,184.0495,189.898,194.8459,1,-3.218339,7.013165,99.81192,0,8717.409
1/8/2026,16:57:14,13.43949,12.89236,12.5706,0.84375,-0.609375,0.1168982,10.64236,12.52604,12.75579,192.4479,193.5004,117.0681,97.28732,126.2695,183.431,190.3863,194.8785,0,-3.218339,7.971643,99.81554,0,8717.409
1/8/2026,16:58:14,13.44582,12.85417,12.53819,0.8547454,-0.6226852,8.043981E-02,10.38542,12.48727,12.75752,191.1133,192.003,116.5473,95.56207,124.273,180.5447,189.8112,194.8568,0,-3.214606,7.968026,99.82277,0,8717.409
1/8/2026,16:59:14,13.42321,12.89583,12.60243,0.9623842,-0.568287,0.1111112,10.16377,12.51852,12.76099,192.5456,193.4028,118.9887,96.8316,126.1285,181.8468,189.7678,194.8568,0,-3.214606,11.97555,99.82639,0,8717.409
1/8/2026,17:00:14,13.42773,12.88426,12.60474,1.034722,-0.5711806,0.1059028,9.864005,12.5162,12.76157,192.5998,193.5004,120.3559,96.53863,125.8572,180.7075,190.0174,194.8568,0,-3.218339,11.09664,99.82639,0,8717.409
1/8/2026,17:01:14,13.41146,12.89352,12.62731,1.126736,-0.568287,0.1047454,9.5625,12.51389,12.76505,192.4588,193.5547,121.5603,96.24566,125.5534,179.655,189.9306,194.8568,0,-3.218339,13.8274,99.83001,0,8717.409
1/8/2026,17:02:14,13.40965,12.91088,12.66262,1.237847,-0.5625,0.1047454,9.237847,12.50752,12.76794,192.4045,193.6415,123.2313,96.0395,125.4123,178.4614,189.3555,194.8785,0,-3.218339,12.99552,99.83001,0,8717.409
1/8/2026,17:03:14,13.42231,12.85243,12.65683,1.29456,-0.6012732,6.597221E-02,8.841435,12.46759,12.76852,190.842,192.1441,124.5551,94.24913,122.9818,177.181,189.5942,194.8676,0,-3.218339,14.18909,99.82639,0,8717.409
1/8/2026,17:04:14,13.41236,12.9022,12.68576,1.458333,-0.5636574,9.953701E-02,8.524305,12.49363,12.77257,192.4479,193.8368,126.4106,95.47526,124.7396,175.7921,190.0065,194.8785,0,-3.218339,14.79311,99.82639,0,8717.409
1/8/2026,17:05:14,13.44491,12.91088,12.70891,1.581018,-0.5613426,0.1006944,8.1875,12.49826,12.77488,192.4696,193.8368,127.8863,95.2257,124.5443,174.4358,189.9306,194.8785,0,-3.218339,16.60156,99.82639,0,8717.409
1/8/2026,17:06:14,13.43497,12.91898,12.73322,1.729167,-0.5590278,9.953701E-02,7.782408,12.49711,12.77373,192.6975,193.9562,129.7743,94.95443,124.3598,173.0686,189.5833,194.911,0,-3.214606,17.05006,99.83001,0,8717.409
1/8/2026,17:07:14,13.41508,12.91493,12.74306,1.820023,-0.558449,9.953701E-02,7.50463,12.48958,12.77604,192.4696,194.0538,131.3694,94.67231,124.1211,171.4735,189.822,194.9219,0,-3.218339,14.54716,99.82639,0,8717.409
1/8/2026,17:08:14,13.46119,12.91204,12.75694,1.9375,-0.5578704,9.895837E-02,7.177662,12.48669,12.77604,192.4588,194.043,132.7365,94.36849,123.9583,170.3125,189.9957,194.911,0,-3.218339,17.52387,99.82639,0,8717.409
1/8/2026,17:09:14,13.44853,12.9184,12.77431,2.041088,-0.556713,9.837961E-02,6.905671,12.48322,12.78009,192.5998,194.043,134.2448,94.03211,123.8824,168.967,189.8871,194.9327,0,-3.218339,16.13498,99.82639,0,8717.409
1/8/2026,17:10:14,13.40784,12.91667,12.79051,2.159143,-0.5561342,9.780097E-02,6.590857,12.48206,12.78299,192.4696,194.043,135.6445,93.67405,123.6979,167.8928,190.1367,194.9327,0,-3.218339,18.46427,99.82639,0,8717.409
1/8/2026,17:11:14,13.39247,12.91724,12.80266,2.262153,-0.5549768,9.780097E-02,6.324074,12.47801,12.78472,192.3611,194.0538,136.9141,93.29427,123.5352,166.6124,189.6267,194.9327,0,-3.218339,17.70833,99.82639,0,8717.409
1/8/2026,17:12:14,13.40513,12.91956,12.81944,2.406829,-0.5549768,9.780097E-02,5.984375,12.47627,12.78356,192.4696,194.0538,138.1944,92.9145,123.4375,165.7444,190.0174,194.9327,0,-3.218339,22.10286,99.82639,0,8717.409
1/8/2026,17:13:14,13.45034,12.9294,12.83912,2.538773,-0.5520834,9.837961E-02,5.684028,12.46701,12.78762,192.589,194.1515,139.8112,92.56727,123.2964,165.5491,189.7027,194.9327,0,-3.218339,20.13889,99.83001,0,8717.409
1/8/2026,17:14:14,13.39609,12.92998,12.85706,2.700232,-0.5515046,9.780097E-02,5.33507,12.46586,12.78762,192.589,194.26,141.1675,92.20921,123.1771,165.8529,189.6593,194.9327,0,-3.218339,25.50275,99.82639,0,8717.409
1/8/2026,17:15:14,13.3997,12.9294,12.87037,2.860533,-0.550926,9.837961E-02,4.99132,12.46181,12.78877,192.6975,194.1515,142.8277,91.69922,122.9818,165.9288,189.7352,194.9327,0,-3.218339,23.54962,99.83001,0,8717.409
1/8/2026,17:16:14,13.41508,12.93056,12.88426,2.849537,-0.5497685,9.780097E-02,4.960648,12.45891,12.78993,192.589,194.1081,143.5113,90.76606,122.5586,165.6792,189.9306,194.9327,0,-3.218339,-1.320168,99.83001,0,8717.409
1/8/2026,17:17:14,13.40784,12.93171,12.89757,2.824074,-0.5480324,9.837961E-02,4.965857,12.46065,12.7934,192.5564,194.2057,143.2075,89.95226,122.3416,165.9614,189.7461,194.9219,0,-3.218339,-1.320168,99.83001,0,8717.409
1/8/2026,17:18:14,13.36082,12.93345,12.90972,2.803819,-0.5457176,9.722221E-02,4.967593,12.4566,12.79224,192.7626,194.0972,142.8819,89.17101,122.1246,166.4496,189.8655,194.9436,0,-3.218339,-1.320168,99.83001,0,8717.409
1/8/2026,17:19:14,13.22067,12.93287,12.92361,2.784143,-0.5451389,9.837961E-02,4.966435,12.44734,12.7934,192.5673,194.2057,142.6649,88.56337,121.8859,166.7426,189.8763,194.9544,0,-3.218339,-1.320168,99.83363,0,8717.409
1/8/2026,17:20:14,13.17817,12.93056,12.95602,2.777199,-0.5381944,9.780097E-02,4.966435,12.45081,12.78762,192.6649,194.3034,142.5456,88.09679,121.7556,166.9705,189.7786,194.9219,0,-3.218339,-1.320168,99.83363,0,8717.409
1/8/2026,17:21:14,12.39059,12.90509,12.89641,2.803241,-0.5190972,9.201384E-02,4.905671,12.41782,12.79109,192.7409,194.4444,141.6884,87.85807,120.6055,167.1115,188.2704,194.9327,0,16.26717,11.04601,99.83363,3.162472,8717.433
1/8/2026,17:22:14,12.53436,12.91609,12.94329,2.936342,-0.4646991,9.432876E-02,4.787616,12.43692,12.79167,192.8277,194.5204,143.6198,87.53255,121.1589,167.1767,190.191,194.9544,0,20.35544,12.47106,99.83363,4.486036,8717.496
1/8/2026,17:23:14,12.60399,12.93171,12.95776,3.081597,-0.421875,9.606481E-02,4.628472,12.43287,12.79456,192.9471,194.4227,144.9002,87.72787,117.2852,166.8077,190.1801,194.987,0,20.35544,16.40625,99.83363,4.534861,8717.573
1/8/2026,17:24:14,12.56239,12.93403,12.96007,3.217014,-0.384838,9.606481E-02,4.42419,12.42882,12.79977,192.9796,194.5204,146.1589,88.47656,114.3121,166.1024,189.974,194.9761,0,20.35544,19.29615,99.83001,4.518385,8717.647
1/8/2026,17:25:14,12.59133,12.93692,12.96181,3.350695,-0.3408565,9.606481E-02,4.149884,12.42766,12.80266,193.0881,194.4227,147.3416,89.65929,111.6645,165.2886,189.9848,195.0087,0,20.35544,24.16811,99.83363,4.530418,8717.724
1/8/2026,17:26:14,12.09581,12.94213,12.96933,3.501736,-0.2945602,9.664357E-02,3.887153,12.42477,12.80498,193.1641,194.5313,148.5352,91.31944,109.885,164.247,190.2235,195.0087,0,24.97013,23.11198,99.83001,5.732327,8717.802
1/8/2026,17:27:14,11.66088,12.93981,12.96586,3.681134,-0.240162,9.664357E-02,3.609375,12.41667,12.80498,193.1858,194.4227,149.9023,93.07726,107.9536,163.0968,190.3429,194.9978,0,24.97013,29.20284,99.83001,5.634637,8717.896
1/8/2026,17:28:14,11.23409,12.94097,12.96701,3.863426,-0.1828704,9.606481E-02,3.337384,12.41782,12.80671,193.1532,194.4444,151.4974,94.98698,107.0095,161.9249,189.9848,194.9978,0,29.58109,35.1237,99.83363,5.737915,8717.99
1/8/2026,17:29:14,10.15444,12.93345,12.96238,4.077546,-0.1261574,9.548616E-02,3.08507,12.41204,12.80556,193.2509,194.4336,152.9948,96.75564,106.2174,160.9483,190.191,195.0087,0,29.58483,38.69719,99.83363,6.310055,8718.099
1/8/2026,17:30:14,10.09024,12.93924,12.96817,4.299768,-6.539351E-02,9.606481E-02,2.856482,12.40509,12.80498,193.3702,194.5421,154.6983,98.4809,105.306,160.1237,189.9957,195.0087,0,29.58483,43.69575,99.83001,6.284953,8718.203
1/8/2026,17:31:14,8.9256,12.92708,12.95602,4.543403,-0.0138889,9.548616E-02,2.625579,12.40394,12.80498,193.2183,194.5095,155.5664,99.9566,104.6332,158.9735,190.3971,194.9978,0,34.59528,50.05425,99.83001,6.80407,8718.318
1/8/2026,17:32:14,8.879485,12.94676,12.97512,4.810764,5.439818E-02,9.722221E-02,2.456018,12.40451,12.80151,193.5004,194.553,158.1814,101.4648,104.1016,158.2574,190.4948,195.0087,0,34.59528,55.75087,99.83001,6.696732,8718.431
1/8/2026,17:33:14,8.121744,12.94387,12.97106,5.083912,0.1116898,9.664357E-02,2.277199,12.39641,12.80151,193.4679,194.5421,160.0803,102.7886,103.5156,157.4002,189.7569,194.987,0,40.13217,60.12008,99.83001,7.049462,8718.548
1/8/2026,17:34:14,8.223018,12.93461,12.96354,5.35243,0.1655092,9.722221E-02,2.112268,12.39063,12.80093,193.4462,194.5204,161.8707,103.8954,102.8429,156.6081,190.0608,195.0195,0,40.13217,65.77329,99.83363,6.947989,8718.663
1/8/2026,17:35:14,7.354962,12.93981,12.96817,5.667245,0.2222222,9.837961E-02,1.96412,12.38368,12.79919,193.3594,194.4444,163.7153,105.013,102.5933,155.8268,190.8203,194.987,0,54.6371,65.76606,99.83001,7.411815,8718.785
1/8/2026,17:36:14,7.524957,12.93576,12.96528,5.96875,0.275463,9.780097E-02,1.82581,12.38484,12.79572,193.3485,194.5421,165.7335,105.957,102.0616,154.9913,189.9631,194.9761,0,54.6371,65.76244,99.83001,7.212699,8718.906
1/8/2026,17:37:14,7.418258,12.93229,12.96296,6.288773,0.3252314,9.780097E-02,1.70081,12.37616,12.7963,193.4462,194.4336,167.5239,106.9119,101.747,154.1992,190.3863,194.9544,0,69.01134,65.76244,99.83001,7.370576,8719.027
1/8/2026,17:38:14,7.628038,12.93113,12.96123,6.612847,0.3732638,9.780097E-02,1.586227,12.37558,12.7934,193.6306,194.5313,169.184,107.8234,101.4974,153.3854,190.3971,194.9653,0,69.01134,65.75883,99.83001,7.155016,8719.147
1/8/2026,17:39:14,7.786278,12.93113,12.96181,6.946759,0.4224538,9.837961E-02,1.480903,12.36458,12.79167,193.6523,194.4444,171.1046,108.6805,101.2695,152.7778,190.2452,194.9653,0,84.05018,65.7552,99.83001,7.24479,8719.267
1/8/2026,17:40:14,7.998771,12.92766,12.96065,7.277199,0.4675926,9.722221E-02,1.386574,12.36806,12.78935,193.5438,194.4444,172.819,109.5161,100.51,152.1484,190.2561,194.9544,0,84.04645,65.7552,99.83001,7.015732,8719.385
1/8/2026,17:41:14,8.23206,12.92188,12.95197,7.599537,0.5075232,9.606481E-02,1.299768,12.36574,12.78762,193.6089,194.4227,174.5009,110.2214,99.39236,151.3997,190.1367,194.9653,0,95.04929,65.7552,99.82639,6.899583,8719.501
1/8/2026,17:42:14,8.503327,12.92824,12.96065,7.944445,0.5486112,9.837961E-02,1.222801,12.35938,12.78472,193.6198,194.5421,176.0959,110.9483,98.33984,150.8898,190.4514,194.9436,0,99.46983,65.75159,99.83001,6.810216,8719.615
1/8/2026,17:43:14,8.759223,12.92535,12.96007,8.278935,0.5827546,9.837961E-02,1.153935,12.35417,12.78414,193.5764,194.553,177.7127,111.5994,97.13541,150.2496,190.2995,194.9327,0,99.46236,65.75159,99.83001,6.647606,8719.729
1/8/2026,17:44:14,9.057617,12.91204,12.94387,8.596643,0.6087962,9.664357E-02,1.092014,12.35012,12.78125,193.4679,194.3902,179.145,112.1962,96.49522,149.5117,190.6142,194.9327,0,99.46236,65.75159,99.82639,6.593925,8719.839
1/8/2026,17:45:14,9.327076,12.9213,12.95602,8.94618,0.6423612,9.837961E-02,1.037616,12.34838,12.78009,193.4679,194.4444,180.7834,112.7713,96.31077,149.2947,190.3754,194.9436,0,99.45863,65.74798,99.83001,6.435701,8719.948
1/8/2026,17:46:14,9.606482,12.91898,12.95313,9.27662,0.6689814,9.722221E-02,0.9895834,12.33796,12.77836,193.4028,194.3359,182.3242,113.227,95.70313,148.763,190.4622,194.911,0,99.4549,65.74798,99.82639,6.325251,8720.055
1/8/2026,17:47:14,9.873228,12.90509,12.93808,9.585649,0.6851852,9.780097E-02,0.947338,12.34201,12.77604,193.5655,194.4227,183.6372,113.6393,95.21484,148.0577,190.6901,194.9219,0,99.4549,65.74798,99.82639,6.197684,8720.159
1/8/2026,17:48:14,10.14088,12.90509,12.93576,9.905671,0.7054398,9.606481E-02,0.912037,12.33738,12.77488,193.6849,194.3034,184.9935,113.9865,94.81337,147.7539,190.5599,194.911,0,99.4549,65.74798,99.82639,6.011259,8720.261
1/8/2026,17:49:14,10.39949,12.90278,12.9375,10.21875,0.7210648,9.722221E-02,0.8796296,12.32986,12.77373,193.4462,194.401,186.4149,114.2904,94.10808,147.4284,190.5924,194.9002,0,99.45116,65.74798,99.82639,5.854759,8720.359
1/8/2026,17:50:14,11.09484,12.89294,12.92708,10.47685,0.7291666,9.432876E-02,0.853588,12.32292,12.77373,193.3268,194.3902,187.5542,114.5291,93.63064,147.0703,190.2127,194.911,0,41.96909,65.74436,99.82639,5.192571,8720.45
1/8/2026,17:51:14,11.43121,12.90394,12.93981,10.79456,0.7471064,9.722221E-02,0.8350694,12.32234,12.77083,193.1315,194.1623,188.7044,114.5508,92.77344,146.5386,190.0608,194.8893,0,41.97282,32.13976,99.82639,5.441035,8720.539
1/8/2026,17:52:14,11.66088,12.91377,12.95023,11.10822,0.7465278,9.895837E-02,0.8373842,12.31424,12.77257,193.2075,194.2166,189.8546,114.6267,92.00304,146.2131,189.5074,194.8893,0,41.97282,-1.276765,99.82639,5.351883,8720.63
1/8/2026,17:53:14,11.9005,12.92014,12.95776,11.41319,0.7430556,9.895837E-02,0.8431712,12.30556,12.7691,193.0773,194.2817,190.7769,114.5616,91.65582,145.9527,188.5851,194.8785,0,41.97282,-1.273148,99.82277,5.287042,8720.719
1/8/2026,17:54:14,12.12384,12.91782,12.95544,11.70544,0.7361112,9.837961E-02,0.8483796,12.30151,12.7691,193.2075,194.1949,191.9488,114.4965,92.46962,145.7574,188.4006,194.8785,0,41.97282,-1.273148,99.82277,5.171803,8720.806
1/8/2026,17:55:14,12.27485,12.90856,12.94676,11.96933,0.7239584,3.761578E-02,0.849537,12.29803,12.77026,192.9904,194.1949,192.9253,114.3012,93.33767,145.28,188.7587,194.8785,1,41.97282,-1.273148,9.765625E-02,4.80894,8720.89
1/8/2026,17:56:14,12.47106,12.90914,12.9456,12.22685,0.71875,-0.0451389,0.8530092,12.29456,12.76968,192.9904,194.2057,193.9019,114.2036,93.90191,145.0629,188.6936,194.8785,1,41.97282,-1.273148,0.1085069,4.678963,8720.969
1/8/2026,17:57:14,12.90509,12.90856,12.94734,12.46875,0.7123842,-0.1082176,0.8576388,12.2934,12.77199,192.9037,194.3142,194.9544,114.1168,94.43359,144.7483,188.4332,194.8785,1,22.84946,-1.269531,0.10489,4.428575,8721.044
1/8/2026,17:58:14,13.22609,12.91667,12.95255,12.35301,0.7100694,-0.1597222,0.8611112,12.28993,12.77199,192.806,194.3034,195.0521,113.9974,94.79166,144.5313,189.1385,194.8893,1,-3.188471,-1.273148,9.403935E-02,0,8721.053
1/8/2026,17:59:14,13.23785,12.91724,12.9537,12.27257,0.7065972,-0.2054398,0.8657408,12.27894,12.77315,192.806,194.3034,194.7483,113.8455,95.05209,144.3251,188.7695,194.9002,1,-3.203405,-1.269531,9.765625E-02,0,8721.053
1/8/2026,18:00:14,13.19354,12.91667,12.95776,12.21875,0.7013888,-0.2743056,0.8564814,12.23322,12.77546,192.6758,194.2817,194.4119,113.6719,95.19315,143.9779,188.9323,194.8893,1,-3.210872,-1.269531,0.1085069,0,8721.053
1/8/2026,18:01:14,13.2062,12.90104,12.93924,12.14931,0.738426,-0.3333333,0.8211806,12.05671,12.77662,193.0013,194.5855,194.6723,113.8672,95.81164,144.1949,189.388,194.9002,1,-3.210872,8.637153,28.29861,0,8721.053
1/8/2026,18:02:14,13.19716,12.88947,12.92766,12.09838,0.8125,-0.3802083,0.7447916,11.79224,12.77778,192.9904,194.6398,194.4661,114.5182,95.89844,143.5004,188.8021,194.911,1,-3.214606,8.626303,45.27633,0,8721.053
1/8/2026,18:03:14,13.2053,12.88947,12.92651,12.07118,0.8350694,-0.4184028,0.6637732,11.67014,12.77836,192.9904,194.5855,194.3902,115.408,96.0178,142.7734,188.3898,194.9002,1,-3.218339,2.170139,45.25825,0,8721.053
1/8/2026,18:04:14,13.20349,12.89468,12.93345,12.06597,0.8732638,-0.4583333,0.5787038,11.53646,12.78067,192.8928,194.5746,194.3576,115.3537,96.07205,142.0139,187.4349,194.9219,1,-3.218339,6.166811,79.52113,0,8721.053
1/8/2026,18:05:14,13.19083,12.91724,12.95428,12.08449,0.9212962,-0.484375,0.5034722,11.39988,12.78009,192.8819,194.6615,194.2491,116.2326,96.1697,141.2109,185.8181,194.9002,1,-3.222073,5.967882,79.48134,0,8721.053
1/8/2026,18:06:14,13.21886,12.89873,12.93634,12.03762,0.9606482,-0.509838,0.4328704,11.23148,12.78067,192.9471,194.4444,194.1189,116.8511,96.10461,140.3863,185.6337,194.9327,1,-3.222073,7.002315,99.78661,0,8721.053
1/8/2026,18:07:14,13.19806,12.90625,12.94387,12.03646,1.04919,-0.525463,0.3755788,10.98553,12.78299,192.9688,194.6723,194.0321,118.1532,96.18056,139.9306,185.1454,194.911,1,-3.222073,8.532263,99.79384,0,8721.053
1/8/2026,18:08:14,13.21162,12.90683,12.94734,12.02604,1.140625,-0.5405092,0.3275462,10.71875,12.78414,192.9037,194.6723,194.1515,119.4878,96.148,139.4206,184.3425,194.9219,1,-3.222073,10.93388,99.79745,0,8721.053
1/8/2026,18:09:14,13.21434,12.90683,12.9537,12.02546,1.241319,-0.5503472,0.2864584,10.42998,12.78356,192.8494,194.6723,193.9562,121.0503,96.13715,139.1276,183.0404,194.9219,1,-3.225806,9.939237,99.79745,0,8721.053
1/8/2026,18:10:14,13.2053,12.91956,12.96181,12.02257,1.328125,-0.558449,0.2505788,10.17766,12.78588,193.1315,194.5855,194.0755,122.3633,96.15886,138.7912,182.9753,194.9327,1,-3.225806,10.89048,99.80107,0,8721.053
1/8/2026,18:11:14,13.2062,12.90683,12.94618,11.99016,1.441551,-0.5671296,0.21875,9.864583,12.7853,193.0881,194.5638,193.9453,123.8715,96.0612,138.4006,181.1198,194.9327,1,-3.225806,12.37703,99.80107,0,8721.053
1/8/2026,18:12:14,13.22248,12.90799,12.94676,11.98206,1.515046,-0.5775463,0.193287,9.656829,12.78646,193.099,194.5746,193.826,125.3038,96.08289,137.9774,180.5881,194.9002,1,-3.222073,9.201388,99.80107,0,8721.053
1/8/2026,18:13:14,13.19535,12.91724,12.95949,11.99421,1.625,-0.5804398,0.1730324,9.378472,12.78762,192.9037,194.5855,193.7392,126.3563,96.13715,137.717,180.23,194.911,1,-3.225806,12.46745,99.80107,0,8721.053
1/8/2026,18:14:14,13.21253,12.88773,12.92361,11.94271,1.690393,-0.6157408,0.1203704,9.081597,12.78704,191.4063,193.0773,192.4045,126.378,94.17318,135.3624,177.5282,194.8893,1,-3.222073,11.65365,99.80107,0,8721.053
1/8/2026,18:15:14,13.21253,12.92477,12.96701,11.99248,1.850116,-0.5856482,0.144676,8.809028,12.78704,192.8385,194.5964,193.7717,129.145,95.83334,137.2179,177.1701,194.8893,1,-3.225806,14.46036,99.80107,0,8721.053
1/8/2026,18:16:14,13.21434,12.92998,12.9728,11.99537,1.980903,-0.587963,0.134838,8.497685,12.78588,192.9579,194.5964,193.7608,130.7617,95.60547,136.9249,175.3147,194.9002,1,-3.225806,13.58145,99.80107,0,8721.053
1/8/2026,18:17:14,13.22609,12.92882,12.97164,11.98611,2.114005,-0.5925926,0.1267362,8.167245,12.78993,192.9362,194.4987,193.7717,132.2157,95.33421,136.8164,174.0994,194.9002,1,-3.225806,17.01389,99.80107,0,8721.053
1/8/2026,18:18:14,13.19806,12.91956,12.96123,11.96528,2.250579,-0.5931713,0.1197916,7.815972,12.78935,192.9145,194.5855,193.7608,133.8867,95.04124,136.6428,172.9818,194.9002,1,-3.225806,15.9469,99.80107,0,8721.053
1/8/2026,18:19:14,13.20891,12.88889,12.92419,11.92014,2.356482,-0.6336806,7.754624E-02,7.439815,12.78819,191.3303,192.73,191.9705,133.6697,92.68663,134.158,167.9904,194.9002,1,-3.225806,17.56366,99.80107,0,8721.053
1/8/2026,18:20:14,13.22519,12.92593,12.96817,11.97164,2.560185,-0.5943287,0.120949,7.104745,12.78877,192.8711,194.4987,193.7066,137.1528,94.66146,136.1979,170.1714,194.9002,1,-3.225806,16.58348,99.80107,0,8721.053
1/8/2026,18:21:14,13.21434,12.92593,12.96875,11.96875,2.695602,-0.5954861,0.119213,6.800347,12.78877,192.8602,194.6181,193.6849,138.5525,94.477,135.9809,167.8494,194.911,1,-3.225806,18.26534,99.80107,0,8721.053
1/8/2026,18:22:14,13.227,12.92824,12.97164,11.97222,2.879051,-0.5966435,0.1174768,6.41088,12.78877,192.9579,194.5855,193.5547,140.1801,94.31424,135.6445,165.5165,194.911,1,-3.225806,18.69936,99.80469,0,8721.053
1/8/2026,18:23:14,13.2279,12.92824,12.97049,11.96991,2.98669,-0.5983796,0.1157408,6.167824,12.78704,192.7517,194.5964,193.6849,141.5365,94.21658,135.4384,163.2921,194.911,1,-3.225806,16.34838,99.80107,0,8721.053
1/8/2026,18:24:14,13.23785,12.91551,12.95833,11.94792,3.126736,-0.6006944,0.1122686,5.86632,12.78762,192.8819,194.4661,193.533,142.5998,94.02127,135.1346,163.0968,194.9002,1,-3.225806,20.7827,99.80107,0,8721.053
1/8/2026,18:25:14,13.2496,12.90394,12.94676,11.9294,3.258102,-0.5983796,0.1070602,5.578704,12.78588,192.7734,194.4444,193.6198,143.9887,93.85851,134.7873,162.4132,194.9002,0,-3.225806,20.50781,99.80469,0,8721.053
1/8/2026,18:26:14,13.23966,12.93519,12.97917,11.98438,3.484375,-0.5856482,0.1099538,5.229167,12.78588,192.9904,194.5095,193.5764,145.4319,93.80425,134.7656,158.5829,194.9002,0,-3.225806,25.75232,99.80469,0,8721.053
1/8/2026,18:27:14,13.24237,12.92998,12.97338,11.97627,3.661458,-0.578125,0.1070602,4.907407,12.78588,192.8711,194.6072,193.5547,147.092,93.59809,134.6571,156.6515,194.911,0,-3.225806,25.48466,99.80469,0,8721.053
1/8/2026,18:28:14,12.7577,12.91551,12.96007,12.15914,3.815972,-0.5706018,0.1041666,4.62037,12.78588,192.9579,194.6072,193.8802,148.47,93.38108,134.3858,155.2843,194.9002,0,24.97387,31.12341,99.80469,2.931365,8721.091
1/8/2026,18:29:14,13.8066,12.92245,12.96644,12.2662,3.965857,-0.5596065,0.1030092,4.380787,12.7853,193.099,194.6289,194.6398,149.7721,93.22917,134.0278,153.3963,194.8893,0,-3.218339,36.44025,99.80469,0,8721.123
1/8/2026,18:30:14,13.08142,12.92535,12.96875,12.27083,4.07581,-0.5486111,0.1024306,4.19213,12.78356,193.0013,194.5095,194.7374,150.7162,93.03385,133.8108,151.9857,194.9002,0,-3.218339,44.477,99.80469,0,8721.123
1/8/2026,18:31:14,13.29753,12.92998,12.97569,12.28414,4.131366,-0.5399306,0.1024306,4.098958,12.78183,192.9362,194.2925,194.4119,151.1176,92.50217,133.2574,150.5642,194.9002,0,-3.222073,4.785156,99.80469,0,8721.123
1/8/2026,18:32:14,13.26769,12.92998,12.97627,12.29051,4.104745,-0.509838,0.1024306,4.108796,12.78356,192.73,194.2057,194.4227,151.1719,92.26346,132.8233,150.5968,194.8893,0,-3.225806,-0.9874132,99.8083,0,8721.123
1/8/2026,18:33:14,13.29662,12.92593,12.97164,12.31424,4.087384,-0.4126157,0.1030092,4.114583,12.77836,192.7409,194.3685,194.4444,151.0525,92.1875,129.1884,150.0977,194.8459,0,-3.225806,-0.9910302,99.8083,0,8721.123
1/8/2026,18:34:14,13.28668,12.8669,12.90162,12.51852,4.078704,-0.3362269,0.1012732,4.118634,12.7147,192.7409,194.1298,194.8676,150.8138,92.48047,119.0755,150.0217,194.7266,0,-3.225806,-0.9910302,99.81192,0,8721.123
1/8/2026,18:35:14,13.30747,12.82002,12.85417,12.66435,4.065393,-0.328125,0.1024306,4.122685,12.66898,192.5673,194.0213,195.3017,150.7813,92.48047,110.9158,150.2713,194.5204,0,-3.225806,-0.9910302,99.8083,0,8721.123
1/8/2026,18:36:14,12.71792,12.73785,12.76794,12.67998,4.03125,-0.3229167,9.432876E-02,4.115741,12.63484,192.4588,194.1406,196.0069,150.8247,92.48047,105.7509,151.8555,194.401,0,16.27464,6.293403,0.1085069,2.959762,8721.131
1/8/2026,18:37:14,13.24237,12.75,12.78877,12.79803,4.184607,-0.1961806,9.895837E-02,4.025463,12.61516,192.4805,193.967,196.2565,151.3889,92.70834,101.1068,149.9566,194.2925,0,16.27838,13.5706,9.403935E-02,3.413542,8721.186
1/8/2026,18:38:14,13.02535,12.73264,12.77488,12.79456,4.291667,-8.796299E-02,9.722221E-02,3.892361,12.61169,192.3611,193.7608,196.4627,152.2569,93.32682,97.58029,149.9892,194.2708,0,16.27838,14.32653,0.1012731,3.313846,8721.241
1/8/2026,18:39:14,13.13115,12.74421,12.78472,12.81424,4.416667,5.034721E-02,9.780097E-02,3.739583,12.60822,192.2635,193.9996,196.4844,153.1793,94.41189,95.25825,148.7739,194.26,0,16.27838,18.68128,0.1193576,3.37461,8721.298
1/8/2026,18:40:14,12.67723,12.74074,12.78299,12.81019,4.564815,0.1944444,9.953701E-02,3.523148,12.60301,192.3069,193.9019,196.3867,154.0582,98.47005,92.99046,148.0686,194.2274,0,20.75866,22.09925,9.765625E-02,4.629252,8721.359
1/8/2026,18:41:14,12.91775,12.72743,12.77141,12.78414,4.726852,0.332176,9.606481E-02,3.267361,12.60069,192.372,193.8368,196.3867,155.2517,103.2769,90.95052,146.7773,194.2491,0,20.7624,27.38354,0.1265914,4.804813,8721.438
1/8/2026,18:42:14,12.41048,12.73727,12.7772,12.79398,4.934607,0.453125,9.722221E-02,2.994792,12.5978,192.296,193.8585,196.4627,156.4453,107.1181,89.1059,144.2057,194.2491,0,25.50403,32.31337,0.1193576,6.059072,8721.521
1/8/2026,18:43:14,12.53436,12.75579,12.79688,12.83102,5.206597,0.5503472,9.895837E-02,2.744213,12.59317,192.3503,193.7717,196.3759,158.0621,110.026,88.3355,141.0265,194.184,0,25.50777,37.99551,9.403935E-02,6.311271,8721.624
1/8/2026,18:44:14,12.23145,12.75058,12.79282,12.82118,5.462963,0.6278936,9.780097E-02,2.513889,12.59144,192.372,193.7717,196.3542,159.6788,112.1094,86.95747,139.4097,194.184,0,29.98805,43.44256,9.765625E-02,6.399361,8721.729
1/8/2026,18:45:14,12.01805,12.74132,12.78414,12.80903,5.778935,0.691551,9.780097E-02,2.300347,12.58565,192.4154,193.7934,196.3759,161.5017,113.6719,84.38586,138.0534,194.1949,0,29.99179,50.50275,0.1157407,7.571878,8721.854
1/8/2026,18:46:14,12.16905,12.74421,12.78472,12.81134,6.121528,0.75,9.780097E-02,2.134838,12.58102,192.4262,193.7717,196.2673,163.4874,115.0608,82.59549,136.0026,194.1732,0,29.99179,55.1577,8.680556E-02,7.651136,8721.981
1/8/2026,18:47:14,11.42307,12.75058,12.79167,12.81829,6.543982,0.8090278,9.837961E-02,1.957176,12.57639,192.5239,193.7608,196.3759,165.6142,116.2977,82.88846,132.9102,194.1623,0,35.00224,61.31366,0.1338252,8.686088,8722.124
1/8/2026,18:48:14,11.47099,12.73438,12.77373,12.78646,6.929398,0.8587962,9.606481E-02,1.806713,12.57176,192.4588,193.6741,196.3867,167.8168,117.2635,83.28993,132.4002,194.1515,0,35.00224,65.74798,0.10489,8.570837,8722.268
1/8/2026,18:49:14,11.02973,12.72859,12.7691,12.77778,7.385995,0.9056712,0.0949074,1.684028,12.56481,192.5781,193.6741,196.2891,170.0629,118.2075,81.1632,130.9679,194.1189,0,40.40845,65.74436,0.1085069,9.422837,8722.421
1/8/2026,18:50:14,11.11835,12.72569,12.76505,12.77546,7.855324,0.9554398,9.432876E-02,1.570023,12.55845,192.5456,193.5655,196.2782,172.4826,119.0213,80.01302,129.4488,194.0864,0,40.40845,65.74436,0.1229745,9.187994,8722.575
1/8/2026,18:51:14,10.45555,12.73669,12.77662,12.7963,8.403935,0.988426,9.722221E-02,1.483796,12.55266,192.5456,193.6415,196.2891,174.7504,119.7917,80.67491,128.049,194.0972,0,54.65577,65.74074,0.1085069,10.30946,8722.737
1/8/2026,18:52:14,10.69517,12.72974,12.77026,12.78762,8.939815,1.027199,9.722221E-02,1.391783,12.54745,192.5781,193.75,196.2782,177.3438,120.345,81.27171,126.8555,194.0647,0,54.6595,65.74074,0.1121238,9.89918,8722.905
1/8/2026,18:53:14,10.65809,12.71991,12.76273,12.77315,9.47743,1.056713,9.606481E-02,1.321759,12.54167,192.4588,193.5872,196.224,179.5898,120.6923,79.65495,126.0959,194.043,0,69.03748,65.74074,0.10489,9.981097,8723.069
1/8/2026,18:54:14,10.94564,12.71991,12.75926,12.77315,10.01563,1.081018,9.606481E-02,1.260417,12.53414,192.4696,193.6957,196.2023,181.9227,121.148,79.03645,125.1302,194.0213,0,69.03748,65.74074,0.1265914,9.327337,8723.23
1/8/2026,18:55:14,12.06688,12.71875,12.75579,12.76852,10.42361,1.104167,9.722221E-02,1.215857,12.53183,192.5022,193.6198,196.1263,183.9301,121.4627,79.28603,123.9149,194.0321,0,38.5678,65.74074,0.1085069,7.290848,8723.366
1/8/2026,18:56:14,12.36075,12.71817,12.75694,12.76678,10.82118,1.119213,9.722221E-02,1.183449,12.52373,192.6975,193.6089,196.148,185.5035,121.7014,78.65668,123.2747,193.9996,0,38.5678,65.74074,0.1229745,7.297862,8723.488
1/8/2026,18:57:14,12.55516,12.71701,12.75405,12.76736,11.20602,1.131944,9.722221E-02,1.154514,12.51794,192.6758,193.6089,196.1372,187.0226,121.799,76.22613,122.7865,193.967,0,38.56407,65.74074,0.10489,7.026398,8723.607
1/8/2026,18:58:14,12.64648,12.72106,12.76042,12.76852,11.5816,1.13831,9.722221E-02,1.128472,12.51273,192.8277,193.8694,196.0178,188.4657,122.0486,75.53168,122.3958,193.967,0,38.5678,65.74074,0.1229745,6.53551,8723.722
1/8/2026,18:59:14,12.76584,12.71701,12.75579,12.76968,11.92072,1.141204,9.722221E-02,1.109375,12.5081,192.4913,193.7283,196.1263,189.7678,121.8099,76.41059,121.8967,193.9562,0,38.56407,65.73712,0.1157407,6.09046,8723.825
1/8/2026,19:00:14,12.85355,12.71875,12.76099,12.78067,12.23785,1.137153,9.722221E-02,1.100694,12.49884,192.6215,193.7717,196.1263,191.0807,121.9401,77.14844,122.0269,193.9236,0,38.5678,65.73712,0.1229745,5.599879,8723.924
1/8/2026,19:01:14,13.61943,12.72222,12.76157,12.77199,12.48438,1.133102,9.722221E-02,1.094329,12.49479,192.5564,193.6957,196.1046,191.9922,121.6146,78.07075,121.7339,193.9128,0,-2.960723,65.74074,0.1302083,4.0366,8724.013
1/8/2026,19:02:14,12.89786,12.72222,12.76099,12.7772,12.33218,1.127893,9.780097E-02,1.085069,12.4919,192.6432,193.7934,196.0938,192.1007,121.4627,78.81945,121.5603,193.9345,0,-3.207139,65.73712,0.1265914,0,8724.018
1/8/2026,19:03:14,13.43226,12.71701,12.75694,12.76389,12.21933,1.119792,9.664357E-02,1.074653,12.48495,192.589,193.8585,196.1588,191.7318,121.3759,78.75434,121.148,193.8694,0,-3.218339,65.74074,0.1193576,0,8724.018
1/8/2026,19:04:14,13.51002,12.7338,12.77488,12.78819,12.1875,1.12037,0.1006944,1.064236,12.48032,192.6107,193.5764,195.8767,191.2218,121.0829,78.37457,120.5078,193.8368,0,-3.225806,36.63195,0.1265914,0,8724.018
1/8/2026,19:05:14,13.44853,12.73438,12.77488,12.79688,12.13831,1.106482,0.1001158,1.06713,12.47454,192.4371,193.6632,195.8876,191.1024,120.714,78.04905,121.1914,193.8368,0,-3.225806,-1.14294,0.1338252,0,8724.018
1/8/2026,19:06:14,13.39609,12.7147,12.75116,12.75521,12.05671,1.120949,0.0949074,1.034722,12.34028,192.5998,193.8802,196.1806,191.1784,120.7465,78.17925,122.0486,193.6306,0,-3.22954,8.861401,18.97425,0,8724.018
1/8/2026,19:07:14,13.41055,12.71991,12.76042,12.77026,12.0434,1.215857,9.664357E-02,0.9311342,12.08623,192.5347,193.826,196.0395,191.0048,121.5495,77.68012,121.3542,192.9037,0,-3.22954,8.85055,45.28718,0,8724.018
1/8/2026,19:08:14,13.45305,12.74248,12.78414,12.80903,12.06366,1.277778,9.895837E-02,0.8130788,11.9103,192.513,193.8477,196.1372,190.9288,122.7105,77.12673,117.4154,192.1767,0,-3.22954,4.810474,45.40654,0,8724.018
1/8/2026,19:09:14,13.42321,12.73206,12.77257,12.79167,12.02257,1.321759,9.837961E-02,0.708912,11.76215,192.6649,193.8585,196.0395,190.8529,123.3832,76.54079,116.6124,191.6558,0,-3.233274,7.895689,82.18316,0,8724.018
1/8/2026,19:10:14,13.40332,12.72743,12.76736,12.78299,11.99653,1.374421,9.780097E-02,0.5804398,11.60069,192.7083,193.9779,196.0721,190.7769,124.2839,76.19357,115.3537,191.0265,0,-3.233274,5.584491,82.20486,0,8724.018
1/8/2026,19:11:14,13.42321,12.73727,12.77778,12.80151,12.00231,1.418982,9.837961E-02,0.4907408,11.46065,192.589,193.8585,196.0612,190.6793,124.7613,75.66189,112.5,190.5816,0,-3.233274,7.729311,99.77575,0,8724.018
1/8/2026,19:12:14,13.41236,12.73669,12.77546,12.79398,11.98322,1.506944,9.837961E-02,0.4149306,11.21007,192.6432,193.826,196.0503,190.6142,125.7161,75.10851,110.6988,189.8112,0,-3.233274,9.259259,99.78661,0,8724.018
1/8/2026,19:13:14,13.41417,12.74479,12.78588,12.81076,11.99132,1.581597,9.953701E-02,0.3385416,11.00289,192.8277,193.9887,196.0721,190.6467,126.8338,74.77214,109.1254,189.0733,0,-3.237007,10.13093,99.79022,0,8724.018
1/8/2026,19:14:14,13.41236,12.74595,12.7853,12.8125,11.98264,1.678819,0.1006944,0.2893518,10.73322,192.8168,194.0864,196.1263,190.6142,127.9948,74.56597,107.9319,188.1944,0,-3.233274,10.67708,99.79022,0,8724.018
1/8/2026,19:15:14,13.38433,12.73264,12.77315,12.78819,11.95197,1.748842,9.780097E-02,0.2274306,10.52083,192.7734,193.9562,196.0612,190.5273,129.0148,74.1862,106.8685,187.283,0,-3.233274,11.08941,99.79022,0,8724.018
1/8/2026,19:16:14,13.42593,12.74653,12.78762,12.81481,11.96991,1.862268,0.1006944,0.1857638,10.21412,192.8168,194.0864,196.1806,190.549,130.2734,73.93663,105.4253,186.4258,0,-3.237007,12.74595,99.79384,0,8724.018
1/8/2026,19:17:14,13.43045,12.73264,12.77141,12.78588,11.93171,1.935185,9.722221E-02,0.1481482,9.99537,192.7626,193.9345,195.931,190.4514,131.3802,73.61111,104.6658,185.5252,0,-3.237007,9.378617,99.79384,0,8724.018
1/8/2026,19:18:14,13.41688,12.74884,12.78704,12.81481,11.95891,2.02662,0.1006944,0.1238426,9.755787,192.73,194.0972,196.0829,190.4731,132.3242,72.29817,103.2878,184.9501,0,-3.237007,12.72425,99.79384,0,8724.018
1/8/2026,19:19:14,13.41327,12.74595,12.78414,12.80613,11.95023,2.125579,0.1001158,0.0949074,9.490162,192.6975,194.0647,196.0721,190.4297,133.4635,70.98524,103.0599,184.158,0,-3.237007,11.91406,99.79745,0,8724.018
1/8/2026,19:20:14,13.42593,12.74595,12.7853,12.80787,11.94618,2.233217,0.1001158,7.523143E-02,9.219329,192.7083,193.9779,196.0503,190.408,134.5269,69.87847,102.3655,183.3442,0,-3.237007,14.1276,99.79745,0,8724.018
1/8/2026,19:21:14,13.4422,12.74479,12.78646,12.80671,11.94329,2.347801,0.1001158,5.787039E-02,8.944445,192.7083,194.0864,196.0503,190.3754,135.7422,68.47873,102.1267,182.845,0,-3.237007,12.66276,99.79745,0,8724.018
1/8/2026,19:22:14,13.41869,12.74074,12.78241,12.80093,11.93461,2.453704,9.837961E-02,3.877318E-02,8.684607,192.6541,194.0538,196.0178,190.3103,136.773,67.55642,101.5191,182.0855,0,-3.237007,13.8491,99.79745,0,8724.018
1/8/2026,19:23:14,13.41869,12.74769,12.78819,12.81366,11.9456,2.595486,9.953701E-02,0.0300926,8.373842,192.7192,194.0972,195.9852,190.3537,138.1619,67.1224,100.9657,181.4019,0,-3.237007,14.18186,99.79745,0,8724.018
1/8/2026,19:24:14,13.43497,12.75116,12.79109,12.82234,11.95486,2.724537,0.1012732,2.546299E-02,8.093171,192.6324,194.1081,196.1806,190.3646,139.4423,66.30859,100.434,181.2934,0,-3.237007,16.31583,99.79745,0,8724.018
1/8/2026,19:25:14,13.44401,12.75174,12.79167,12.8206,11.94444,2.867477,0.1006944,2.083337E-02,7.789351,192.8494,193.967,196.0721,190.332,140.7552,65.24522,100.1194,180.0998,0,-3.237007,16.5871,99.79745,0,8724.018
1/8/2026,19:26:14,13.38524,12.73785,12.77951,12.79977,11.93403,3,9.895837E-02,1.851857E-02,7.502893,192.8168,193.9887,195.9418,190.332,141.9488,64.71354,100.3147,178.8086,0,-3.237007,18.22193,99.79745,0,8724.018
1/8/2026,19:27:14,13.43406,12.74479,12.78588,12.80961,11.94502,3.188657,9.953701E-02,0.0144676,7.141783,192.6324,193.967,196.0721,190.2452,143.5221,64.40972,100.2062,178.4614,0,-3.237007,19.85677,99.79745,0,8724.018
1/8/2026,19:28:14,13.39156,12.76099,12.80208,12.83565,11.97801,3.322338,0.1018518,1.967597E-02,6.887732,192.6432,193.8911,196.0938,190.332,144.9327,64.39887,99.24046,178.2552,0,-3.237007,17.61429,99.79745,0,8724.018
1/8/2026,19:29:14,13.44491,12.7581,12.7963,12.83276,11.97627,3.475695,0.1012732,1.504624E-02,6.586227,192.7409,193.9996,196.0938,190.2886,146.148,63.34636,99.73959,178.1142,0,-3.237007,19.52402,99.79745,0,8724.018
1/8/2026,19:30:14,13.38614,12.71181,12.74479,12.75752,11.90683,3.551505,6.307876E-02,-2.141201E-02,6.35706,191.2543,192.3286,194.5746,188.6936,145.3342,61.11111,99.62023,178.3963,0,-3.237007,17.76982,99.79384,0,8724.018
1/8/2026,19:31:14,13.45757,12.74595,12.78588,12.81076,11.96065,3.749421,9.953701E-02,1.851857E-02,6.068287,192.7083,193.9996,196.0829,190.2778,148.3832,63.21614,100.1194,179.7417,0,-3.237007,22.76114,99.79745,0,8724.018
1/8/2026,19:32:14,13.41869,12.75694,12.79919,12.83276,11.99016,3.918403,0.1012732,1.388884E-02,5.778357,192.8494,193.8802,196.1046,190.2995,149.7613,62.40234,99.59852,180.5339,0,-3.237007,21.64352,99.79745,0,8724.018
1/8/2026,19:33:14,13.39247,12.73958,12.77546,12.7963,11.95949,4.07581,0.1041666,7.523179E-03,5.493634,192.8168,193.8585,196.0612,190.2561,150.9983,62.42405,100.0977,180.6532,0,-3.237007,27.59693,99.79745,0,8724.018
1/8/2026,19:34:14,13.38885,12.75579,12.79572,12.83102,12.00058,4.252315,0.103588,9.259224E-03,5.214699,192.8602,193.8802,195.9961,190.2995,152.3112,65.69011,99.40321,179.7417,0,-3.237007,33.38397,99.79745,0,8724.018
1/8/2026,19:35:14,13.35178,12.72106,12.75347,12.77141,11.95081,4.351273,6.944442E-02,-2.835649E-02,4.989583,191.5256,192.513,194.9219,188.9106,151.7253,67.30685,98.75217,180.013,0,-3.237007,39.41334,99.79384,0,8724.018
1/8/2026,19:36:14,13.30024,12.75058,12.79051,12.82234,12.01447,4.489005,0.1030092,3.472209E-03,4.824653,192.7409,193.8151,195.8116,190.1259,154.0256,72.0052,99.32726,179.4705,0,-3.240741,19.04659,99.79745,0,8724.018
1/8/2026,19:37:14,13.2912,12.74884,12.78819,12.81944,12.02026,4.454861,0.1030092,1.736164E-03,4.828704,192.6215,193.826,195.9201,190.1259,154.2318,74.1862,99.3381,179.3077,0,-3.237007,-1.139323,99.79384,0,8724.018
1/8/2026,19:38:14,12.10576,12.74769,12.78993,12.82639,12.1684,4.454282,9.259224E-03,5.787611E-04,4.835648,192.513,193.826,195.8116,190.1042,153.9497,76.15018,99.46832,180.0022,1,41.60693,-1.135706,99.79022,3.68886,8724.036
1/8/2026,19:39:14,12.98466,12.74363,12.78762,12.82176,12.40972,4.412616,-0.1082176,-3.472209E-03,4.838542,192.3069,193.826,195.8008,190.9071,153.5807,77.23524,99.34896,179.3294,1,1.915323,-1.132089,99.78661,3.554653,8724.101
1/8/2026,19:40:14,13.0778,12.74248,12.78125,12.81366,12.40046,4.334491,-0.203125,4.629612E-03,4.840278,192.2635,193.6306,195.7682,191.0373,153.1901,78.03819,99.43577,178.4397,1,-3.225806,-1.132089,99.78298,0,8724.104
1/8/2026,19:41:14,13.27492,12.73958,12.78125,12.8125,12.40625,4.302662,-0.2800926,2.314806E-03,4.839699,192.079,193.7392,195.7574,191.4279,152.8754,79.00391,99.41406,179.4488,1,-3.22954,-1.132089,99.78298,0,8724.104
1/8/2026,19:42:14,13.1845,12.73669,12.77951,12.81192,12.41551,4.274884,-0.3385417,5.787015E-03,4.839699,191.9813,193.6632,195.7465,191.5473,152.5825,79.87196,99.39236,177.5825,1,-3.233274,-1.132089,99.78298,0,8724.104
1/8/2026,19:43:14,13.23333,12.72338,12.76215,12.78935,12.48148,4.245949,-0.3894676,8.680582E-03,4.83912,192.1767,193.7066,195.7357,191.5365,152.2461,80.60981,99.09939,177.5825,1,-3.237007,-1.132089,99.77937,0,8724.104
1/8/2026,19:44:14,12.84722,12.69734,12.70891,12.72164,12.61401,4.245949,-0.4212963,-2.314806E-03,4.837963,192.1658,193.75,195.638,191.6016,152.1267,81.47787,99.39236,177.3003,1,16.41278,-1.128472,99.77937,0,8724.104
1/8/2026,19:45:14,12.09943,12.69444,12.66898,12.68519,12.70255,4.391782,-0.4456019,-2.893507E-03,4.837384,192.1875,193.6415,195.5295,191.5256,152.7561,82.24827,99.273,177.6476,1,20.63545,-1.128472,99.77937,4.3014,8724.156
1/8/2026,19:46:14,12.12656,12.68924,12.64757,12.67708,12.73901,4.565393,-0.4658565,3.472209E-03,4.836227,192.1007,193.5221,195.4427,192.3937,154.0148,83.27908,99.01258,177.4848,1,20.63919,-1.128472,99.77937,4.396069,8724.229
1/8/2026,19:47:14,11.91045,12.68229,12.64526,12.67535,12.73843,4.740741,-0.4855324,1.736164E-03,4.834491,192.1224,193.5547,195.345,192.5022,155.1541,84.4184,99.1428,176.0525,1,24.59678,-1.132089,99.77937,5.081926,8724.304
1/8/2026,19:48:14,11.03154,12.67766,12.64815,12.67824,12.7419,4.952546,-0.5,0,4.833912,192.0247,193.4353,195.3559,192.5022,156.5538,85.51432,99.19704,176.8338,1,24.59678,-1.128472,99.77937,5.256299,8724.393
1/8/2026,19:49:14,10.82538,12.67245,12.64931,12.68403,12.74711,5.152199,-0.5104166,1.736164E-03,4.833333,191.8186,193.457,195.3559,192.4696,157.9102,86.20876,99.34896,177.0942,1,24.59678,-1.128472,99.77575,5.151323,8724.479
1/8/2026,19:50:14,9.507017,12.6713,12.65799,12.69271,12.75579,5.387153,-0.5167824,-1.736104E-03,4.831018,191.8403,193.5438,195.4644,192.5022,159.3208,86.43664,99.2296,177.3438,1,29.74164,-1.128472,99.77937,5.781804,8724.577
1/8/2026,19:51:14,9.436487,12.66551,12.65567,12.69213,12.75694,5.606482,-0.5231482,-1.736104E-03,4.831018,191.8294,193.5438,195.3559,192.5022,160.7422,86.43664,99.05599,177.1484,1,29.74164,-1.128472,99.77937,5.681509,8724.673
1/8/2026,19:52:14,8.58742,12.65741,12.65567,12.68634,12.75231,5.849537,-0.5283565,0,4.828704,191.8403,193.5655,195.4536,192.5239,162.1419,86.42578,99.37066,177.5499,1,35.14785,-1.128472,99.77937,6.178092,8724.774
1/8/2026,19:53:14,8.581091,12.6522,12.65799,12.6875,12.75347,6.086227,-0.5306713,-5.787015E-04,4.82581,191.9596,193.5547,195.4644,192.4588,163.5634,86.33897,99.24046,177.1484,1,35.14785,-1.128472,99.77937,6.011886,8724.875
1/8/2026,19:54:14,8.095522,12.64757,12.6603,12.6956,12.75926,6.33912,-0.5347222,-2.314806E-03,4.823495,191.7643,193.6741,195.4536,192.4696,164.9848,86.34983,99.24046,175.1411,1,40.95729,-1.128472,99.77575,6.269444,8724.979
1/8/2026,19:55:14,8.215784,12.64352,12.66088,12.6956,12.76157,6.594907,-0.5376158,-2.314806E-03,4.822338,191.6667,193.5655,195.4427,192.4696,166.428,86.33897,99.37066,175.3906,1,40.95729,-1.132089,99.77937,6.143908,8725.082
1/8/2026,19:56:14,8.020472,12.63831,12.66204,12.69734,12.76389,6.85706,-0.5399306,-4.05091E-03,4.820602,191.7643,193.5655,195.4427,192.4696,167.7192,86.33897,99.44662,176.4974,1,47.28942,-1.128472,99.77575,6.336884,8725.187
1/8/2026,19:57:14,8.175094,12.63368,12.66493,12.70197,12.76678,7.109954,-0.541088,2.893567E-03,4.81713,191.6667,193.6957,195.4644,192.4805,169.1732,86.36067,99.17535,175.3581,1,47.4201,-1.128472,99.77937,6.174446,8725.289
1/8/2026,19:58:14,8.048502,12.63252,12.67188,12.70949,12.77488,7.385417,-0.5439815,0,4.815393,191.6775,193.533,195.3233,192.4588,170.4319,86.20876,98.99088,175.1302,1,62.06691,-1.128472,99.77937,6.518576,8725.393
1/8/2026,19:59:14,8.200412,12.62558,12.67188,12.70891,12.77662,7.649305,-0.5462963,3.472209E-03,4.8125,191.7752,193.6415,195.345,192.4154,171.7773,86.10026,99.06684,174.0017,1,62.06691,-1.128472,99.77937,6.132563,8725.496
1/8/2026,20:00:14,8.355939,12.61863,12.66898,12.70486,12.76852,7.920139,-0.5486111,2.893567E-03,4.808449,191.8837,193.5764,195.4102,192.4805,173.1228,86.05686,99.47916,174.1971,1,77.10947,-1.128472,99.77937,6.068002,8725.598
1/8/2026,20:01:14,8.543114,12.61227,12.67014,12.70544,12.7691,8.19213,-0.550926,1.157403E-03,4.806713,191.7969,193.5764,195.3776,192.4479,174.3598,85.95921,99.15365,174.1102,1,77.1132,-1.128472,99.77937,5.995406,8725.699
1/8/2026,20:02:14,8.758319,12.60764,12.67188,12.70544,12.77141,8.462963,-0.550926,0,4.801505,191.6884,193.5872,195.3776,192.4588,175.6402,85.99175,99.21875,173.3181,1,77.10574,-1.128472,99.77937,5.890935,8725.799
1/8/2026,20:03:14,8.967195,12.59838,12.66724,12.69792,12.76215,8.728009,-0.5538194,2.893567E-03,4.798611,191.6884,193.5981,195.3884,192.4696,176.8772,85.76389,99.29471,173.3181,1,92.15577,-1.128472,99.77575,5.797431,8725.896
1/8/2026,20:04:14,9.195963,12.59201,12.6684,12.70081,12.76215,8.996528,-0.5532408,-1.736104E-03,4.797454,191.6667,193.4896,195.3776,192.4262,178.0599,85.76389,95.42101,173.5243,1,92.1483,-1.128472,99.77575,5.662603,8725.991
1/8/2026,20:05:14,9.417499,12.5897,12.66956,12.70776,12.76852,9.26331,-0.5543982,-1.736104E-03,4.792245,191.7752,193.5655,195.4536,192.4045,179.1667,85.60113,92.06814,174.2622,1,99.5333,-1.128472,0.1085069,5.544094,8726.085
1/8/2026,20:06:14,9.635416,12.58218,12.66956,12.70197,12.76678,9.521991,-0.5543982,-2.314806E-03,4.789352,191.6775,193.6957,195.4536,192.4154,180.306,85.46007,87.84722,174.273,1,99.52957,-1.124855,0.1085069,5.366748,8726.177
1/8/2026,20:07:14,9.866899,12.57465,12.66898,12.70197,12.75579,9.778357,-0.558449,-1.157403E-03,4.78588,191.6558,193.7608,195.4536,192.3937,181.3151,85.39497,86.56684,173.839,1,99.52584,-1.128472,0.1338252,5.262731,8726.266
1/8/2026,20:08:14,10.09115,12.56944,12.66667,12.70081,12.76389,10.10938,-0.5318287,4.05097E-03,4.78125,191.7752,193.5981,195.5078,192.4371,182.487,85.37327,83.33334,174.6419,0,99.52584,-1.124855,0.1302083,5.17926,8726.352
1/8/2026,20:09:14,10.32353,12.54745,12.64815,12.66609,12.71933,10.26389,-0.4704861,4.05097E-03,4.704282,192.003,193.9887,195.7791,192.7083,183.8433,84.57031,81.85764,174.7504,0,99.52584,11.69343,0.1374421,5.069547,8726.438
1/8/2026,20:10:14,10.82899,12.5463,12.65046,12.67303,12.73148,10.49711,-0.4016204,-3.472209E-03,4.564815,191.862,193.8151,195.6923,192.6324,184.7656,82.12891,80.97874,174.8264,0,43.58572,15.80585,0.1338252,4.497855,8726.518
1/8/2026,20:11:14,11.1084,12.54167,12.66609,12.69792,12.76273,10.74884,-0.3414352,5.787611E-04,4.392361,191.8728,193.7717,195.7248,192.7192,185.5143,83.69141,79.21007,175.1953,0,43.58572,17.4009,0.1338252,4.785361,8726.596
1/8/2026,20:12:14,11.30823,12.53414,12.65278,12.67303,12.73264,10.97396,-0.3038194,5.787611E-04,4.221065,192.0247,193.9453,195.7357,192.6649,186.556,86.12196,81.62978,175.2387,0,43.58946,19.59997,0.1302083,4.714141,8726.675
1/8/2026,20:13:14,11.4945,12.53241,12.65451,12.68113,12.73785,11.21875,-0.2609954,0,3.997107,192.0464,193.826,195.714,192.6758,187.4783,88.97569,81.30425,174.6419,0,43.58946,22.1535,0.1302083,4.581081,8726.752
1/8/2026,20:14:14,11.70609,12.52894,12.65394,12.67824,12.74248,11.45891,-0.2239583,3.472209E-03,3.792824,192.0356,193.8368,195.7357,192.6758,188.3789,91.63411,82.03125,173.6871,0,43.59319,24.10301,0.1338252,4.512835,8726.828
1/8/2026,20:15:14,11.91587,12.5272,12.6603,12.68461,12.75174,11.69792,-0.1782407,0,3.556134,191.9162,193.8042,195.7031,192.6324,189.2036,94.44444,82.15061,174.1428,0,43.59319,27.07972,0.1446759,4.423402,8726.903
1/8/2026,20:16:14,12.11299,12.51215,12.65104,12.67419,12.73032,11.92303,-0.134838,2.893567E-03,3.340857,191.8403,193.7066,195.7357,192.6215,190.0174,96.99435,82.16146,173.8173,0,43.59319,29.29688,0.1121238,4.338586,8726.977
1/8/2026,20:17:14,12.30107,12.50984,12.65394,12.67361,12.73438,12.15567,-8.854169E-02,-1.157403E-03,3.132523,191.9271,193.7283,195.7574,192.6866,190.8746,99.31641,81.80339,172.9492,0,43.59319,35.02966,0.1265914,4.211928,8727.048
1/8/2026,20:18:14,12.4566,12.50174,12.64815,12.64236,12.73032,12.35532,-4.224539E-02,2.893567E-03,2.935185,191.5256,193.8151,195.7357,192.6324,191.6341,101.3238,81.72742,172.895,0,43.59319,39.91609,0.1338252,3.956263,8727.114
1/8/2026,20:19:14,13.82831,12.49826,12.64931,12.67188,12.73322,12.41724,3.472209E-03,3.472209E-03,2.751158,191.8945,193.5981,195.7031,192.6107,192.2526,102.8863,82.86675,172.7648,0,-3.203405,47.10287,0.1338252,0,8727.154
1/8/2026,20:20:14,12.96839,12.4919,12.6412,12.63252,12.69097,12.40162,4.918981E-02,1.157403E-03,2.577546,191.8728,193.5764,195.6163,192.5673,192.079,103.7543,81.56467,172.895,0,-3.222073,52.54268,0.1374421,0,8727.154
1/8/2026,20:21:14,13.28306,12.4919,12.64294,12.59549,12.65856,12.42998,0.0925926,4.629612E-03,2.416088,191.6558,193.5655,195.4861,192.4045,191.9379,104.0365,81.77084,172.9058,0,-3.225806,59.00246,0.1193576,0,8727.154
1/8/2026,20:22:14,13.18631,12.48901,12.64063,12.56539,12.62847,12.44271,0.1336806,3.472209E-03,2.26794,191.6775,193.4353,195.3776,192.2417,192.0356,104.5573,82.37847,172.7431,0,-3.22954,63.04977,0.1338252,0,8727.154
1/8/2026,20:23:14,13.23152,12.46296,12.61458,12.50116,12.56076,12.41667,0.1712962,4.629612E-03,2.127893,191.5798,193.5221,195.2583,192.1333,192.0464,106.1198,81.86849,172.3524,0,-3.233274,65.7552,0.1374421,0,8727.154
1/8/2026,20:24:14,13.20349,12.45602,12.60706,12.47569,12.53819,12.41088,0.2094908,1.157403E-03,1.999421,191.5473,193.5438,195.1497,192.0356,192.0573,107.9319,82.0855,172.2765,0,-3.237007,65.74798,0.1374421,0,8727.154
1/8/2026,20:25:14,13.27673,12.45139,12.60417,12.46123,12.52026,12.40278,0.2424768,0,1.879051,191.4931,193.4136,195.128,191.9379,191.9271,109.3858,82.26997,172.168,0,-3.237007,65.74798,0.1338252,0,8727.154
1/8/2026,20:26:14,13.2279,12.4456,12.60069,12.44618,12.50289,12.39178,0.2662038,1.157403E-03,1.767361,191.6016,193.3268,195.0412,191.8728,191.8511,110.5577,82.25911,171.9727,0,-3.240741,65.74436,0.1374421,0,8727.154
1/8/2026,20:27:14,13.23604,12.43866,12.59259,12.4294,12.48727,12.37963,0.292824,2.893567E-03,1.662616,191.4822,193.5221,195.0412,191.862,191.7969,111.5668,82.49783,171.7231,0,-3.240741,65.74074,0.1374421,0,8727.154
1/8/2026,20:28:14,13.23152,12.43403,12.5897,12.41782,12.47454,12.36806,0.3275462,5.208373E-03,1.56713,191.4822,193.316,194.9327,191.7969,191.6341,112.3372,82.67144,171.4735,0,-3.240741,65.74436,0.1374421,0,8727.154
1/8/2026,20:29:14,13.23242,12.42651,12.58449,12.40451,12.46181,12.35822,0.363426,4.05097E-03,1.478009,191.5256,193.316,194.9544,191.7752,191.6667,113.0425,82.73655,171.2023,0,-3.240741,65.74074,0.1374421,0,8727.154
1/8/2026,20:30:14,13.227,12.42361,12.5787,12.39236,12.45197,12.3478,0.3969908,5.787015E-03,1.395255,191.2869,193.3051,194.9327,191.7426,191.4822,113.6936,82.84505,170.9418,0,-3.240741,65.74074,0.1374421,0,8727.154
1/8/2026,20:31:14,13.26136,12.41435,12.57234,12.38194,12.43461,12.33565,0.4265046,5.787611E-04,1.319444,191.1892,193.3702,194.8351,191.6992,191.4713,114.2144,82.98611,170.6489,0,-3.240741,65.74074,0.1374421,0,8727.154
1/8/2026,20:32:14,13.25503,12.40972,12.56481,12.37095,12.42882,12.32523,0.4577546,1.736164E-03,1.25,191.2869,193.1966,194.8351,191.645,191.3737,114.7678,82.8559,170.3342,0,-3.244474,65.74074,0.1338252,0,8727.154
1/8/2026,20:33:14,13.24599,12.40625,12.56308,12.36285,12.41551,12.3206,0.4913194,0,1.185764,191.2435,193.24,194.8785,191.645,191.2977,115.191,82.77995,170.0195,0,-3.244474,65.74074,0.1338252,0,8727.154
1/8/2026,20:34:14,13.26317,12.39757,12.55845,12.35069,12.40799,12.31539,0.515625,1.157403E-03,1.126158,191.4063,193.24,194.7374,191.5473,191.1241,115.4731,82.75825,169.7374,0,-3.244474,65.74074,0.1302083,0,8727.154
1/8/2026,20:35:14,13.25955,12.3941,12.55151,12.3397,12.39699,12.30903,0.5364584,1.157403E-03,1.073495,191.3737,193.2292,194.7157,191.5907,191.0048,115.8529,82.73655,169.4878,0,-3.244474,65.74074,0.1374421,0,8727.154
1/8/2026,20:36:14,13.24327,12.38657,12.54456,12.3316,12.39294,12.29919,0.5538194,6.944418E-03,1.023727,191.2001,193.1098,194.6398,191.5473,190.9614,116.1892,82.80165,169.2057,0,-3.244474,65.73712,0.1338252,0,8727.154
1/8/2026,20:37:14,13.26136,12.38194,12.53935,12.32928,12.38368,12.29167,0.568287,5.787611E-04,0.980324,191.1892,193.24,194.7266,191.5148,190.8637,116.3845,82.88846,168.8694,0,-3.244474,65.73351,0.141059,0,8727.154
1/8/2026,20:38:14,13.25593,12.37731,12.53356,12.31829,12.37616,12.28819,0.5983796,4.629612E-03,0.9403936,191.0482,193.1315,194.7483,191.5256,190.842,116.4605,82.79079,168.5764,0,-3.244474,65.73712,0.1338252,0,8727.154
1/8/2026,20:39:14,13.27311,12.37037,12.53935,12.30903,12.37789,12.28472,0.6087962,3.472209E-03,0.9143518,191.1567,193.0447,194.7808,191.4931,190.7986,116.6558,82.50868,168.2726,0,-3.244474,10.62645,0.1302083,0,8727.154
1/8/2026,20:40:14,13.27944,12.19155,12.51736,12.29282,12.35069,12.2691,0.6278936,2.893567E-03,0.890625,190.9614,193.023,194.6506,191.4713,190.7552,115.8963,81.98785,168.0122,0,-3.244474,7.624421,28.10692,0,8727.154
1/8/2026,20:41:14,13.26317,12.00347,12.50463,12.28935,12.36053,12.24363,0.6331018,-3.703701E-02,0.8373842,189.1385,191.5473,193.1315,190.0825,188.737,112.8798,81.86849,167.6975,0,-3.244474,3.432436,28.1033,0,8727.154
1/8/2026,20:42:14,13.2487,11.95023,12.53819,12.33796,12.39931,12.29051,0.6741898,-1.157403E-03,0.775463,190.1476,192.9471,194.4879,191.3954,190.6142,114.0625,81.81423,167.2743,0,-3.244474,5.392795,44.96889,0,8727.154
1/8/2026,20:43:14,13.2713,11.72685,12.49826,12.27431,12.32755,12.24711,0.7158564,4.05097E-03,0.699074,189.605,193.0664,194.5313,191.4497,190.6033,113.4223,80.92448,166.8186,0,-3.244474,7.367621,62.27575,0,8727.154
1/8/2026,20:44:14,13.28035,11.64757,12.53125,12.3316,12.39468,12.28414,0.7361112,-5.787015E-04,0.6296296,189.1059,192.8819,194.5313,191.3737,190.549,113.3789,81.79253,166.2977,0,-3.240741,4.018374,79.42347,0,8727.154
1/8/2026,20:45:14,13.2921,11.43345,12.47222,12.23669,12.28762,12.21875,0.7673612,5.787611E-04,0.5648148,188.4983,192.9579,194.5855,191.4279,190.5273,113.4766,82.7474,165.8312,0,-3.244474,6.987847,96.66161,0,8727.154
1/8/2026,20:46:14,13.27402,11.36053,12.47859,12.26505,12.37731,12.22627,0.7563658,5.208373E-03,0.5086806,187.8581,192.9145,193.1858,189.9306,188.661,113.8021,79.85026,165.332,0,-3.244474,4.466869,99.76128,0,8727.154
1/8/2026,20:47:14,13.31561,11.18403,12.49016,12.27315,12.33449,12.2419,0.818287,4.05097E-03,0.4577546,187.0551,192.8494,194.477,191.3194,190.3103,114.0842,79.67664,164.8763,0,-3.244474,7.364005,99.7649,0,8727.154
1/8/2026,20:48:14,13.29843,10.98843,12.48438,12.27026,12.32697,12.23843,0.8668982,4.629612E-03,0.412037,186.5668,192.8711,194.4987,191.276,190.2452,114.681,79.00391,164.4206,0,-3.244474,7.364005,99.76852,0,8727.154
1/8/2026,20:49:14,13.32194,10.7581,12.49942,12.30208,12.36458,12.25752,0.931713,-5.787015E-04,0.370949,185.9049,192.9253,194.5638,191.3411,190.3103,115.4188,79.12326,163.9865,0,-3.244474,9.414786,99.77214,0,8727.154
1/8/2026,20:50:14,13.35359,10.50694,12.49711,12.2963,12.35764,12.25463,0.9936342,-1.157403E-03,0.3310186,184.9501,192.9253,194.5638,191.352,190.2778,116.3628,78.77604,163.5525,0,-3.244474,8.821615,99.77214,0,8727.154
1/8/2026,20:51:14,13.32646,10.22338,12.44849,12.23611,12.30151,12.20081,1.02662,-3.703701E-02,0.296875,182.5629,191.3086,193.0664,189.7461,188.1836,115.2778,79.76345,163.1727,0,-3.244474,10.78197,99.77575,0,8727.154
1/8/2026,20:52:14,13.64294,9.934607,12.47164,12.27083,12.3287,12.2338,1.15162,3.472209E-03,0.2679398,182.8993,192.7843,194.5204,191.2869,190.1801,118.4787,79.10156,162.793,0,-3.244474,11.27026,99.77575,0,8727.154
1/8/2026,20:53:14,13.37167,9.652199,12.4809,12.28009,12.34606,12.24248,1.233217,1.736164E-03,0.2407408,181.8034,192.7843,194.553,191.2977,190.1367,119.7157,79.51389,162.4023,0,-3.244474,12.64106,99.77575,0,8727.154
1/8/2026,20:54:14,13.38072,9.284722,12.47396,12.27199,12.33391,12.23553,1.349537,2.893567E-03,0.2170138,180.6966,192.7192,194.4336,191.2218,189.9197,120.8876,78.65668,162.0443,0,-3.248208,14.02633,99.77575,0,8727.154
1/8/2026,20:55:14,13.4214,9.012153,12.47454,12.28125,12.34201,12.23958,1.4375,-1.736104E-03,0.1944444,179.3837,192.806,194.553,191.276,190.0933,122.6237,80.31684,161.7188,0,-3.248208,12.70255,99.77937,0,8727.154
1/8/2026,20:56:14,13.40242,8.660301,12.43866,12.27894,12.34086,12.19387,1.524884,-1.157403E-03,0.1753472,176.9423,192.6432,194.3576,191.1241,188.5417,122.4718,79.82856,161.339,0,-3.248208,14.57248,99.77937,0,8727.154
1/8/2026,20:57:14,13.43045,8.420139,12.46181,12.27431,12.33565,12.22974,1.622685,4.05097E-03,0.1574074,176.7578,192.6649,194.4444,191.276,190.0391,125.5859,79.00391,160.9917,0,-3.244474,12.89063,99.77937,0,8727.154
1/8/2026,20:58:14,13.41779,8.10243,12.46123,12.2772,12.34201,12.23264,1.737268,1.157403E-03,0.144676,175.51,192.6975,194.4553,191.2435,190.0391,127.0508,79.31858,160.6011,0,-3.248208,16.13136,99.77937,0,8727.154
1/8/2026,20:59:14,13.4422,7.801505,12.45255,12.26852,12.32928,12.2228,1.834491,1.157403E-03,0.1296296,174.0994,192.6975,194.4553,191.2326,189.9848,128.5807,79.10156,160.3082,0,-3.248208,14.6195,99.77937,0,8727.154
1/8/2026,21:00:14,13.38976,7.469908,12.46007,12.28183,12.34838,12.23322,1.957755,2.314806E-03,0.1197916,172.8516,192.5564,194.4444,191.2435,189.9414,130.306,77.64758,159.9718,0,-3.248208,18.44618,99.77937,0,8727.154
1/8/2026,21:01:14,13.55252,7.135417,12.43981,12.25521,12.31481,12.21181,2.075232,0,0.109375,171.3542,192.4805,194.3359,191.2218,189.8655,131.9444,78.40712,159.668,0,-3.248208,16.89091,99.77937,0,8727.154
1/8/2026,21:02:14,13.34545,6.804398,12.44618,12.2662,12.33044,12.21875,2.20544,-1.736104E-03,0.1030092,170.0195,192.589,194.4444,191.2435,189.898,133.6914,77.9948,159.3642,0,-3.248208,19.44444,99.77937,0,8727.154
1/8/2026,21:03:14,13.46662,6.510995,12.41898,12.22685,12.28762,12.19271,2.308449,-2.314806E-03,9.606481E-02,168.3919,192.3394,194.3142,191.1675,189.7895,135.026,76.97483,159.0495,0,-3.248208,17.81322,99.77937,0,8727.154
1/8/2026,21:04:14,13.41779,6.19213,12.42072,12.24306,12.30266,12.20081,2.439236,-5.208313E-03,8.969903E-02,167.079,192.4588,194.3468,191.1567,189.8004,136.4692,77.25694,158.7457,0,-3.248208,22.28733,99.78298,0,8727.154
1/8/2026,21:05:14,13.41236,5.780093,12.41262,12.23264,12.2963,12.19444,2.602431,-5.787015E-04,8.738422E-02,165.5816,192.3286,194.3359,191.1241,189.7895,137.7062,76.58421,158.4418,0,-3.248208,23.25304,99.78298,0,8727.154
1/8/2026,21:06:14,13.44039,5.475116,12.41493,12.2419,12.30382,12.19792,2.730903,2.314806E-03,8.738422E-02,163.9106,192.4588,194.4336,191.1675,189.8004,138.8129,76.70356,158.1814,0,-3.248208,21.42289,99.78298,0,8727.154
1/8/2026,21:07:14,13.41598,5.120949,12.41088,12.23727,12.30266,12.19329,2.895255,1.157403E-03,8.449078E-02,162.1094,192.4696,194.2274,191.1675,189.7895,140.1042,76.4757,157.8776,0,-3.248208,26.81568,99.78298,0,8727.154
1/8/2026,21:08:14,13.41688,4.814815,12.41609,12.25,12.31366,12.19907,3.043403,2.314806E-03,8.333337E-02,160.2214,192.372,194.3468,191.135,189.7678,141.5799,75.7053,157.628,0,-3.248208,26.28038,99.78298,0,8727.154
1/8/2026,21:09:14,13.4214,4.528935,12.40741,12.20139,12.26273,12.18403,3.172454,1.157403E-03,0.0792824,158.4635,192.4805,194.2057,191.0916,189.7244,142.8494,75.28211,157.3459,0,-3.248208,34.20501,99.78298,0,8727.154
1/8/2026,21:10:14,13.41236,4.337963,12.40104,12.23727,12.30151,12.1875,3.264468,-5.787015E-04,0.078125,156.6623,192.1115,194.0864,190.9288,189.464,143.8477,75.10851,157.053,0,-3.248208,4.065393,99.78298,0,8727.154
1/8/2026,21:11:14,13.08142,4.354167,12.40509,12.24248,12.31076,12.19271,3.310185,-5.787015E-04,7.581019E-02,155.3168,192.1224,194.0972,190.9071,189.4531,144.184,72.78646,156.8142,0,16.29331,-0.853588,99.78298,3.350609,8727.188
1/8/2026,21:12:14,12.68898,4.362847,12.40046,12.24421,12.30903,12.18866,3.412037,-1.157403E-03,7.465279E-02,154.7852,192.1007,194.0755,190.8963,189.3989,144.5963,72.69965,156.5321,0,20.64665,-0.8572049,99.78298,4.541986,8727.251
1/8/2026,21:13:14,13.15737,4.369213,12.39178,12.23727,12.30324,12.18692,3.540509,1.736164E-03,7.291663E-02,154.4596,192.1007,194.0755,190.8854,189.3989,145.2257,72.0052,156.2608,0,20.64665,-0.8644386,99.78298,4.763209,8727.331
1/8/2026,21:14:14,12.43851,4.372685,12.38715,12.23669,12.30208,12.18229,3.685764,1.736164E-03,7.002318E-02,154.4488,191.9922,194.0755,190.8963,189.3989,146.0612,72.74306,155.9787,0,25.13441,-0.8644386,99.78298,5.941969,8727.412
1/8/2026,21:15:14,12.76765,4.372685,12.38194,12.23032,12.29803,12.17651,3.867477,5.787611E-04,6.828701E-02,154.3294,192.0898,193.9562,190.8637,189.3446,147.4392,72.59114,155.6966,0,25.13441,-0.8644386,99.78298,6.314762,8727.516
1/8/2026,21:16:14,12.32277,4.373843,12.38137,12.22974,12.29514,12.17419,4.063079,-5.208313E-03,6.712961E-02,154.1341,191.8837,193.8802,190.7444,189.2144,148.8498,72.37413,155.4253,0,29.48775,-0.8680556,99.78298,6.554663,8727.62
1/8/2026,21:17:14,12.25948,4.377315,12.37269,12.2228,12.29051,12.16956,4.309028,4.05097E-03,6.828701E-02,154.145,191.9922,193.967,190.7444,189.2144,150.434,71.90755,155.1649,0,29.48775,-0.8680556,99.78298,7.769596,8727.746
1/8/2026,21:18:14,12.33362,4.375,12.36863,12.21933,12.28646,12.16551,4.563079,-5.787015E-04,6.597221E-02,154.0365,191.9705,193.9562,190.7444,189.171,152.2135,71.67969,154.9045,0,29.48775,-0.8680556,99.78298,7.767881,8727.876
1/8/2026,21:19:14,11.43301,4.374421,12.35822,12.20949,12.27604,12.16377,4.876157,-2.893519E-02,6.655097E-02,154.0256,191.8728,193.8585,190.7009,189.1385,154.0365,70.34505,154.6333,1,34.23686,-0.8680556,99.77937,9.028791,8728.021
1/8/2026,21:20:14,11.54785,4.371528,12.34028,12.18229,12.24769,12.14815,5.190972,-0.1498843,6.481481E-02,153.9171,191.9054,193.8585,190.6793,189.0842,155.8051,72.59114,154.9588,1,34.24059,-0.8644386,63.83464,9.161475,8728.174
1/8/2026,21:21:14,10.62554,4.37037,12.33681,12.18345,12.24537,12.14005,5.559028,-0.2505787,6.423616E-02,153.9713,192.0573,193.9128,190.7335,189.171,157.6823,70.59462,153.6458,1,39.25105,-0.8680556,0.1193576,9.8592,8728.336
1/8/2026,21:22:14,10.46821,4.369792,12.32986,12.17882,12.24248,12.13599,5.923611,-0.328125,6.307876E-02,153.9822,192.0573,193.9019,190.7444,189.1276,159.7439,69.84592,151.4106,1,39.25478,-0.8680556,0.1338252,9.508943,8728.496
1/8/2026,21:23:14,9.77105,4.37037,12.32986,12.18229,12.24653,12.13773,6.31713,-0.3952546,6.481481E-02,153.8628,191.9271,193.8694,190.7009,189.1276,161.849,68.52213,151.2804,1,44.66473,-0.8716725,0.1374421,9.812529,8728.658
1/8/2026,21:24:14,9.806314,4.369792,12.32465,12.17593,12.24248,12.13194,6.701968,-0.4508102,0.0636574,153.8628,191.9271,193.9236,190.7009,189.1276,163.8563,69.01041,151.1502,1,44.66473,-0.8644386,0.1338252,9.520237,8728.818
1/8/2026,21:25:14,9.093786,4.369792,12.31944,12.17419,12.24248,12.13021,7.118634,-0.4866898,0.0636574,153.7001,191.9705,193.8368,190.625,188.9974,165.8312,68.69575,151.1393,1,59.05018,-0.8680556,0.1302083,10.09722,8728.98
1/8/2026,21:26:14,9.208623,4.367477,12.31192,12.17072,12.23553,12.12674,7.528935,-0.5283565,0.0636574,153.7977,191.8511,193.826,190.5708,188.9648,167.7843,68.14236,150.9332,1,59.05018,-0.8680556,0.1338252,9.517437,8729.142
1/8/2026,21:27:14,9.280057,4.358218,12.29398,12.14178,12.20081,12.1169,7.944445,-0.5503472,6.481481E-02,153.7109,191.9054,193.7608,190.6142,189.0082,169.8676,69.29253,150.51,1,73.70445,-0.8680556,0.1374421,9.795232,8729.301
1/8/2026,21:28:14,9.535048,4.35706,12.28819,12.13657,12.19849,12.0978,8.374421,-0.5596065,6.423616E-02,153.8086,191.8837,193.75,190.5708,188.954,171.6905,69.10807,150.1411,1,73.70071,-0.8680556,0.1265914,9.463563,8729.459
1/8/2026,21:29:14,9.821687,4.36169,12.29977,12.16377,12.21875,12.10706,8.82118,-0.5758102,6.423616E-02,153.6675,191.8837,193.7066,190.5273,188.9648,173.6111,68.41363,149.7287,1,86.73836,-0.8680556,0.1302083,9.41657,8729.617
1/8/2026,21:30:14,10.13093,4.359954,12.29514,12.15972,12.22454,12.11111,9.273726,-0.5873842,6.307876E-02,153.6024,191.8945,193.7392,190.5816,188.9974,175.6836,67.1224,149.3815,1,88.22058,-0.8680556,0.1302083,9.366213,8729.774
1/8/2026,21:31:14,10.51432,4.358218,12.28762,12.15451,12.22106,12.10243,9.720486,-0.5931713,6.423616E-02,153.5807,191.786,193.6415,190.5273,188.9757,177.5933,67.49132,148.8932,1,88.21685,-0.8680556,0.1302083,9.220906,8729.93
1/8/2026,21:32:14,11.20967,4.354745,12.28067,12.14352,12.20891,12.09491,10.15394,-0.6024306,0.0636574,153.6675,192.0247,193.7826,190.5599,189.0082,179.4922,69.5204,148.546,1,50.99686,-0.8680556,0.1302083,8.519202,8730.081
1/8/2026,21:33:14,12.3291,4.350116,12.2691,12.12674,12.19387,12.08507,10.52141,-0.6099537,0.0636574,153.635,191.9379,193.7608,190.5273,188.9648,181.1198,70.46441,148.1337,1,41.62933,-0.8680556,0.1302083,8.431268,8730.217
1/8/2026,21:34:14,12.32729,4.346065,12.26157,12.12211,12.18634,12.0816,10.91609,-0.6087963,6.481481E-02,153.6241,191.9271,193.7717,190.5273,188.9214,182.6931,71.77734,147.8516,1,41.6256,-0.8680556,0.1265914,7.707319,8730.351
1/8/2026,21:35:14,12.4792,4.34375,12.25694,12.11863,12.18345,12.07755,11.27894,-0.6163194,6.481481E-02,153.6024,191.8077,193.5438,190.5056,188.9106,184.158,72.30903,147.4935,1,41.62933,-0.8680556,0.1338252,7.324672,8730.476
1/8/2026,21:36:14,12.60127,4.343171,12.25463,12.11979,12.18634,12.07465,11.62789,-0.6180556,6.481481E-02,153.6024,191.786,193.6415,190.4948,188.9214,185.536,72.31988,147.1897,1,41.62933,-0.8680556,0.1265914,6.87539,8730.595
1/8/2026,21:37:14,12.7143,4.33912,12.24942,12.11401,12.18113,12.06887,11.94618,-0.6168982,6.423616E-02,153.7109,191.8945,193.75,190.4839,188.878,186.8815,72.52604,146.8858,1,41.6256,-0.8680556,0.1302083,6.37746,8730.704
1/8/2026,21:38:14,12.83185,4.335648,12.24016,12.10243,12.1684,12.06019,12.23553,-0.6261574,6.481481E-02,153.5916,191.862,193.6523,190.4622,188.878,187.9449,73.82813,146.441,1,41.6256,-0.8716725,0.1374421,5.908675,8730.807
1/8/2026,21:39:14,14.14207,4.331597,12.23958,12.10474,12.1684,12.05556,12.29977,-0.6278935,0.0636574,153.5156,191.8186,193.6741,190.4948,188.9323,188.9323,73.09028,146.0504,1,-3.214606,-0.8680556,0.1302083,0,8730.874
1/8/2026,21:40:14,13.23333,4.329861,12.23785,12.10648,12.17303,12.0544,12.40394,-0.6215278,6.539357E-02,153.5373,191.8403,193.5764,190.5165,188.9431,189.3989,73.13368,145.2257,1,27.37828,-0.8716725,0.1302083,3.828917,8730.913
1/8/2026,21:41:14,13.1637,4.326389,12.23148,12.10127,12.16667,12.05151,12.57465,-0.6226852,6.481481E-02,153.5265,191.8294,193.5655,190.4622,188.8997,189.8004,73.77387,145.0955,1,27.37455,-0.8716725,0.1302083,3.506544,8730.977
1/8/2026,21:42:14,13.19535,4.321759,12.21933,12.09028,12.15278,12.04051,12.7228,-0.6163194,6.423616E-02,153.5156,191.8403,193.5655,190.4622,188.8889,190.3103,74.93489,144.9327,1,27.37828,-0.8716725,0.1302083,3.314616,8731.034
1/8/2026,21:43:14,13.3129,4.318287,12.21759,12.08623,12.14931,12.03646,12.66551,-0.625,0.0636574,153.5373,191.862,193.6957,190.4622,188.8997,190.6467,73.79557,144.6506,1,-3.225806,-0.8716725,0.1265914,0,8731.052
1/8/2026,21:44:14,13.46842,4.310764,12.20544,12.13889,12.20197,12.07118,12.4456,-0.6238426,0.0636574,153.5373,191.7426,193.6089,190.4405,188.9431,190.4514,75.29297,144.3793,1,-3.237007,-0.8716725,0.1338252,0,8731.052
1/8/2026,21:45:14,13.32827,4.309607,12.20602,12.17824,12.24421,12.1088,12.28704,-0.6232639,6.423616E-02,153.418,191.7318,194.0213,190.6358,189.1819,189.9197,75.13021,144.043,1,-3.240741,-0.8716725,0.1302083,0,8731.052
1/8/2026,21:46:14,13.29481,4.306134,12.19792,12.18981,12.25347,12.12789,12.18981,-0.6278935,6.539357E-02,153.2986,191.7209,193.9996,190.6467,189.3338,189.3772,75.01086,143.9019,1,-3.240741,-0.8716725,0.1338252,0,8731.052
1/8/2026,21:47:14,13.26497,4.301505,12.19213,12.18924,12.25231,12.1331,12.14468,-0.6261574,0.0636574,153.2227,191.5907,193.9779,190.7878,189.5182,188.9323,75.34722,143.8151,1,-3.244474,-0.8716725,0.1338252,0,8731.052
1/8/2026,21:48:14,13.27944,4.297454,12.18461,12.1794,12.24479,12.13079,12.13021,-0.625,6.481481E-02,153.2878,191.5148,194.0864,190.7552,189.605,188.737,75.29297,143.533,1,-3.248208,-0.8716725,0.1338252,0,8731.052
1/8/2026,21:49:14,13.25503,4.292245,12.17998,12.17361,12.23438,12.13484,12.12269,-0.6273148,0.0636574,153.2878,191.5039,194.0213,190.7769,189.5833,188.6502,75.50999,143.2726,0,-3.244474,-0.8752894,0.1374421,0,8731.052
1/8/2026,21:50:14,13.25503,4.274305,12.14873,12.12789,12.18461,12.09433,12.09259,-0.5954861,6.423616E-02,153.3637,191.7318,194.1298,191.0156,189.8112,188.878,77.38715,142.7951,0,-3.248208,6.365741,0.141059,0,8731.052
1/8/2026,21:51:14,13.24689,4.188079,12.14757,12.12616,12.18808,12.09259,12.09028,-0.5700232,0.0636574,153.1575,191.862,194.1081,190.9722,189.7352,188.8889,80.13238,142.3611,0,-3.248208,11.79471,0.141059,0,8731.052
1/8/2026,21:52:14,13.23333,4.04919,12.14005,12.11921,12.17651,12.08102,12.07986,-0.542824,6.481481E-02,152.6367,191.7426,194.1081,190.9831,189.7135,188.878,82.7474,141.9488,0,-3.248208,17.71195,0.141059,0,8731.052
1/8/2026,21:53:14,13.23513,3.854167,12.13657,12.12153,12.17882,12.08218,12.0787,-0.5173611,0.0625,151.9206,191.7752,194.1189,190.9831,189.6918,188.8021,84.62457,141.5473,0,-3.248208,20.24739,0.1374421,0,8731.052
1/8/2026,21:54:14,13.25051,3.625,12.14063,12.12905,12.18808,12.08738,12.08276,-0.4913194,6.481481E-02,150.8355,191.6341,194.1189,190.9397,189.6701,188.6936,85.92665,141.1567,0,-3.248208,23.60388,0.1265914,0,8731.052
1/8/2026,21:55:14,13.23333,3.35706,12.12847,12.11516,12.17361,12.07581,12.07407,-0.4606481,6.423616E-02,149.3815,191.7535,194.0864,190.9614,189.7244,188.7153,87.13108,140.7878,0,-3.248208,29.24986,0.141059,0,8731.052
1/8/2026,21:56:14,13.24237,3.110532,12.13252,12.12847,12.19097,12.0816,12.08044,-0.4074074,6.307876E-02,147.602,191.6124,194.1298,190.9614,189.7244,188.7261,88.05338,140.625,0,-3.248208,33.18866,0.1338252,0,8731.052
1/8/2026,21:57:14,13.23604,2.878472,12.12731,12.12731,12.18692,12.08044,12.07755,-0.359375,6.307876E-02,145.7248,191.5256,194.0104,190.9614,189.7461,188.7261,89.37717,140.4622,0,-3.248208,40.3899,0.1338252,0,8731.052
1/8/2026,21:58:14,13.23152,2.668403,12.12326,12.125,12.18981,12.07986,12.0787,-0.3113426,6.423616E-02,143.826,191.645,194.0321,190.9288,189.7461,188.6393,91.08073,140.2235,0,-3.248208,45.92737,0.1374421,0,8731.052
1/8/2026,21:59:14,13.23966,2.472222,12.10359,12.0978,12.1603,12.06134,12.06366,-0.2621528,0.0636574,141.8511,191.4388,194.1623,190.9397,189.7352,188.737,92.96875,140.0716,0,-3.248208,50.96571,0.1374421,0,8731.052
1/8/2026,22:00:14,13.18902,2.293403,12.1088,12.11806,12.18287,12.07523,12.07176,-0.2210648,6.423616E-02,139.9088,191.4279,194.0321,190.9397,189.7786,188.6502,93.83681,139.8221,0,-3.248208,58.11632,0.1302083,0,8731.052
1/8/2026,22:01:14,13.26588,2.131944,12.10532,12.11343,12.18171,12.07465,12.07118,-0.1753472,6.481481E-02,138.2487,191.4388,194.043,190.9071,189.7895,188.5851,95.04124,139.464,0,-3.248208,62.36979,0.141059,0,8731.052
1/8/2026,22:02:14,13.14742,1.979745,12.0897,12.09259,12.15972,12.06076,12.06134,-0.1359954,6.423616E-02,136.4692,191.4171,193.9236,190.8963,189.7786,188.6393,97.25477,139.1276,0,-3.248208,65.88903,0.141059,0,8731.052
1/8/2026,22:03:14,13.23513,1.839699,12.08391,12.08623,12.15741,12.05845,12.05903,-0.0931713,6.481481E-02,134.7222,191.4279,193.9345,190.8963,189.7678,188.5525,98.51345,138.9974,0,-3.251941,65.88542,0.141059,0,8731.052
1/8/2026,22:04:14,13.2279,1.710648,12.07581,12.08507,12.15509,12.05787,12.05729,-0.0451389,6.481481E-02,132.921,191.4063,193.9236,190.8529,189.822,188.5417,99.62023,138.6285,0,-3.251941,65.8818,0.1229745,0,8731.052
1/8/2026,22:05:14,13.24689,1.593171,12.06944,12.07755,12.15451,12.05671,12.05556,-1.041669E-02,6.539357E-02,131.2608,191.3194,193.9236,190.8963,189.8329,188.4549,100.7378,138.0751,0,-3.251941,65.87818,0.1446759,0,8731.052
1/8/2026,22:06:14,13.24418,1.487268,12.0625,12.07465,12.15451,12.05613,12.05556,2.835643E-02,6.539357E-02,129.7635,191.3086,193.9236,190.8529,189.8438,188.5308,101.8772,137.5868,0,-3.248208,65.87457,0.1338252,0,8731.052
1/8/2026,22:07:14,13.23423,1.38831,12.05845,12.0706,12.15625,12.05556,12.05613,6.828701E-02,6.423616E-02,128.3095,191.2218,193.9236,190.8637,189.8329,188.4223,102.6801,137.0985,0,-3.251941,65.87457,0.1338252,0,8731.052
1/8/2026,22:08:14,13.22428,1.304398,12.05324,12.06655,12.15625,12.05498,12.05382,0.103588,0.0636574,126.9423,191.2218,193.8368,190.8637,189.8329,188.444,103.5156,136.0569,0,-3.251941,65.87457,0.141059,0,8731.052
1/8/2026,22:09:14,13.19897,1.228588,12.04688,12.0625,12.15162,12.05382,12.05498,0.1417824,6.481481E-02,125.5968,191.352,193.8368,190.8637,189.8329,188.3355,104.3077,134.6571,0,-3.251941,65.87095,0.1374421,0,8731.052
1/8/2026,22:10:14,13.27311,1.145833,12.03993,12.06713,12.15972,12.05382,12.05613,0.177662,6.481481E-02,124.5226,191.2326,193.826,190.8746,189.8655,188.3464,105.23,133.4418,0,-3.248208,65.87095,0.1374421,0,8731.052
1/8/2026,22:11:14,13.23333,1.07581,12.0353,12.05498,12.15509,12.0544,12.05498,0.2112268,6.481481E-02,123.3507,191.0916,193.9345,190.8637,189.8655,188.3464,106.0438,132.6714,0,-3.251941,65.86733,0.141059,0,8731.052
1/8/2026,22:12:14,13.23785,1.012153,12.03009,12.05208,12.15509,12.05324,12.05556,0.245949,6.423616E-02,122.1137,191.1133,193.9453,190.8637,189.8763,188.3572,106.8034,132.0204,0,-3.251941,65.86733,0.1446759,0,8731.052
1/8/2026,22:13:14,13.24056,0.9542824,12.02431,12.04919,12.15451,12.05324,12.05613,0.269676,6.423616E-02,121.1697,190.9939,193.8368,190.8746,189.9197,188.3464,107.3676,131.4887,0,-3.248208,65.86733,0.141059,0,8731.052
1/8/2026,22:14:14,13.24689,0.9016204,12.01736,12.04282,12.15394,12.05266,12.05556,0.2951388,6.539357E-02,120.1063,191.1133,193.7392,190.8746,189.9197,188.3572,108.2248,131.0004,0,-3.251941,65.86733,0.1338252,0,8731.052
1/8/2026,22:15:14,13.24056,0.8547454,12.01099,12.04109,12.15336,12.0544,12.05671,0.324074,6.539357E-02,119.1732,191.1133,193.7392,190.8746,189.9523,188.3681,108.8867,130.6207,0,-3.251941,65.86733,0.1338252,0,8731.052
1/8/2026,22:16:14,13.23785,0.8252314,11.93692,12.01852,12.13484,12.04456,12.0463,0.3449074,6.597221E-02,118.1966,190.9722,193.5872,190.6793,189.7027,187.9774,109.8524,130.306,0,-3.251941,13.74421,0.141059,0,8731.052
1/8/2026,22:17:14,13.24418,0.7945602,11.67419,11.95081,12.06366,11.99942,12.0081,0.4045138,6.481481E-02,117.5564,190.7335,193.7392,190.9071,189.9306,188.1836,112.0985,129.8828,0,-3.251941,9.42202,18.82957,0,8731.052
1/8/2026,22:18:14,13.25322,0.7372686,11.31597,12.01273,12.1412,12.0463,12.04688,0.5069444,6.481481E-02,116.9488,189.8655,193.7392,190.918,189.9848,188.3138,111.6753,129.4922,0,-3.251941,12.89786,39.88715,0,8731.052
1/8/2026,22:19:14,13.25141,0.662037,11.00174,11.99769,12.12731,12.03762,12.04167,0.5931712,6.481481E-02,115.9939,188.6936,193.75,190.8963,189.9848,188.227,113.5417,129.1124,0,-3.251941,9.765625,39.86907,0,8731.052
1/8/2026,22:20:14,13.25684,0.5769676,10.6956,11.97917,12.11111,12.02894,12.03241,0.6707176,0.0636574,114.8546,187.717,193.7392,190.8963,189.9848,188.3029,115.0933,128.7435,0,-3.251941,12.44936,74.03067,0,8731.052
1/8/2026,22:21:14,13.26407,0.488426,10.36401,11.98148,12.11863,12.03183,12.03646,0.7633102,6.423616E-02,113.3898,186.4366,193.6198,190.9071,189.9848,188.1944,116.5256,128.3529,0,-3.251941,11.76215,74.07046,0,8731.052
1/8/2026,22:22:14,13.27492,0.4155092,10.14294,11.98843,12.13368,12.03819,12.04282,0.8159722,0.0625,111.5885,185.178,193.533,190.6684,189.7135,187.8798,117.2635,128.1576,0,-3.248208,9.320746,93.68851,0,8731.052
1/8/2026,22:23:14,13.28215,0.3524306,9.881945,12.00579,12.15799,12.05324,12.0544,0.8819444,6.423616E-02,110.2756,184.3858,193.7175,190.8854,189.9631,188.1944,117.0464,127.8646,0,-3.251941,10.97005,99.76128,0,8731.052
1/8/2026,22:24:14,13.30566,0.2951388,9.670717,11.99421,12.14873,12.04803,12.05324,0.9340278,0.0636574,108.7782,183.5178,193.6957,190.8312,189.9631,188.151,118.023,127.5499,0,-3.251941,9.201388,99.76852,0,8731.052
1/8/2026,22:25:14,13.29572,0.254051,9.388889,12.0081,12.16724,12.06134,12.06134,1.016204,6.539357E-02,107.4761,182.5412,193.7175,190.8963,190.0282,188.2378,118.967,127.2678,0,-3.251941,12.4566,99.76852,0,8731.052
1/8/2026,22:26:14,13.30385,0.2164352,9.109375,11.99884,12.16088,12.0544,12.05729,1.096643,6.481481E-02,106.2283,181.3694,193.6957,190.8312,189.9848,188.2162,120.4644,127.0616,0,-3.251941,12.60127,99.77214,0,8731.052
1/8/2026,22:27:14,13.30024,0.1822916,8.748842,11.99653,12.16262,12.05382,12.05613,1.206597,6.423616E-02,105.1324,180.2192,193.7175,190.8312,189.9848,188.2053,121.7339,126.7036,0,-3.251941,16.16754,99.77575,0,8731.052
1/8/2026,22:28:14,13.32737,0.1585648,8.428241,12.01447,12.18519,12.06829,12.06887,1.318866,0.0636574,104.2426,178.852,193.6306,190.8746,190.0608,188.3138,122.819,126.3563,0,-3.251941,14.99566,99.77575,0,8731.052
1/8/2026,22:29:14,13.40422,0.1359954,8.040509,11.98438,12.16088,12.05208,12.0544,1.436342,6.481481E-02,103.4722,177.4197,193.7066,190.8312,190.0174,188.0968,124.7938,126.02,0,-3.255675,18.03024,99.77575,0,8731.052
1/8/2026,22:30:14,13.27582,0.119213,7.722801,11.97454,12.15162,12.04688,12.05035,1.537037,6.423616E-02,102.691,175.9006,193.5872,190.7444,189.9631,188.1836,126.2912,125.6945,0,-3.255675,15.80585,99.77937,0,8731.052
1/8/2026,22:31:14,13.43316,0.1099538,7.37963,11.97974,12.16435,12.05324,12.05787,1.649884,0.0636574,102.1267,174.6636,193.6089,190.8637,190.0499,188.1293,127.3329,125.3472,0,-3.251941,19.13339,99.77937,0,8731.052
1/8/2026,22:32:14,13.39518,0.1030092,7.046875,12,12.18692,12.06539,12.06771,1.769097,0.0636574,101.7253,173.5243,193.7392,190.8746,190.0933,188.2053,128.3312,125.0108,0,-3.255675,17.67216,99.77937,0,8731.052
1/8/2026,22:33:14,13.37529,0.0949074,6.795139,11.99074,12.1794,12.0625,12.06076,1.861111,6.423616E-02,101.4106,172.4392,193.6306,190.8637,190.0933,188.2921,129.5139,124.6962,0,-3.255675,17.24899,99.77937,0,8731.052
1/8/2026,22:34:14,13.38162,9.201384E-02,6.498264,11.99074,12.18345,12.06481,12.06539,1.961806,6.481481E-02,101.0959,171.7773,193.6306,190.8854,190.115,188.3138,130.5447,124.4358,0,-3.255675,17.67578,99.77937,0,8731.052
1/8/2026,22:35:14,13.40965,8.854163E-02,6.253472,11.97106,12.16724,12.05382,12.05613,2.045717,6.481481E-02,100.7487,171.4952,193.5113,190.8637,190.0933,188.2813,132.0964,124.0343,0,-3.255675,18.00492,99.77937,0,8731.052
1/8/2026,22:36:14,13.4205,8.622682E-02,5.925347,11.95486,12.15104,12.04514,12.04688,2.170717,6.481481E-02,100.6076,171.2348,193.5981,190.8095,190.0391,188.2053,133.4961,123.7522,0,-3.251941,20.55483,99.78298,0,8731.052
1/8/2026,22:37:14,13.38885,8.680558E-02,5.646412,11.97512,12.17998,12.06134,12.06076,2.277778,6.539357E-02,100.4666,170.9744,193.6198,190.8637,190.115,188.3029,133.8216,123.4809,0,-3.251941,20.37037,99.78298,0,8731.052
1/8/2026,22:38:14,13.463,8.854163E-02,5.273148,11.9728,12.17708,12.05903,12.05961,2.416088,0.0636574,100.2496,170.638,193.5221,190.8312,190.115,188.3138,135.2756,123.2205,0,-3.255675,25.37254,99.78298,0,8731.052
1/8/2026,22:39:14,13.45396,8.449078E-02,4.943866,11.93981,12.14526,12.03819,12.04051,2.568287,0.0636574,100.1736,169.8676,193.4679,190.7769,189.9957,188.1077,137.2179,122.8733,0,-3.255675,24.79384,99.78298,0,8731.052
1/8/2026,22:40:14,13.41598,8.391201E-02,4.619792,11.91898,12.12384,12.02315,12.02951,2.708912,0.0636574,100.0543,169.2491,193.5872,190.7661,189.9957,188.0317,138.7261,122.6671,0,-3.255675,31.71658,99.78298,0,8731.052
1/8/2026,22:41:14,13.43316,8.564818E-02,4.350116,11.96644,12.1794,12.05498,12.05671,2.842592,6.539357E-02,100.1411,168.7175,193.5221,190.8203,190.1259,188.3029,139.2036,122.385,0,-3.251941,37.94849,99.78661,0,8731.052
1/8/2026,22:42:14,13.43497,8.449078E-02,4.10243,11.95486,12.17188,12.05093,12.05266,2.962963,6.539357E-02,100.0434,168.099,193.4028,190.8312,190.1259,188.3029,140.3212,122.0269,0,-3.255675,43.42086,99.78661,0,8731.052
1/8/2026,22:43:14,13.41508,8.391201E-02,3.896991,11.9294,12.1441,12.03472,12.03646,3.0625,6.481481E-02,99.9132,167.6649,193.3811,190.7661,190.0608,188.2487,141.7643,121.7448,0,-3.255675,50.48104,99.78661,0,8731.052
1/8/2026,22:44:14,13.43497,8.564818E-02,3.740741,11.95139,12.17072,12.05035,12.05035,3.137732,6.481481E-02,99.9566,167.2743,193.4136,190.8095,190.1259,188.3355,141.9162,121.441,0,-3.255675,55.04919,99.78661,0,8731.052
1/8/2026,22:45:14,13.41146,6.018519E-02,3.58044,11.87442,12.09896,11.98495,11.98264,3.155671,6.481481E-02,98.29644,165.1476,191.786,189.0082,187.8798,185.8181,142.5564,121.0612,0,-3.255675,59.64988,99.78661,0,8731.052
1/8/2026,22:46:14,13.42321,8.449078E-02,3.527199,11.91956,12.1441,12.03067,12.03183,3.239005,6.423616E-02,99.80469,166.4714,193.5004,190.7661,190.0933,188.1727,143.5113,120.7248,0,-3.255675,65.49117,99.78661,0,8731.052
1/8/2026,22:47:14,13.42321,8.449078E-02,3.483218,11.94097,12.17014,12.04398,12.04572,3.26331,6.481481E-02,99.67448,166.1675,193.1858,190.5382,189.7569,187.8472,143.2943,120.5295,0,-3.255675,24.24768,99.78661,0,8731.052
1/8/2026,22:48:14,12.63835,8.333337E-02,3.483796,11.87153,12.09259,12.00174,12.00694,3.289352,0.0636574,97.97092,166.1024,193.2834,190.625,189.8546,187.9449,146.2457,120.2474,0,16.29704,-0.745081,35.30093,3.450958,8731.063
1/8/2026,22:49:14,13.4639,8.449078E-02,3.490741,11.89757,12.12616,12.01968,12.02083,3.377315,6.597221E-02,95.12804,165.9505,193.2834,190.5816,189.8546,187.8364,145.4319,119.9436,0,16.30078,-0.7523148,0.10489,3.557857,8731.124
1/8/2026,22:50:14,13.22609,8.564818E-02,3.495949,11.89873,12.12847,12.01794,12.02083,3.469329,0.0636574,92.41537,165.7118,193.2834,190.6033,189.8546,187.9557,146.2565,119.6615,0,16.03943,-0.7631655,9.403935E-02,3.403193,8731.182
1/8/2026,22:51:14,13.14742,8.506942E-02,3.501157,11.88715,12.11979,12.01157,12.01563,3.556134,6.539357E-02,90.10416,165.3971,193.2726,190.5816,189.8546,187.9449,146.9835,119.401,0,16.03943,-0.7703993,0.1157407,3.300583,8731.237
1/8/2026,22:52:14,13.17998,8.391201E-02,3.504051,11.88194,12.11863,12.00868,12.01099,3.656829,6.597221E-02,88.34635,165.1042,193.1532,190.6033,189.8655,187.8364,147.7214,118.9019,0,16.96162,-0.7667824,0.1302083,3.628976,8731.294
1/8/2026,22:53:14,13.19083,8.506942E-02,3.506945,11.875,12.11401,12.00752,12.0081,3.751157,6.539357E-02,87.08767,164.8329,193.1641,190.5708,189.8763,187.934,148.2313,118.5655,0,16.96162,-0.7703993,0.1229745,3.654545,8731.355
1/8/2026,22:54:14,12.75861,8.506942E-02,3.511574,11.88194,12.12037,12.00752,12.00984,3.873843,6.423616E-02,85.81815,164.5616,193.1749,190.5708,189.8871,187.9666,149.5009,118.2509,0,21.18429,-0.7776331,0.141059,4.878492,8731.422
1/8/2026,22:55:14,13.04073,8.449078E-02,3.509838,11.86921,12.11053,11.99826,12.00521,4.03125,6.307876E-02,84.84158,164.3446,193.1641,190.5165,189.8438,187.9449,150.5859,117.9579,0,21.18429,-0.7740162,0.1338252,5.085443,8731.506
1/8/2026,22:56:14,12.43761,8.449078E-02,3.511574,11.86516,12.11169,11.99826,12.00289,4.186921,0.0636574,83.94097,164.0191,193.0664,190.5273,189.8004,187.9557,151.5625,117.7626,0,25.66831,-0.7703993,0.1374421,6.230697,8731.591
1/8/2026,22:57:14,12.67994,8.449078E-02,3.51331,11.86227,12.10648,11.99595,11.99884,4.40162,6.481481E-02,82.8993,163.6827,193.0664,190.5273,189.7895,187.9449,153.1467,117.3828,0,25.66831,-0.7740162,0.1338252,6.652171,8731.698
1/8/2026,22:58:14,12.33724,8.449078E-02,3.513889,11.85706,12.10474,11.9919,11.99537,4.618634,6.481481E-02,82.0855,163.3572,193.0447,190.5056,189.8112,187.9232,154.4271,117.1441,0,28.97626,-0.7740162,0.1374421,6.55266,8731.81
1/8/2026,22:59:14,12.14645,8.391201E-02,3.516782,11.84954,12.10127,11.98611,11.99132,4.900463,0.0636574,81.19575,163.0534,192.9904,190.3971,189.6701,187.8038,156.0547,116.9162,0,30.42115,-0.7740162,0.141059,8.12387,8731.939
1/8/2026,23:00:14,12.26128,8.333337E-02,3.516204,11.84433,12.09606,11.98322,11.98901,5.182292,6.423616E-02,80.4145,162.8364,192.9796,190.3537,189.6701,187.793,157.845,116.6341,0,30.42115,-0.7740162,0.141059,8.153561,8732.073
1/8/2026,23:01:14,11.38057,8.275461E-02,3.515625,11.83449,12.08507,11.97801,11.9838,5.51794,6.423616E-02,79.6875,162.4132,192.8602,190.3646,189.6484,187.7062,159.7765,116.3086,0,35.17398,-0.7740162,0.141059,9.171801,8732.226
1/8/2026,23:02:14,11.50897,8.275461E-02,3.515046,11.82639,12.08102,11.97338,11.97685,5.865741,6.539357E-02,79.06901,162.2938,192.8711,190.3537,189.6267,187.5651,161.697,116.1024,0,35.17025,-0.7740162,0.1265914,9.215841,8732.378
1/8/2026,23:03:14,9.561271,8.333337E-02,3.515625,11.82292,12.07755,11.97222,11.97685,6.285301,6.481481E-02,78.33116,162.0877,192.9796,190.3537,189.6267,187.7062,163.4006,115.7661,0,48.63351,-0.7740162,0.1374421,10.13281,8732.549
1/8/2026,23:04:14,9.484411,8.275461E-02,3.513889,11.81713,12.07639,11.96586,11.97164,6.674768,6.597221E-02,77.72353,161.8815,192.9796,190.3754,189.6593,187.6845,166.1024,115.4297,0,48.63725,-0.7703993,0.1302083,9.605824,8732.71
1/8/2026,23:05:14,8.983471,8.275461E-02,3.515046,11.81539,12.07813,11.96238,11.96817,7.087384,6.481481E-02,77.08334,161.556,192.7517,190.3212,189.6267,187.576,168.5872,115.191,0,62.76135,-0.7740162,0.1446759,9.813129,8732.874
1/8/2026,23:06:14,9.225802,8.217597E-02,3.514468,11.81192,12.07581,11.95833,11.96181,7.481482,0.0636574,76.55165,161.4475,192.73,190.3103,189.605,187.6845,173.329,114.9848,0,62.76135,-0.7703993,0.1302083,9.561313,8733.034
1/8/2026,23:07:14,9.327076,8.159721E-02,3.515625,11.80324,12.06887,11.95255,11.95486,7.898149,6.307876E-02,75.8138,161.1111,192.8494,190.3537,189.5725,187.5542,175.0542,114.681,0,77.0236,-0.7740162,0.141059,9.729434,8733.194
1/8/2026,23:08:14,9.633608,8.275461E-02,3.510417,11.79514,12.06539,11.94676,11.95313,8.32118,6.481481E-02,75.31467,160.9158,192.7409,190.3212,189.5833,187.5434,172.9167,114.4314,0,77.01987,-0.7703993,0.141059,9.503898,8733.354
1/8/2026,23:09:14,9.936523,8.275461E-02,3.51331,11.7963,12.07176,11.94734,11.95197,8.746528,6.481481E-02,74.79384,160.6988,192.7192,190.2669,189.5616,187.4892,175.9332,114.1602,0,91.53973,-0.7740162,0.1374421,9.57338,8733.513
1/8/2026,23:10:14,10.27742,8.333337E-02,3.512732,11.79282,12.06829,11.94097,11.94618,9.186342,6.423616E-02,74.35981,160.4926,192.7517,190.2669,189.5508,187.4783,177.6801,113.9323,0,91.53973,-0.7740162,0.1338252,9.403193,8733.671
1/8/2026,23:11:14,10.64905,8.333337E-02,3.510995,11.78588,12.06713,11.93866,11.94155,9.63368,6.423616E-02,73.84983,160.1563,192.7517,190.3103,189.5074,187.4783,179.9262,113.7587,0,91.53973,-0.7740162,0.141059,9.307937,8733.826
1/8/2026,23:12:14,11.94571,8.217597E-02,3.508102,11.77604,12.0544,11.93056,11.93403,10.00868,6.307876E-02,73.31815,160.1671,192.7517,190.3212,189.5182,187.4892,181.3368,113.5525,0,40.18817,-0.7703993,0.1374421,7.61874,8733.972
1/8/2026,23:13:14,12.45208,8.217597E-02,3.508102,11.77026,12.05093,11.92593,11.92824,10.39294,6.307876E-02,72.79731,159.8524,192.6432,190.2886,189.5291,187.3698,182.5304,113.303,0,40.18444,-0.7740162,0.1446759,8.041576,8734.107
1/8/2026,23:14:14,12.43761,8.275461E-02,3.505787,11.76331,12.04977,11.9213,11.92303,10.75058,6.423616E-02,72.36328,159.7331,192.6324,190.2669,189.5074,187.3698,183.9952,113.0208,0,40.18817,-0.7703993,0.1374421,7.331226,8734.233
1/8/2026,23:15:14,12.58319,8.333337E-02,3.503472,11.76042,12.04745,11.91551,11.91782,11.08681,6.481481E-02,71.99435,159.4184,192.5347,190.2344,189.5182,187.3589,185.4058,112.6628,0,40.18817,-0.7703993,0.1374421,7.000048,8734.354
1/8/2026,23:16:14,12.67813,8.333337E-02,3.503472,11.75579,12.04572,11.91088,11.91204,11.41146,6.423616E-02,71.70139,159.3208,192.5456,190.2344,189.4965,187.3589,186.4366,112.5109,0,40.18444,-0.7667824,0.141059,6.547908,8734.467
1/8/2026,23:17:14,12.79387,8.217597E-02,3.501157,11.75231,12.03935,11.90567,11.90799,11.70023,6.481481E-02,71.21311,159.1037,192.6324,190.191,189.4857,187.4675,187.424,112.1528,0,40.18444,-0.7703993,0.141059,6.097322,8734.571
1/8/2026,23:18:14,12.88701,8.275461E-02,3.498843,11.74421,12.03704,11.90046,11.90567,11.97801,0.0636574,70.80078,158.865,192.5456,190.2452,189.4531,187.3698,188.954,111.8381,0,40.18444,-0.7703993,0.1338252,5.643161,8734.669
1/8/2026,23:19:14,12.97653,8.391201E-02,3.497107,11.73785,12.03646,11.89641,11.90046,12.23032,6.481481E-02,70.46441,158.6697,192.5347,190.2127,189.4206,187.3589,189.5833,111.6102,0,40.1807,-0.7703993,0.1374421,5.140593,8734.76
1/8/2026,23:20:14,13.05067,8.217597E-02,3.497685,11.73958,12.03935,11.89583,11.89815,12.45833,6.481481E-02,70.18229,158.4527,192.4262,190.2018,189.4206,187.3698,191.1675,111.3715,0,40.18444,-0.7740162,0.1338252,4.679821,8734.842
1/8/2026,23:21:14,13.12663,8.391201E-02,3.493055,11.72859,12.03125,11.88773,11.88889,12.65046,6.423616E-02,69.86762,158.2574,192.5347,190.1693,189.4206,187.1636,191.5148,111.122,0,40.18444,-0.7740162,0.1446759,4.188821,8734.915
1/8/2026,23:22:14,13.11126,8.275461E-02,3.492477,11.72743,12.03588,11.95486,11.97222,12.69097,0.0636574,69.5638,158.0404,192.4262,190.2127,189.4531,187.2613,192.1441,110.8724,0,40.18444,-0.7740162,0.141059,4.004184,8734.982
1/8/2026,23:23:14,13.11759,8.275461E-02,3.490162,11.7228,12.03299,12.04398,12.07407,12.70544,0.0636574,69.23828,157.8017,192.4371,190.1801,189.7244,187.4783,192.0573,110.6988,0,40.18444,-0.7740162,0.1265914,3.961403,8735.05
1/8/2026,23:24:14,13.14923,8.275461E-02,3.48669,11.71817,12.02894,12.13021,12.16898,12.74363,0.0636574,69.03212,157.6063,192.4262,190.1693,190.0608,187.9123,192.6975,110.4275,0,40.18444,-0.7740162,0.1374421,3.905891,8735.115
1/8/2026,23:25:14,13.66645,8.101857E-02,3.48669,11.71412,12.02546,12.20718,12.25463,12.58507,0.0636574,68.58724,157.3785,192.4371,190.1693,190.408,188.227,190.9397,109.7548,0,-3.222073,-0.7740162,0.141059,0,8735.146
1/8/2026,23:26:14,13.52991,8.101857E-02,3.482639,11.70776,12.02257,12.2662,12.31887,12.39352,6.423616E-02,68.26172,157.2808,192.4262,190.1584,190.7118,188.4332,190.9614,109.5703,0,-3.22954,-0.7740162,0.1446759,0,8735.146
1/8/2026,23:27:14,13.30476,8.217597E-02,3.481482,11.70313,12.01794,12.31192,12.35995,12.24711,6.481481E-02,67.94704,157.053,192.3177,190.1259,190.9614,188.6936,190.0933,109.6788,0,-3.240741,-0.7740162,0.141059,0,8735.146
1/8/2026,23:28:14,13.42502,8.043981E-02,3.478009,11.69444,12.01505,12.34375,12.38426,12.16782,0.0636574,67.65408,156.8468,192.3394,190.1259,191.135,188.9323,190.191,109.7439,0,-3.248208,-0.7740162,0.1338252,0,8735.146
1/8/2026,23:29:14,13.46842,8.275461E-02,3.476273,11.68981,12.01273,12.36285,12.38947,12.11401,6.423616E-02,67.32856,156.6189,192.3286,190.115,191.2435,188.8346,189.7678,109.5161,0,-3.248208,-0.7776331,0.1446759,0,8735.146
1/8/2026,23:30:14,13.40332,8.101857E-02,3.47338,11.68345,12.00868,12.37326,12.38484,12.09317,6.481481E-02,67.1224,156.5213,192.4262,190.0933,191.3628,188.954,189.5291,109.1254,0,-3.251941,-0.7740162,0.1374421,0,8735.146
1/8/2026,23:31:14,13.47023,8.217597E-02,3.470486,11.67998,12.00637,12.37269,12.37963,12.08796,0.0636574,66.78603,156.2934,192.3177,190.0933,191.3954,188.8455,189.1385,108.8542,0,-3.251941,-0.7740162,0.1338252,0,8735.146
1/8/2026,23:32:14,13.43678,8.159721E-02,3.470486,11.67361,12.00289,12.36921,12.37674,12.0787,6.423616E-02,66.49306,156.1849,192.3069,190.0933,191.3628,188.954,189.3121,108.6589,0,-3.251941,-0.7776331,0.141059,0,8735.146
1/8/2026,23:33:14,13.36444,8.159721E-02,3.467014,11.66782,12.00116,12.36458,12.37153,12.07465,6.423616E-02,66.2869,156.0981,192.2092,190.0933,191.3303,188.8563,189.2578,108.4527,0,-3.255675,-0.7740162,0.141059,0,8735.146
1/8/2026,23:34:14,13.46481,8.217597E-02,3.462384,11.66377,11.99711,12.36169,12.36979,12.07523,0.0636574,65.96137,155.8919,192.1224,190.0499,191.2869,188.8563,188.9214,108.138,0,-3.259408,-0.7740162,0.1446759,0,8735.146
1/8/2026,23:35:14,13.46933,8.159721E-02,3.46007,11.65856,11.99248,12.35764,12.36574,12.07002,6.423616E-02,65.64671,155.6641,192.2417,190.0499,191.2869,188.8455,188.8997,107.8342,0,-3.255675,-0.7740162,0.1374421,0,8735.146
1/8/2026,23:36:14,13.33008,8.217597E-02,3.456597,11.65394,11.99074,12.35532,12.36111,12.0706,6.481481E-02,65.36459,155.5881,192.22,190.0282,191.2435,188.8672,188.9648,107.628,0,-3.255675,-0.7740162,0.1302083,0,8735.146
1/8/2026,23:37:14,13.47114,8.159721E-02,3.454282,11.64641,11.98669,12.35069,12.35706,12.06366,6.481481E-02,65.03906,155.3711,192.2092,190.0608,191.2543,188.7587,188.9323,107.4327,0,-3.255675,-0.7740162,0.1374421,0,8735.146
1/8/2026,23:38:14,13.4413,8.217597E-02,3.451968,11.64005,11.98206,12.34896,12.35532,12.0625,6.481481E-02,64.82205,155.2734,192.22,190.0608,191.2543,188.7695,188.7695,107.1832,0,-3.255675,-0.7740162,0.1374421,0,8735.146
1/8/2026,23:39:14,13.3771,8.217597E-02,3.448495,11.63542,11.97917,12.34838,12.35474,12.06134,6.481481E-02,64.50738,155.1649,192.1115,190.0174,191.2435,188.661,188.8238,106.7817,0,-3.255675,-0.7740162,0.141059,0,8735.146
1/8/2026,23:40:14,13.47475,8.159721E-02,3.445602,11.63021,11.97743,12.34606,12.35359,12.06019,6.481481E-02,64.30122,155.0673,192.22,190.0174,191.2435,188.8563,188.9866,106.5321,0,-3.255675,-0.7740162,0.141059,0,8735.146
1/8/2026,23:41:14,13.39337,8.275461E-02,3.442708,11.62442,11.97396,12.35417,12.35301,12.05729,4.861116E-02,64.0625,154.872,192.0898,189.9957,191.2001,188.7478,188.8238,105.5556,1,-3.255675,-0.7740162,0.1374421,0,8735.146
1/8/2026,23:42:14,13.44491,8.159721E-02,3.436921,11.6169,11.97049,12.34838,12.35069,12.05208,-2.777779E-02,63.74783,154.7635,192.1115,189.9523,191.2001,188.7261,188.6176,102.1267,1,-3.255675,-0.7703993,0.141059,0,8735.146
1/8/2026,23:43:14,13.47114,8.217597E-02,3.435764,11.61169,11.96644,12.34606,12.34954,12.05671,-9.837961E-02,63.51997,154.579,192.0898,189.9523,191.1892,188.7153,188.4874,98.15539,1,-3.255675,-0.7703993,0.1302083,0,8735.146
1/8/2026,23:44:14,13.37891,8.159721E-02,3.430555,11.60764,11.96412,12.34144,12.34664,12.06019,-0.1626157,63.30295,154.4596,192.0898,189.9197,191.1892,188.7153,188.8129,95.10634,1,-3.255675,-0.7703993,0.1374421,0,8735.146
1/8/2026,23:45:14,13.42231,8.159721E-02,3.427662,11.60012,11.96065,12.34201,12.34549,12.05266,-0.2170139,63.02084,154.3511,191.9705,189.9089,191.1784,188.737,188.9431,92.67578,1,-3.251941,-0.7703993,0.1338252,0,8735.146
1/8/2026,23:46:14,13.47114,8.217597E-02,3.423611,11.59606,11.95776,12.34028,12.34491,12.05556,-0.2662037,62.80382,154.2318,192.0681,189.9089,191.1784,188.7153,189.1602,91.10242,1,-3.255675,-0.7703993,0.1338252,0,8735.146
1/8/2026,23:47:14,13.3771,8.043981E-02,3.422454,11.59028,11.9537,12.34028,12.34144,12.05613,-0.3101852,62.5217,154.1667,191.9813,189.9089,191.1784,188.7044,189.0625,90.06077,1,-3.255675,-0.7703993,0.1302083,0,8735.146
1/8/2026,23:48:14,13.45124,8.101857E-02,3.417824,11.58507,11.95081,12.34028,12.34028,12.05151,-0.349537,62.31554,153.9279,192.003,189.898,191.1892,188.7261,188.878,89.32291,1,-3.255675,-0.7703993,0.1302083,0,8735.146
1/8/2026,23:49:14,13.43406,8.217597E-02,3.413195,11.58333,11.94849,12.3397,12.33912,12.06019,-0.380787,62.10938,153.8194,191.9705,189.8546,191.1892,188.6176,188.9106,88.79123,1,-3.255675,-0.7740162,0.1265914,0,8735.146
1/8/2026,23:50:14,13.41327,8.159721E-02,3.41088,11.57407,11.94444,12.33854,12.33912,12.05729,-0.4131944,61.88151,153.7218,192.1007,189.8655,191.1784,188.7261,188.6502,88.3572,1,-3.255675,-0.7703993,0.1302083,0,8735.146
1/8/2026,23:51:14,13.43406,8.217597E-02,3.406829,11.56713,11.94039,12.33796,12.3397,12.05035,-0.4386574,61.57769,153.7218,191.9705,189.8763,191.1892,188.7261,188.9323,88.07509,1,-3.255675,-0.7703993,0.1374421,0,8735.146
1/8/2026,23:52:14,13.42864,8.159721E-02,3.403935,11.56308,11.93634,12.33623,12.33912,12.05382,-0.4606481,61.37152,153.5048,191.9813,189.8546,191.1784,188.7261,188.6285,87.71702,1,-3.255675,-0.7703993,0.1265914,0,8735.146
1/8/2026,23:53:14,13.41146,8.217597E-02,3.399884,11.55671,11.93287,12.33854,12.33912,12.05498,-0.4791667,61.27387,153.5048,191.8837,189.8329,191.2001,188.8346,188.8455,87.4566,1,-3.255675,-0.7703993,0.1265914,0,8735.146
1/8/2026,23:54:14,13.45124,8.333337E-02,3.396991,11.55093,11.92998,12.33796,12.33912,12.04919,-0.4965278,60.9592,153.2878,191.8728,189.8329,191.2001,188.7478,189.0191,87.20703,1,-3.255675,-0.7667824,0.1302083,0,8735.146
1/8/2026,23:55:14,13.41417,8.275461E-02,3.393518,11.54514,11.92708,12.33738,12.33912,12.05382,-0.5092592,60.76389,153.1901,191.8837,189.7895,191.1892,188.7261,188.7044,87.03342,1,-3.255675,-0.7740162,0.1193576,0,8735.146
1/8/2026,23:56:14,13.40513,8.159721E-02,3.388889,11.54167,11.92303,12.33681,12.33796,12.05151,-0.519676,60.66623,153.0708,191.786,189.7895,191.2001,188.7695,188.9431,86.90321,1,-3.255675,-0.7703993,0.1338252,0,8735.146
1/8/2026,23:57:14,13.43226,8.275461E-02,3.385417,11.5353,11.92072,12.33681,12.33854,12.05093,-0.5295139,60.47092,152.9731,191.7643,189.7569,191.2001,188.7261,188.9648,86.80556,1,-3.255675,-0.7703993,0.1265914,0,8735.146
1/8/2026,23:58:14,13.47656,8.159721E-02,3.38368,11.52951,11.91609,12.33565,12.33738,12.05208,-0.5347222,60.24305,152.8537,191.7752,189.7569,191.1892,188.7261,189.3121,86.7513,1,-3.255675,-0.7703993,0.1229745,0,8735.146
1/8/2026,23:59:14,13.3988,8.217597E-02,3.376736,11.52257,11.91262,12.33449,12.33681,12.04803,-0.5405092,60.05859,152.7452,191.7752,189.7678,191.1892,188.8346,188.7804,86.78386,1,-3.255675,-0.7740162,0.1265914,0,8735.146
